{
  "win000_tr20100101-20141231_te20150101-20150331_va20150401-20150630": {
    "cumulative_return_pct": 55.18428003456032,
    "annualized_return_pct": 560.8211031344827,
    "max_drawdown_pct": 14.642252995949223,
    "sharpe": 7.940028490397693,
    "win_rate_pct": 64.91228070175438,
    "profit_factor": 1.724028405513073
  },
  "win001_tr20100701-20150630_te20150701-20150930_va20151001-20151231": {
    "cumulative_return_pct": -71.30765618410402,
    "annualized_return_pct": -99.36986472810784,
    "max_drawdown_pct": 72.81684632736625,
    "sharpe": -0.6838389952473864,
    "win_rate_pct": 53.96825396825397,
    "profit_factor": 0.6422282365362721
  },
  "win002_tr20110101-20151231_te20160101-20160331_va20160401-20160630": {
    "cumulative_return_pct": -47.61151600378747,
    "annualized_return_pct": -93.37364701593764,
    "max_drawdown_pct": 49.13329440840553,
    "sharpe": -0.9000781279069229,
    "win_rate_pct": 45.76271186440678,
    "profit_factor": 0.6716120320555433
  },
  "win003_tr20110701-20160630_te20160701-20160930_va20161001-20161231": {
    "cumulative_return_pct": 45.59166987657065,
    "annualized_return_pct": 375.454847126746,
    "max_drawdown_pct": 25.037988835280323,
    "sharpe": 5.449954113835346,
    "win_rate_pct": 57.14285714285714,
    "profit_factor": 1.4676489775674122
  },
  "win004_tr20120101-20161231_te20170101-20170331_va20170401-20170630": {
    "cumulative_return_pct": 1.0425464086221181,
    "annualized_return_pct": 4.4504271734667755,
    "max_drawdown_pct": 16.396745054777405,
    "sharpe": 0.024520480125793515,
    "win_rate_pct": 59.32203389830508,
    "profit_factor": 1.0141471959855575
  },
  "win005_tr20120701-20170630_te20170701-20170930_va20171001-20171231": {
    "cumulative_return_pct": -34.6388316747898,
    "annualized_return_pct": -82.88124149613242,
    "max_drawdown_pct": 44.503938080430395,
    "sharpe": -1.2738155867207241,
    "win_rate_pct": 47.69230769230769,
    "profit_factor": 0.5814650905273829
  },
  "win006_tr20130101-20171231_te20180101-20180331_va20180401-20180630": {
    "cumulative_return_pct": -13.571235945137486,
    "annualized_return_pct": -45.790664889918,
    "max_drawdown_pct": 47.653219431492325,
    "sharpe": -0.5252394707955332,
    "win_rate_pct": 49.152542372881356,
    "profit_factor": 0.8636384350167369
  },
  "win007_tr20130701-20180630_te20180701-20180930_va20181001-20181231": {
    "cumulative_return_pct": -65.7459737885907,
    "annualized_return_pct": -98.82837433017015,
    "max_drawdown_pct": 65.80250631812648,
    "sharpe": -1.5719162369316353,
    "win_rate_pct": 32.8125,
    "profit_factor": 0.34282971437710563
  },
  "win008_tr20140101-20181231_te20190101-20190331_va20190401-20190630": {
    "cumulative_return_pct": -9.323152771173453,
    "annualized_return_pct": -34.00921322965558,
    "max_drawdown_pct": 38.94615785020666,
    "sharpe": -0.32875207168478243,
    "win_rate_pct": 44.827586206896555,
    "profit_factor": 0.9334466787455782
  },
  "win009_tr20140701-20190630_te20190701-20190930_va20191001-20191231": {
    "cumulative_return_pct": 11.15792080292264,
    "annualized_return_pct": 53.617791279960755,
    "max_drawdown_pct": 31.092754340630645,
    "sharpe": 0.860158819736887,
    "win_rate_pct": 56.25,
    "profit_factor": 1.1580961902477138
  },
  "win010_tr20150101-20191231_te20200101-20200331_va20200401-20200630": {
    "cumulative_return_pct": -53.448474154417056,
    "annualized_return_pct": -95.6626627018107,
    "max_drawdown_pct": 56.93412973183436,
    "sharpe": -0.7444761008708406,
    "win_rate_pct": 41.37931034482759,
    "profit_factor": 0.6627094426163996
  },
  "win011_tr20150701-20200630_te20200701-20200930_va20201001-20201231": {
    "cumulative_return_pct": -47.11507274402987,
    "annualized_return_pct": -92.46317079958915,
    "max_drawdown_pct": 51.518323969894155,
    "sharpe": -1.1782680905034246,
    "win_rate_pct": 46.15384615384615,
    "profit_factor": 0.5419327939494086
  },
  "win012_tr20160101-20201231_te20210101-20210331_va20210401-20210630": {
    "cumulative_return_pct": -2.082951303765201,
    "annualized_return_pct": -8.5519575425546,
    "max_drawdown_pct": 39.773882143095356,
    "sharpe": -0.1425572141709098,
    "win_rate_pct": 53.44827586206896,
    "profit_factor": 0.9786357651712615
  },
  "win013_tr20160701-20210630_te20210701-20210930_va20211001-20211231": {
    "cumulative_return_pct": -53.39448272233026,
    "annualized_return_pct": -95.48759392953491,
    "max_drawdown_pct": 64.02034301716239,
    "sharpe": -0.9042478179545267,
    "win_rate_pct": 38.095238095238095,
    "profit_factor": 0.664868864233106
  },
  "win014_tr20170101-20211231_te20220101-20220331_va20220401-20220630": {
    "cumulative_return_pct": -57.077717533098415,
    "annualized_return_pct": -97.24596333573342,
    "max_drawdown_pct": 59.87170041016151,
    "sharpe": -1.295830869883868,
    "win_rate_pct": 41.37931034482759,
    "profit_factor": 0.49004684235238416
  },
  "win015_tr20170701-20220630_te20220701-20220930_va20221001-20221231": {
    "cumulative_return_pct": -5.9556545566690735,
    "annualized_return_pct": -22.497537151376857,
    "max_drawdown_pct": 32.12095615784774,
    "sharpe": -0.29714236136211164,
    "win_rate_pct": 46.875,
    "profit_factor": 0.9613569523215523
  },
  "win016_tr20180101-20221231_te20230101-20230331_va20230401-20230630": {
    "cumulative_return_pct": -43.18220853831668,
    "annualized_return_pct": -90.6833975005378,
    "max_drawdown_pct": 48.89262589441571,
    "sharpe": -1.4980414325025446,
    "win_rate_pct": 37.28813559322034,
    "profit_factor": 0.5149304414650188
  },
  "win017_tr20180701-20230630_te20230701-20230930_va20231001-20231231": {
    "cumulative_return_pct": -3.5369122147415997,
    "annualized_return_pct": -14.030612261656684,
    "max_drawdown_pct": 33.04973010373984,
    "sharpe": -0.2606730803212137,
    "win_rate_pct": 56.25,
    "profit_factor": 0.9594127286643455
  },
  "win018_tr20190101-20231231_te20240101-20240331_va20240401-20240630": {
    "cumulative_return_pct": -22.504780407998677,
    "annualized_return_pct": -65.7117325764867,
    "max_drawdown_pct": 38.501329757657885,
    "sharpe": -0.9138798131283878,
    "win_rate_pct": 46.55172413793103,
    "profit_factor": 0.7866250958954132
  },
  "win019_tr20190701-20240630_te20240701-20240930_va20241001-20241231": {
    "cumulative_return_pct": 20.65124039816279,
    "annualized_return_pct": 114.23142959123456,
    "max_drawdown_pct": 32.80714713964977,
    "sharpe": 1.3176441185349057,
    "win_rate_pct": 53.96825396825397,
    "profit_factor": 1.2099980959013128
  },
  "win020_tr20200101-20241231_te20250101-20250331_va20250401-20250630": {
    "cumulative_return_pct": -38.54980215315239,
    "annualized_return_pct": -86.74891384762411,
    "max_drawdown_pct": 40.07960456301691,
    "sharpe": -1.245001597374838,
    "win_rate_pct": 40.35087719298245,
    "profit_factor": 0.6045783682735747
  },
  "win021_tr20200701-20250630_te20250701-20250930_va20251001-20251231": {
    "cumulative_return_pct": 26.91750461576183,
    "annualized_return_pct": 163.10242694879702,
    "max_drawdown_pct": 28.613108638347317,
    "sharpe": 1.9190983678301188,
    "win_rate_pct": 49.23076923076923,
    "profit_factor": 1.2338732621715967
  }
}