{
  "win000_tr20100101-20141231_te20150101-20150331_va20150401-20150630": {
    "cumulative_return_pct": -12.241308214283304,
    "annualized_return_pct": -42.942281988695186,
    "max_drawdown_pct": 30.282807960894143,
    "sharpe": -0.7743604861999782,
    "win_rate_pct": 50.877192982456144,
    "profit_factor": 0.8386848197726976
  },
  "win001_tr20100701-20150630_te20150701-20150930_va20151001-20151231": {
    "cumulative_return_pct": -11.419546099578298,
    "annualized_return_pct": -38.86644523966102,
    "max_drawdown_pct": 55.24572729831676,
    "sharpe": -0.2653948797725809,
    "win_rate_pct": 55.55555555555556,
    "profit_factor": 0.9484187968765087
  },
  "win002_tr20110101-20151231_te20160101-20160331_va20160401-20160630": {
    "cumulative_return_pct": -67.71021220979392,
    "annualized_return_pct": -99.13119914269346,
    "max_drawdown_pct": 68.2880703374563,
    "sharpe": -1.142256901265841,
    "win_rate_pct": 38.983050847457626,
    "profit_factor": 0.32627267375223074
  },
  "win003_tr20110701-20160630_te20160701-20160930_va20161001-20161231": {
    "cumulative_return_pct": -25.411716435353927,
    "annualized_return_pct": -70.38507080501111,
    "max_drawdown_pct": 48.34895835189336,
    "sharpe": -0.9455436913148871,
    "win_rate_pct": 47.61904761904761,
    "profit_factor": 0.7530479756496246
  },
  "win004_tr20120101-20161231_te20170101-20170331_va20170401-20170630": {
    "cumulative_return_pct": -35.9906973696139,
    "annualized_return_pct": -84.6342039179303,
    "max_drawdown_pct": 45.68743037183269,
    "sharpe": -1.2914757264323138,
    "win_rate_pct": 47.45762711864407,
    "profit_factor": 0.5381852163409763
  },
  "win005_tr20120701-20170630_te20170701-20170930_va20171001-20171231": {
    "cumulative_return_pct": -25.29852811226256,
    "annualized_return_pct": -70.19809417169822,
    "max_drawdown_pct": 34.3201955893029,
    "sharpe": -1.523039092980504,
    "win_rate_pct": 41.53846153846154,
    "profit_factor": 0.6932313565993451
  },
  "win006_tr20130101-20171231_te20180101-20180331_va20180401-20180630": {
    "cumulative_return_pct": 10.485306323529757,
    "annualized_return_pct": 51.986263522031415,
    "max_drawdown_pct": 41.649768831491116,
    "sharpe": 0.4932205552080343,
    "win_rate_pct": 47.45762711864407,
    "profit_factor": 1.0970572086064407
  },
  "win007_tr20130701-20180630_te20180701-20180930_va20181001-20181231": {
    "cumulative_return_pct": -53.61763955880014,
    "annualized_return_pct": -95.87736637832677,
    "max_drawdown_pct": 63.14004305365619,
    "sharpe": -1.2288226649886056,
    "win_rate_pct": 37.5,
    "profit_factor": 0.5852221882176121
  },
  "win008_tr20140101-20181231_te20190101-20190331_va20190401-20190630": {
    "cumulative_return_pct": -20.905343632464636,
    "annualized_return_pct": -63.06641678022557,
    "max_drawdown_pct": 39.04227569498108,
    "sharpe": -0.578151132134821,
    "win_rate_pct": 41.37931034482759,
    "profit_factor": 0.8491036058778889
  },
  "win009_tr20140701-20190630_te20190701-20190930_va20191001-20191231": {
    "cumulative_return_pct": -31.499774295966514,
    "annualized_return_pct": -78.46309081879068,
    "max_drawdown_pct": 35.236465433584925,
    "sharpe": -1.3886973912072549,
    "win_rate_pct": 42.1875,
    "profit_factor": 0.6811092475537524
  },
  "win010_tr20150101-20191231_te20200101-20200331_va20200401-20200630": {
    "cumulative_return_pct": 18.046826392068038,
    "annualized_return_pct": 97.56320124641019,
    "max_drawdown_pct": 45.177506226995405,
    "sharpe": 0.8958566907912403,
    "win_rate_pct": 50.0,
    "profit_factor": 1.0786063775569152
  },
  "win011_tr20150701-20200630_te20200701-20200930_va20201001-20201231": {
    "cumulative_return_pct": -26.494569735835015,
    "annualized_return_pct": -71.32656900583719,
    "max_drawdown_pct": 46.694713114681065,
    "sharpe": -0.8387865901427052,
    "win_rate_pct": 38.46153846153847,
    "profit_factor": 0.8323286188689949
  },
  "win012_tr20160101-20201231_te20210101-20210331_va20210401-20210630": {
    "cumulative_return_pct": -3.4766371706979347,
    "annualized_return_pct": -13.953628618580238,
    "max_drawdown_pct": 34.79721797762053,
    "sharpe": -0.16774654591977092,
    "win_rate_pct": 48.275862068965516,
    "profit_factor": 0.9734898735367701
  },
  "win013_tr20160701-20210630_te20210701-20210930_va20211001-20211231": {
    "cumulative_return_pct": -45.766874567826974,
    "annualized_return_pct": -91.65248316230523,
    "max_drawdown_pct": 56.03656604701411,
    "sharpe": -0.8854583507689497,
    "win_rate_pct": 44.44444444444444,
    "profit_factor": 0.6653111491542611
  },
  "win014_tr20170101-20211231_te20220101-20220331_va20220401-20220630": {
    "cumulative_return_pct": -11.203807218454266,
    "annualized_return_pct": -39.629331574691626,
    "max_drawdown_pct": 40.9141615191667,
    "sharpe": -0.493360713737838,
    "win_rate_pct": 51.724137931034484,
    "profit_factor": 0.8886054170207152
  },
  "win015_tr20170701-20220630_te20220701-20220930_va20221001-20221231": {
    "cumulative_return_pct": -36.157320025167245,
    "annualized_return_pct": -84.47254168935623,
    "max_drawdown_pct": 55.581437077045514,
    "sharpe": -0.9693084038584878,
    "win_rate_pct": 42.1875,
    "profit_factor": 0.64435164237857
  },
  "win016_tr20180101-20221231_te20230101-20230331_va20230401-20230630": {
    "cumulative_return_pct": -46.48148989083106,
    "annualized_return_pct": -92.75255449925146,
    "max_drawdown_pct": 50.847539236367865,
    "sharpe": -1.2131994790185066,
    "win_rate_pct": 35.59322033898305,
    "profit_factor": 0.5303166880418405
  },
  "win017_tr20180701-20230630_te20230701-20230930_va20231001-20231231": {
    "cumulative_return_pct": 6.260314540863153,
    "annualized_return_pct": 29.036668122579258,
    "max_drawdown_pct": 29.42107348474387,
    "sharpe": 0.36487859466112604,
    "win_rate_pct": 56.25,
    "profit_factor": 1.066447782207622
  },
  "win018_tr20190101-20231231_te20240101-20240331_va20240401-20240630": {
    "cumulative_return_pct": -52.73560700303985,
    "annualized_return_pct": -95.69865473802923,
    "max_drawdown_pct": 59.41070344896132,
    "sharpe": -1.1367612576946136,
    "win_rate_pct": 41.37931034482759,
    "profit_factor": 0.4742997546464877
  },
  "win019_tr20190701-20240630_te20240701-20240930_va20241001-20241231": {
    "cumulative_return_pct": 27.831938371238696,
    "annualized_return_pct": 170.88074028097614,
    "max_drawdown_pct": 35.169673396738844,
    "sharpe": 1.80157800464376,
    "win_rate_pct": 47.61904761904761,
    "profit_factor": 1.2008139619528284
  },
  "win020_tr20200101-20241231_te20250101-20250331_va20250401-20250630": {
    "cumulative_return_pct": -30.122031432721784,
    "annualized_return_pct": -77.40961243347428,
    "max_drawdown_pct": 42.19786153269319,
    "sharpe": -1.0359197002288774,
    "win_rate_pct": 35.08771929824561,
    "profit_factor": 0.7108485779439244
  },
  "win021_tr20200701-20250630_te20250701-20250930_va20251001-20251231": {
    "cumulative_return_pct": 54.037383364400974,
    "annualized_return_pct": 477.3635841700127,
    "max_drawdown_pct": 14.074358860156366,
    "sharpe": 7.297189243839029,
    "win_rate_pct": 55.38461538461539,
    "profit_factor": 1.5286922964848455
  }
}