{
  "size": 3,
  "models": "FiLM,FreTS,TimeMixer",
  "num_windows": 22,
  "mean_test_cumulative_return_pct": -4.16597968853618,
  "std_test_cumulative_return_pct": 53.13738942188732,
  "min_test_cumulative_return_pct": -69.92901973030905,
  "max_test_cumulative_return_pct": 134.50198523441824,
  "mean_test_annualized_return_pct": 262.2189274267426,
  "mean_test_max_drawdown_pct": 40.38910309363569,
  "mean_test_sharpe": 3.039069121006653,
  "mean_test_win_rate_pct": 46.29342105011343,
  "mean_test_profit_factor": 1.0108051284971775
}