{
  "win000_tr20100101-20141231_te20150101-20150331_va20150401-20150630": {
    "cumulative_return_pct": 45.44916320865215,
    "annualized_return_pct": 400.2414952276058,
    "max_drawdown_pct": 12.362550645094892,
    "sharpe": 7.344274790679643,
    "win_rate_pct": 63.1578947368421,
    "profit_factor": 1.6621932390342116
  },
  "win001_tr20100701-20150630_te20150701-20150930_va20151001-20151231": {
    "cumulative_return_pct": -71.14883466000825,
    "annualized_return_pct": -99.35558896638653,
    "max_drawdown_pct": 78.24958999030306,
    "sharpe": -0.7111368425781928,
    "win_rate_pct": 49.2063492063492,
    "profit_factor": 0.7065386363824487
  },
  "win002_tr20110101-20151231_te20160101-20160331_va20160401-20160630": {
    "cumulative_return_pct": -19.412735504294897,
    "annualized_return_pct": -59.59077245030807,
    "max_drawdown_pct": 44.79153386203246,
    "sharpe": -0.6265052055354864,
    "win_rate_pct": 54.23728813559322,
    "profit_factor": 0.8391200677751102
  },
  "win003_tr20110701-20160630_te20160701-20160930_va20161001-20161231": {
    "cumulative_return_pct": -14.026032120616758,
    "annualized_return_pct": -46.59454280441163,
    "max_drawdown_pct": 36.416488407430805,
    "sharpe": -0.6682373123292316,
    "win_rate_pct": 46.03174603174603,
    "profit_factor": 0.8676502375848194
  },
  "win004_tr20120101-20161231_te20170101-20170331_va20170401-20170630": {
    "cumulative_return_pct": -20.159500315750822,
    "annualized_return_pct": -61.13969407678274,
    "max_drawdown_pct": 26.66562020926725,
    "sharpe": -1.4244191774147528,
    "win_rate_pct": 47.45762711864407,
    "profit_factor": 0.6829765436905871
  },
  "win005_tr20120701-20170630_te20170701-20170930_va20171001-20171231": {
    "cumulative_return_pct": -33.523548586212485,
    "annualized_return_pct": -81.63585427208778,
    "max_drawdown_pct": 36.85559826429462,
    "sharpe": -1.9080439348595837,
    "win_rate_pct": 50.76923076923077,
    "profit_factor": 0.4605204357688908
  },
  "win006_tr20130101-20171231_te20180101-20180331_va20180401-20180630": {
    "cumulative_return_pct": 30.003396629017125,
    "annualized_return_pct": 200.8938170799001,
    "max_drawdown_pct": 33.60458174525884,
    "sharpe": 2.125400272042599,
    "win_rate_pct": 47.45762711864407,
    "profit_factor": 1.243860794923581
  },
  "win007_tr20130701-20180630_te20180701-20180930_va20181001-20181231": {
    "cumulative_return_pct": -46.058763728097944,
    "annualized_return_pct": -92.2852936519879,
    "max_drawdown_pct": 56.03433076046809,
    "sharpe": -1.3252367655794046,
    "win_rate_pct": 39.0625,
    "profit_factor": 0.5961797135884671
  },
  "win008_tr20140101-20181231_te20190101-20190331_va20190401-20190630": {
    "cumulative_return_pct": 22.692974528003973,
    "annualized_return_pct": 138.3556818717762,
    "max_drawdown_pct": 38.42726764384422,
    "sharpe": 1.2003106662300524,
    "win_rate_pct": 37.93103448275862,
    "profit_factor": 1.166210992799934
  },
  "win009_tr20140701-20190630_te20190701-20190930_va20191001-20191231": {
    "cumulative_return_pct": -20.02288861096179,
    "annualized_return_pct": -59.61663320170244,
    "max_drawdown_pct": 34.45276091707367,
    "sharpe": -0.8767938097454862,
    "win_rate_pct": 48.4375,
    "profit_factor": 0.7642232485956071
  },
  "win010_tr20150101-20191231_te20200101-20200331_va20200401-20200630": {
    "cumulative_return_pct": 37.072244382128304,
    "annualized_return_pct": 264.78049919411063,
    "max_drawdown_pct": 43.91832149443092,
    "sharpe": 2.266458822508849,
    "win_rate_pct": 51.724137931034484,
    "profit_factor": 1.1599065250646747
  },
  "win011_tr20150701-20200630_te20200701-20200930_va20201001-20201231": {
    "cumulative_return_pct": -38.145458126691715,
    "annualized_return_pct": -85.76634653411296,
    "max_drawdown_pct": 42.79457499231975,
    "sharpe": -1.1212990280849864,
    "win_rate_pct": 41.53846153846154,
    "profit_factor": 0.6808310463263265
  },
  "win012_tr20160101-20201231_te20210101-20210331_va20210401-20210630": {
    "cumulative_return_pct": -51.61744553287281,
    "annualized_return_pct": -95.42022673335022,
    "max_drawdown_pct": 67.70167022937396,
    "sharpe": -1.0020593138035994,
    "win_rate_pct": 44.827586206896555,
    "profit_factor": 0.6289247982335016
  },
  "win013_tr20160701-20210630_te20210701-20210930_va20211001-20211231": {
    "cumulative_return_pct": -48.02311510816193,
    "annualized_return_pct": -92.97472620365414,
    "max_drawdown_pct": 59.73491991587534,
    "sharpe": -0.9197193958415617,
    "win_rate_pct": 34.92063492063492,
    "profit_factor": 0.6391146761842292
  },
  "win014_tr20170101-20211231_te20220101-20220331_va20220401-20220630": {
    "cumulative_return_pct": -24.87357290718019,
    "annualized_return_pct": -70.31888641253619,
    "max_drawdown_pct": 38.3718016622891,
    "sharpe": -0.9956650707878486,
    "win_rate_pct": 44.827586206896555,
    "profit_factor": 0.7554249812965744
  },
  "win015_tr20170701-20220630_te20220701-20220930_va20221001-20221231": {
    "cumulative_return_pct": -61.11720816907834,
    "annualized_return_pct": -98.01728503464481,
    "max_drawdown_pct": 64.20479814117122,
    "sharpe": -1.2333461650004445,
    "win_rate_pct": 35.9375,
    "profit_factor": 0.47901978213240975
  },
  "win016_tr20180101-20221231_te20230101-20230331_va20230401-20230630": {
    "cumulative_return_pct": 12.235150133688794,
    "annualized_return_pct": 62.35098079066266,
    "max_drawdown_pct": 21.345135133758703,
    "sharpe": 0.8312935466031706,
    "win_rate_pct": 38.983050847457626,
    "profit_factor": 1.1393503698696419
  },
  "win017_tr20180701-20230630_te20230701-20230930_va20231001-20231231": {
    "cumulative_return_pct": -24.801159619334108,
    "annualized_return_pct": -69.77959837009536,
    "max_drawdown_pct": 34.311626654384014,
    "sharpe": -1.0187326335792717,
    "win_rate_pct": 43.75,
    "profit_factor": 0.7735792127845782
  },
  "win018_tr20190101-20231231_te20240101-20240331_va20240401-20240630": {
    "cumulative_return_pct": -5.65376446396102,
    "annualized_return_pct": -21.677453605121254,
    "max_drawdown_pct": 42.37468658828382,
    "sharpe": -0.28935442832075475,
    "win_rate_pct": 44.827586206896555,
    "profit_factor": 0.9404914382874137
  },
  "win019_tr20190701-20240630_te20240701-20240930_va20241001-20241231": {
    "cumulative_return_pct": 277.51448889974944,
    "annualized_return_pct": 21847.697155172038,
    "max_drawdown_pct": 30.404225467829484,
    "sharpe": 172.56595378407707,
    "win_rate_pct": 57.14285714285714,
    "profit_factor": 2.63247736425308
  },
  "win020_tr20200101-20241231_te20250101-20250331_va20250401-20250630": {
    "cumulative_return_pct": 26.478623767675064,
    "annualized_return_pct": 165.11180054202552,
    "max_drawdown_pct": 19.61572300919986,
    "sharpe": 1.6478712146338825,
    "win_rate_pct": 45.614035087719294,
    "profit_factor": 1.2293439368770125
  },
  "win021_tr20200701-20250630_te20250701-20250930_va20251001-20251231": {
    "cumulative_return_pct": -25.363163389566484,
    "annualized_return_pct": -69.49283615986872,
    "max_drawdown_pct": 24.226655920055318,
    "sharpe": -1.4965656052081535,
    "win_rate_pct": 46.15384615384615,
    "profit_factor": 0.6947527516248848
  }
}