{
  "win000_tr20100101-20141231_te20150101-20150331_va20150401-20150630": {
    "cumulative_return_pct": 5.496807680948777,
    "annualized_return_pct": 25.85217255536374,
    "max_drawdown_pct": 20.244522128343455,
    "sharpe": 0.4011458961292511,
    "win_rate_pct": 43.859649122807014,
    "profit_factor": 1.077223577472711
  },
  "win001_tr20100701-20150630_te20150701-20150930_va20151001-20151231": {
    "cumulative_return_pct": -54.02804347818074,
    "annualized_return_pct": -95.7314139562865,
    "max_drawdown_pct": 58.7768160778832,
    "sharpe": -0.7289047038808908,
    "win_rate_pct": 47.61904761904761,
    "profit_factor": 0.7212490043645658
  },
  "win002_tr20110101-20151231_te20160101-20160331_va20160401-20160630": {
    "cumulative_return_pct": -44.5752704798935,
    "annualized_return_pct": -91.60545935249144,
    "max_drawdown_pct": 47.71156783556435,
    "sharpe": -1.0287421317790866,
    "win_rate_pct": 45.76271186440678,
    "profit_factor": 0.642289937155234
  },
  "win003_tr20110701-20160630_te20160701-20160930_va20161001-20161231": {
    "cumulative_return_pct": -12.943693804097457,
    "annualized_return_pct": -43.7481544974201,
    "max_drawdown_pct": 38.59624647085504,
    "sharpe": -0.6010378638517939,
    "win_rate_pct": 50.79365079365079,
    "profit_factor": 0.8790432035728734
  },
  "win004_tr20120101-20161231_te20170101-20170331_va20170401-20170630": {
    "cumulative_return_pct": -4.577823211267824,
    "annualized_return_pct": -17.858575627138652,
    "max_drawdown_pct": 24.741081521031507,
    "sharpe": -0.4045100610081698,
    "win_rate_pct": 52.54237288135594,
    "profit_factor": 0.9255324742350698
  },
  "win005_tr20120701-20170630_te20170701-20170930_va20171001-20171231": {
    "cumulative_return_pct": -1.1262505885507563,
    "annualized_return_pct": -4.592312528100706,
    "max_drawdown_pct": 21.746602719131765,
    "sharpe": -0.1303382750704376,
    "win_rate_pct": 46.15384615384615,
    "profit_factor": 0.9864140893927582
  },
  "win006_tr20130101-20171231_te20180101-20180331_va20180401-20180630": {
    "cumulative_return_pct": -9.544439668195905,
    "annualized_return_pct": -34.36987397646093,
    "max_drawdown_pct": 42.228276594937455,
    "sharpe": -0.4166932833313135,
    "win_rate_pct": 37.28813559322034,
    "profit_factor": 0.9177713727155069
  },
  "win007_tr20130701-20180630_te20180701-20180930_va20181001-20181231": {
    "cumulative_return_pct": -58.97163535517676,
    "annualized_return_pct": -97.52212371428396,
    "max_drawdown_pct": 59.33894209620229,
    "sharpe": -1.4896823526822345,
    "win_rate_pct": 35.9375,
    "profit_factor": 0.402593317400867
  },
  "win008_tr20140101-20181231_te20190101-20190331_va20190401-20190630": {
    "cumulative_return_pct": -43.767528957371844,
    "annualized_return_pct": -91.32694208021961,
    "max_drawdown_pct": 55.54399919599323,
    "sharpe": -1.0013196873072414,
    "win_rate_pct": 39.6551724137931,
    "profit_factor": 0.6412334907157463
  },
  "win009_tr20140701-20190630_te20190701-20190930_va20191001-20191231": {
    "cumulative_return_pct": -10.838208323437733,
    "annualized_return_pct": -37.221792645669105,
    "max_drawdown_pct": 35.888891644478115,
    "sharpe": -0.4810852222845462,
    "win_rate_pct": 43.75,
    "profit_factor": 0.920815709643078
  },
  "win010_tr20150101-20191231_te20200101-20200331_va20200401-20200630": {
    "cumulative_return_pct": -55.100219259809705,
    "annualized_return_pct": -96.26032618063859,
    "max_drawdown_pct": 59.87959714130795,
    "sharpe": -1.0906960860649093,
    "win_rate_pct": 36.206896551724135,
    "profit_factor": 0.5988096255025079
  },
  "win011_tr20150701-20200630_te20200701-20200930_va20201001-20201231": {
    "cumulative_return_pct": -21.312838532259654,
    "annualized_return_pct": -62.19552229889005,
    "max_drawdown_pct": 33.17921712203258,
    "sharpe": -1.0818886933950205,
    "win_rate_pct": 41.53846153846154,
    "profit_factor": 0.8053077023498594
  },
  "win012_tr20160101-20201231_te20210101-20210331_va20210401-20210630": {
    "cumulative_return_pct": -30.04857356681052,
    "annualized_return_pct": -78.08019853471608,
    "max_drawdown_pct": 41.723638449171304,
    "sharpe": -1.0622073446473623,
    "win_rate_pct": 41.37931034482759,
    "profit_factor": 0.6994507615299448
  },
  "win013_tr20160701-20210630_te20210701-20210930_va20211001-20211231": {
    "cumulative_return_pct": -8.1449468617514,
    "annualized_return_pct": -29.163044227337043,
    "max_drawdown_pct": 35.97085191451237,
    "sharpe": -0.3337851869659932,
    "win_rate_pct": 47.61904761904761,
    "profit_factor": 0.9436534179337004
  },
  "win014_tr20170101-20211231_te20220101-20220331_va20220401-20220630": {
    "cumulative_return_pct": -49.71538349046873,
    "annualized_return_pct": -94.60530027731788,
    "max_drawdown_pct": 54.46231783253208,
    "sharpe": -1.0946235042027659,
    "win_rate_pct": 46.55172413793103,
    "profit_factor": 0.5443255740329215
  },
  "win015_tr20170701-20220630_te20220701-20220930_va20221001-20221231": {
    "cumulative_return_pct": -15.267517448689533,
    "annualized_return_pct": -49.723350003453135,
    "max_drawdown_pct": 37.37904920268551,
    "sharpe": -0.7260594514505246,
    "win_rate_pct": 46.875,
    "profit_factor": 0.8308002115021269
  },
  "win016_tr20180101-20221231_te20230101-20230331_va20230401-20230630": {
    "cumulative_return_pct": -28.361298879543273,
    "annualized_return_pct": -75.3469816927266,
    "max_drawdown_pct": 43.45659857914624,
    "sharpe": -1.1262925604886949,
    "win_rate_pct": 42.3728813559322,
    "profit_factor": 0.7233281078028468
  },
  "win017_tr20180701-20230630_te20230701-20230930_va20231001-20231231": {
    "cumulative_return_pct": 11.045388420948688,
    "annualized_return_pct": 55.247196566189594,
    "max_drawdown_pct": 21.396559749713127,
    "sharpe": 1.1911140452931581,
    "win_rate_pct": 51.5625,
    "profit_factor": 1.156125237643752
  },
  "win018_tr20190101-20231231_te20240101-20240331_va20240401-20240630": {
    "cumulative_return_pct": -25.095252938361828,
    "annualized_return_pct": -70.27269089956279,
    "max_drawdown_pct": 36.28075103948031,
    "sharpe": -0.908941352139751,
    "win_rate_pct": 44.827586206896555,
    "profit_factor": 0.7542249889166821
  },
  "win019_tr20190701-20240630_te20240701-20240930_va20241001-20241231": {
    "cumulative_return_pct": 46.76205004426516,
    "annualized_return_pct": 374.4322629569038,
    "max_drawdown_pct": 32.0852514539184,
    "sharpe": 3.418035750143607,
    "win_rate_pct": 52.38095238095239,
    "profit_factor": 1.3447213629473187
  },
  "win020_tr20200101-20241231_te20250101-20250331_va20250401-20250630": {
    "cumulative_return_pct": -12.302102908587049,
    "annualized_return_pct": -42.007383637267026,
    "max_drawdown_pct": 16.993147639960217,
    "sharpe": -0.6466445051339405,
    "win_rate_pct": 43.859649122807014,
    "profit_factor": 0.8645808588466694
  },
  "win021_tr20200701-20250630_te20250701-20250930_va20251001-20251231": {
    "cumulative_return_pct": -27.413835845846684,
    "annualized_return_pct": -72.75426506452875,
    "max_drawdown_pct": 38.32097029627754,
    "sharpe": -1.1836173640447871,
    "win_rate_pct": 40.0,
    "profit_factor": 0.7595348841993628
  }
}