{
  "win000_tr20100101-20141231_te20150101-20150331_va20150401-20150630": {
    "cumulative_return_pct": 58.80932434151775,
    "annualized_return_pct": 629.7531524962062,
    "max_drawdown_pct": 22.271854451998987,
    "sharpe": 7.621792684121186,
    "win_rate_pct": 56.14035087719298,
    "profit_factor": 1.5678023271023374
  },
  "win001_tr20100701-20150630_te20150701-20150930_va20151001-20151231": {
    "cumulative_return_pct": -36.831942800658325,
    "annualized_return_pct": -84.49925988430766,
    "max_drawdown_pct": 58.55385187213214,
    "sharpe": -0.6353402478662843,
    "win_rate_pct": 57.14285714285714,
    "profit_factor": 0.8121086523756504
  },
  "win002_tr20110101-20151231_te20160101-20160331_va20160401-20160630": {
    "cumulative_return_pct": -19.79731615804798,
    "annualized_return_pct": -60.39421937933922,
    "max_drawdown_pct": 35.76552439827692,
    "sharpe": -0.6688960822440674,
    "win_rate_pct": 44.06779661016949,
    "profit_factor": 0.8393279142367561
  },
  "win003_tr20110701-20160630_te20160701-20160930_va20161001-20161231": {
    "cumulative_return_pct": 49.644568604692004,
    "annualized_return_pct": 432.84690148635747,
    "max_drawdown_pct": 23.9352219790321,
    "sharpe": 5.060904441863397,
    "win_rate_pct": 57.14285714285714,
    "profit_factor": 1.4460827409243084
  },
  "win004_tr20120101-20161231_te20170101-20170331_va20170401-20170630": {
    "cumulative_return_pct": 10.984846367145492,
    "annualized_return_pct": 54.892160309025485,
    "max_drawdown_pct": 22.158276764973103,
    "sharpe": 0.7343699999930129,
    "win_rate_pct": 49.152542372881356,
    "profit_factor": 1.109710316323583
  },
  "win005_tr20120701-20170630_te20170701-20170930_va20171001-20171231": {
    "cumulative_return_pct": -8.312076255415892,
    "annualized_return_pct": -30.24522206144834,
    "max_drawdown_pct": 31.642655472291697,
    "sharpe": -0.4930276070511263,
    "win_rate_pct": 55.38461538461539,
    "profit_factor": 0.9044842883471134
  },
  "win006_tr20130101-20171231_te20180101-20180331_va20180401-20180630": {
    "cumulative_return_pct": 24.898722143797787,
    "annualized_return_pct": 154.31800025531527,
    "max_drawdown_pct": 43.36163306849679,
    "sharpe": 1.4330136036695855,
    "win_rate_pct": 54.23728813559322,
    "profit_factor": 1.2639766558246384
  },
  "win007_tr20130701-20180630_te20180701-20180930_va20181001-20181231": {
    "cumulative_return_pct": -25.033678326145992,
    "annualized_return_pct": -69.75708561547074,
    "max_drawdown_pct": 38.575933247622444,
    "sharpe": -1.1026404708708155,
    "win_rate_pct": 39.0625,
    "profit_factor": 0.7323608033524815
  },
  "win008_tr20140101-20181231_te20190101-20190331_va20190401-20190630": {
    "cumulative_return_pct": 20.741470408285807,
    "annualized_return_pct": 122.6650231077337,
    "max_drawdown_pct": 28.093296277670156,
    "sharpe": 1.1449837146047055,
    "win_rate_pct": 53.44827586206896,
    "profit_factor": 1.1237819251896857
  },
  "win009_tr20140701-20190630_te20190701-20190930_va20191001-20191231": {
    "cumulative_return_pct": -13.963395420317818,
    "annualized_return_pct": -45.684609309110954,
    "max_drawdown_pct": 28.35927548765071,
    "sharpe": -0.693433878750414,
    "win_rate_pct": 42.1875,
    "profit_factor": 0.8470480976632166
  },
  "win010_tr20150101-20191231_te20200101-20200331_va20200401-20200630": {
    "cumulative_return_pct": -38.561069008592725,
    "annualized_return_pct": -86.45475065204162,
    "max_drawdown_pct": 46.92721892161532,
    "sharpe": -0.9743427634733671,
    "win_rate_pct": 53.44827586206896,
    "profit_factor": 0.7246890574393248
  },
  "win011_tr20150701-20200630_te20200701-20200930_va20201001-20201231": {
    "cumulative_return_pct": -32.69271129829925,
    "annualized_return_pct": -79.94518431512525,
    "max_drawdown_pct": 58.567778204044096,
    "sharpe": -0.9588006977058409,
    "win_rate_pct": 40.0,
    "profit_factor": 0.7259798743620397
  },
  "win012_tr20160101-20201231_te20210101-20210331_va20210401-20210630": {
    "cumulative_return_pct": 17.947498125510336,
    "annualized_return_pct": 101.58987635534187,
    "max_drawdown_pct": 29.531628423555862,
    "sharpe": 0.8364149174271301,
    "win_rate_pct": 48.275862068965516,
    "profit_factor": 1.1133658667069868
  },
  "win013_tr20160701-20210630_te20210701-20210930_va20211001-20211231": {
    "cumulative_return_pct": -40.9090134706949,
    "annualized_return_pct": -88.17620109268016,
    "max_drawdown_pct": 56.26699993202271,
    "sharpe": -0.7621538245391286,
    "win_rate_pct": 41.269841269841265,
    "profit_factor": 0.6786724742002483
  },
  "win014_tr20170101-20211231_te20220101-20220331_va20220401-20220630": {
    "cumulative_return_pct": -10.175181117945293,
    "annualized_return_pct": -36.602816528844265,
    "max_drawdown_pct": 37.879559204970334,
    "sharpe": -0.509986462574428,
    "win_rate_pct": 43.103448275862064,
    "profit_factor": 0.8921929648235533
  },
  "win015_tr20170701-20220630_te20220701-20220930_va20221001-20221231": {
    "cumulative_return_pct": -15.409262957221992,
    "annualized_return_pct": -50.071517848859514,
    "max_drawdown_pct": 42.931143854977535,
    "sharpe": -0.8763805146160818,
    "win_rate_pct": 40.625,
    "profit_factor": 0.8735898644182423
  },
  "win016_tr20180101-20221231_te20230101-20230331_va20230401-20230630": {
    "cumulative_return_pct": 77.60766666573281,
    "annualized_return_pct": 1015.087815379596,
    "max_drawdown_pct": 19.256129337056834,
    "sharpe": 11.885068345339693,
    "win_rate_pct": 47.45762711864407,
    "profit_factor": 1.7141590894129963
  },
  "win017_tr20180701-20230630_te20230701-20230930_va20231001-20231231": {
    "cumulative_return_pct": -27.74035363837421,
    "annualized_return_pct": -74.4373557185069,
    "max_drawdown_pct": 41.1664691989648,
    "sharpe": -1.2606345509186156,
    "win_rate_pct": 34.375,
    "profit_factor": 0.7359898433453984
  },
  "win018_tr20190101-20231231_te20240101-20240331_va20240401-20240630": {
    "cumulative_return_pct": 125.97253810761413,
    "annualized_return_pct": 2964.949663197044,
    "max_drawdown_pct": 18.848615369061022,
    "sharpe": 28.332057944178768,
    "win_rate_pct": 62.06896551724138,
    "profit_factor": 1.8326096639146694
  },
  "win019_tr20190701-20240630_te20240701-20240930_va20241001-20241231": {
    "cumulative_return_pct": 311.1461575564385,
    "annualized_return_pct": 30931.401496608414,
    "max_drawdown_pct": 25.38915656596299,
    "sharpe": 275.39452188206445,
    "win_rate_pct": 65.07936507936508,
    "profit_factor": 3.0924121291444497
  },
  "win020_tr20200101-20241231_te20250101-20250331_va20250401-20250630": {
    "cumulative_return_pct": -32.37708218908311,
    "annualized_return_pct": -80.28516385640584,
    "max_drawdown_pct": 40.83588455010521,
    "sharpe": -0.837590692946945,
    "win_rate_pct": 43.859649122807014,
    "profit_factor": 0.752459789628386
  },
  "win021_tr20200701-20250630_te20250701-20250930_va20251001-20251231": {
    "cumulative_return_pct": -22.779449685587547,
    "annualized_return_pct": -64.97463622137676,
    "max_drawdown_pct": 24.433649743901803,
    "sharpe": -1.00481337470847,
    "win_rate_pct": 44.61538461538462,
    "profit_factor": 0.7673376176170907
  }
}