{
  "win000_tr20100101-20141231_te20150101-20150331_va20150401-20150630": {
    "cumulative_return_pct": -20.821873282565992,
    "annualized_return_pct": -63.33086403571133,
    "max_drawdown_pct": 29.105913756000255,
    "sharpe": -1.1476983346083496,
    "win_rate_pct": 47.368421052631575,
    "profit_factor": 0.7453324926040323
  },
  "win001_tr20100701-20150630_te20150701-20150930_va20151001-20151231": {
    "cumulative_return_pct": -53.60185875178974,
    "annualized_return_pct": -95.56852607737304,
    "max_drawdown_pct": 71.29119149619723,
    "sharpe": -0.6278415438912527,
    "win_rate_pct": 49.2063492063492,
    "profit_factor": 0.7959129098783198
  },
  "win002_tr20110101-20151231_te20160101-20160331_va20160401-20160630": {
    "cumulative_return_pct": 35.60852519462791,
    "annualized_return_pct": 259.23387989610626,
    "max_drawdown_pct": 18.48485997278195,
    "sharpe": 2.783068295518968,
    "win_rate_pct": 52.54237288135594,
    "profit_factor": 1.2718364882718056
  },
  "win003_tr20110701-20160630_te20160701-20160930_va20161001-20161231": {
    "cumulative_return_pct": -24.976740056064433,
    "annualized_return_pct": -69.66163277754352,
    "max_drawdown_pct": 34.19094400063748,
    "sharpe": -1.1067395294052582,
    "win_rate_pct": 46.03174603174603,
    "profit_factor": 0.721642302892839
  },
  "win004_tr20120101-20161231_te20170101-20170331_va20170401-20170630": {
    "cumulative_return_pct": -26.77359611497476,
    "annualized_return_pct": -72.97051945265314,
    "max_drawdown_pct": 28.474958171542085,
    "sharpe": -1.396324906098884,
    "win_rate_pct": 54.23728813559322,
    "profit_factor": 0.656301818149338
  },
  "win005_tr20120701-20170630_te20170701-20170930_va20171001-20171231": {
    "cumulative_return_pct": -50.27240120068809,
    "annualized_return_pct": -94.49563542382916,
    "max_drawdown_pct": 50.816802257898495,
    "sharpe": -1.9540221963465787,
    "win_rate_pct": 44.61538461538462,
    "profit_factor": 0.2666752055925325
  },
  "win006_tr20130101-20171231_te20180101-20180331_va20180401-20180630": {
    "cumulative_return_pct": -23.469650439930977,
    "annualized_return_pct": -67.46867037387885,
    "max_drawdown_pct": 40.295681218668705,
    "sharpe": -0.9250022514982991,
    "win_rate_pct": 40.67796610169492,
    "profit_factor": 0.7219322208998551
  },
  "win007_tr20130701-20180630_te20180701-20180930_va20181001-20181231": {
    "cumulative_return_pct": -21.880706390785484,
    "annualized_return_pct": -64.11722321392229,
    "max_drawdown_pct": 29.321422026969877,
    "sharpe": -1.022077718456125,
    "win_rate_pct": 40.625,
    "profit_factor": 0.7740153280309281
  },
  "win008_tr20140101-20181231_te20190101-20190331_va20190401-20190630": {
    "cumulative_return_pct": -32.68792118029255,
    "annualized_return_pct": -81.38363037104664,
    "max_drawdown_pct": 49.54990647890637,
    "sharpe": -0.7542188709076547,
    "win_rate_pct": 43.103448275862064,
    "profit_factor": 0.7514742734472714
  },
  "win009_tr20140701-20190630_te20190701-20190930_va20191001-20191231": {
    "cumulative_return_pct": 72.56346625461224,
    "annualized_return_pct": 815.413767402209,
    "max_drawdown_pct": 20.409212383822,
    "sharpe": 7.225067458717352,
    "win_rate_pct": 57.8125,
    "profit_factor": 1.487677034014301
  },
  "win010_tr20150101-20191231_te20200101-20200331_va20200401-20200630": {
    "cumulative_return_pct": 33.836397250130304,
    "annualized_return_pct": 230.7136624273054,
    "max_drawdown_pct": 47.624909140617504,
    "sharpe": 1.8014543191964023,
    "win_rate_pct": 53.44827586206896,
    "profit_factor": 1.1265750769724752
  },
  "win011_tr20150701-20200630_te20200701-20200930_va20201001-20201231": {
    "cumulative_return_pct": -35.23082356560233,
    "annualized_return_pct": -82.84186865606365,
    "max_drawdown_pct": 53.072446655818695,
    "sharpe": -0.8479424950097736,
    "win_rate_pct": 38.46153846153847,
    "profit_factor": 0.8001604748359825
  },
  "win012_tr20160101-20201231_te20210101-20210331_va20210401-20210630": {
    "cumulative_return_pct": -51.982880623091575,
    "annualized_return_pct": -95.56534734099263,
    "max_drawdown_pct": 53.21299622258473,
    "sharpe": -1.0166075674776591,
    "win_rate_pct": 31.03448275862069,
    "profit_factor": 0.5623732730749192
  },
  "win013_tr20160701-20210630_te20210701-20210930_va20211001-20211231": {
    "cumulative_return_pct": -59.72942186562553,
    "annualized_return_pct": -97.50592744490038,
    "max_drawdown_pct": 64.91355957287922,
    "sharpe": -0.9427629792143905,
    "win_rate_pct": 36.507936507936506,
    "profit_factor": 0.520109548420274
  },
  "win014_tr20170101-20211231_te20220101-20220331_va20220401-20220630": {
    "cumulative_return_pct": -13.752162471785606,
    "annualized_return_pct": -46.652178195418195,
    "max_drawdown_pct": 46.961215637334405,
    "sharpe": -0.5850086695283322,
    "win_rate_pct": 53.44827586206896,
    "profit_factor": 0.8549333595857349
  },
  "win015_tr20170701-20220630_te20220701-20220930_va20221001-20221231": {
    "cumulative_return_pct": -37.609636896664256,
    "annualized_return_pct": -85.88693735897658,
    "max_drawdown_pct": 47.252539618696815,
    "sharpe": -1.181095429901945,
    "win_rate_pct": 39.0625,
    "profit_factor": 0.7045750500663805
  },
  "win016_tr20180101-20221231_te20230101-20230331_va20230401-20230630": {
    "cumulative_return_pct": 24.768184370369465,
    "annualized_return_pct": 153.20396130759866,
    "max_drawdown_pct": 14.793516689190685,
    "sharpe": 2.1339546713476962,
    "win_rate_pct": 45.76271186440678,
    "profit_factor": 1.2405783729941984
  },
  "win017_tr20180701-20230630_te20230701-20230930_va20231001-20231231": {
    "cumulative_return_pct": -41.21559898869806,
    "annualized_return_pct": -89.25271829784668,
    "max_drawdown_pct": 48.57361891351821,
    "sharpe": -1.458682059210924,
    "win_rate_pct": 37.5,
    "profit_factor": 0.5819067693092796
  },
  "win018_tr20190101-20231231_te20240101-20240331_va20240401-20240630": {
    "cumulative_return_pct": -10.188491191729613,
    "annualized_return_pct": -36.30947475065831,
    "max_drawdown_pct": 48.91434016540493,
    "sharpe": -0.43426957747284206,
    "win_rate_pct": 44.827586206896555,
    "profit_factor": 0.9102235706046381
  },
  "win019_tr20190701-20240630_te20240701-20240930_va20241001-20241231": {
    "cumulative_return_pct": 157.85446066401823,
    "annualized_return_pct": 4571.920558932826,
    "max_drawdown_pct": 30.362706593514567,
    "sharpe": 38.09987996312346,
    "win_rate_pct": 52.38095238095239,
    "profit_factor": 2.0643437565039773
  },
  "win020_tr20200101-20241231_te20250101-20250331_va20250401-20250630": {
    "cumulative_return_pct": -19.59826611005318,
    "annualized_return_pct": -59.56125733231058,
    "max_drawdown_pct": 27.88888601641632,
    "sharpe": -0.8533632175362852,
    "win_rate_pct": 47.368421052631575,
    "profit_factor": 0.7941807972060806
  },
  "win021_tr20200701-20250630_te20250701-20250930_va20251001-20251231": {
    "cumulative_return_pct": 13.881803613526142,
    "annualized_return_pct": 69.47690195266102,
    "max_drawdown_pct": 29.316320296137082,
    "sharpe": 0.809311183232614,
    "win_rate_pct": 49.23076923076923,
    "profit_factor": 1.1350274703760286
  }
}