{
  "size": 4,
  "models": "FreTS,PatchTST,TimeMixer,iTransformer",
  "num_windows": 22,
  "mean_test_cumulative_return_pct": 5.983790497023744,
  "std_test_cumulative_return_pct": 56.65001029252783,
  "min_test_cumulative_return_pct": -64.06215489205722,
  "max_test_cumulative_return_pct": 208.37370231887977,
  "mean_test_annualized_return_pct": 511.35293528463876,
  "mean_test_max_drawdown_pct": 37.070531503231706,
  "mean_test_sharpe": 5.383443507162411,
  "mean_test_win_rate_pct": 47.73554274653489,
  "mean_test_profit_factor": 1.0749464257276944
}