{
  "win000_tr20100101-20141231_te20150101-20150331_va20150401-20150630": {
    "cumulative_return_pct": 32.51099339690227,
    "annualized_return_pct": 235.21515717730654,
    "max_drawdown_pct": 20.65888448433393,
    "sharpe": 3.524494494003885,
    "win_rate_pct": 59.64912280701754,
    "profit_factor": 1.4297748213625663
  },
  "win001_tr20100701-20150630_te20150701-20150930_va20151001-20151231": {
    "cumulative_return_pct": -33.18809096569321,
    "annualized_return_pct": -80.53749811522302,
    "max_drawdown_pct": 56.10872756202314,
    "sharpe": -0.5367751862116065,
    "win_rate_pct": 55.55555555555556,
    "profit_factor": 0.8504617994898008
  },
  "win002_tr20110101-20151231_te20160101-20160331_va20160401-20160630": {
    "cumulative_return_pct": -69.58059181742033,
    "annualized_return_pct": -99.32372347339734,
    "max_drawdown_pct": 65.39011453360793,
    "sharpe": -1.2115835784090165,
    "win_rate_pct": 42.3728813559322,
    "profit_factor": 0.31317735356921567
  },
  "win003_tr20110701-20160630_te20160701-20160930_va20161001-20161231": {
    "cumulative_return_pct": -2.5838367866608545,
    "annualized_return_pct": -10.295903554285601,
    "max_drawdown_pct": 50.606702018217156,
    "sharpe": -0.1628880806645898,
    "win_rate_pct": 50.79365079365079,
    "profit_factor": 0.9735383265168724
  },
  "win004_tr20120101-20161231_te20170101-20170331_va20170401-20170630": {
    "cumulative_return_pct": -28.444070914017466,
    "annualized_return_pct": -75.46634600690622,
    "max_drawdown_pct": 38.63404310010895,
    "sharpe": -1.2885288038324652,
    "win_rate_pct": 44.06779661016949,
    "profit_factor": 0.653959059296321
  },
  "win005_tr20120701-20170630_te20170701-20170930_va20171001-20171231": {
    "cumulative_return_pct": -22.650760493267654,
    "annualized_return_pct": -65.56268981922942,
    "max_drawdown_pct": 21.197419982837324,
    "sharpe": -1.304227043487671,
    "win_rate_pct": 38.46153846153847,
    "profit_factor": 0.695391770540642
  },
  "win006_tr20130101-20171231_te20180101-20180331_va20180401-20180630": {
    "cumulative_return_pct": -13.155202705887426,
    "annualized_return_pct": -44.68669627957943,
    "max_drawdown_pct": 48.63459555862774,
    "sharpe": -0.5357915559970865,
    "win_rate_pct": 45.76271186440678,
    "profit_factor": 0.8940078623866766
  },
  "win007_tr20130701-20180630_te20180701-20180930_va20181001-20181231": {
    "cumulative_return_pct": -47.60753591862037,
    "annualized_return_pct": -93.16393608462293,
    "max_drawdown_pct": 52.0871749399116,
    "sharpe": -1.5898768796573357,
    "win_rate_pct": 37.5,
    "profit_factor": 0.5099138816007823
  },
  "win008_tr20140101-20181231_te20190101-20190331_va20190401-20190630": {
    "cumulative_return_pct": -12.699380012252718,
    "annualized_return_pct": -43.83120523842994,
    "max_drawdown_pct": 49.501931661243994,
    "sharpe": -0.4174038063130597,
    "win_rate_pct": 51.724137931034484,
    "profit_factor": 0.9114983581191926
  },
  "win009_tr20140701-20190630_te20190701-20190930_va20191001-20191231": {
    "cumulative_return_pct": -5.343906000176783,
    "annualized_return_pct": -19.979182440376054,
    "max_drawdown_pct": 42.16395608140184,
    "sharpe": -0.22820169929914014,
    "win_rate_pct": 43.75,
    "profit_factor": 0.9656429489184067
  },
  "win010_tr20150101-20191231_te20200101-20200331_va20200401-20200630": {
    "cumulative_return_pct": 38.36130403772315,
    "annualized_return_pct": 279.06579947556895,
    "max_drawdown_pct": 52.02793814187571,
    "sharpe": 2.4714485597842235,
    "win_rate_pct": 48.275862068965516,
    "profit_factor": 1.1475782270910186
  },
  "win011_tr20150701-20200630_te20200701-20200930_va20201001-20201231": {
    "cumulative_return_pct": 8.590472462848224,
    "annualized_return_pct": 39.71876598985609,
    "max_drawdown_pct": 42.88772058579337,
    "sharpe": 0.34373901508220084,
    "win_rate_pct": 46.15384615384615,
    "profit_factor": 1.036996098041848
  },
  "win012_tr20160101-20201231_te20210101-20210331_va20210401-20210630": {
    "cumulative_return_pct": -22.952367051315097,
    "annualized_return_pct": -66.95876917776556,
    "max_drawdown_pct": 39.95276616081107,
    "sharpe": -0.8305249434265518,
    "win_rate_pct": 41.37931034482759,
    "profit_factor": 0.8096136718793585
  },
  "win013_tr20160701-20210630_te20210701-20210930_va20211001-20211231": {
    "cumulative_return_pct": -56.904604113327565,
    "annualized_return_pct": -96.71603414550731,
    "max_drawdown_pct": 61.166084586499636,
    "sharpe": -0.9410153204382585,
    "win_rate_pct": 42.857142857142854,
    "profit_factor": 0.562964658351131
  },
  "win014_tr20170101-20211231_te20220101-20220331_va20220401-20220630": {
    "cumulative_return_pct": 3.8754888517352515,
    "annualized_return_pct": 17.52563045444704,
    "max_drawdown_pct": 37.333469383806886,
    "sharpe": 0.15018589426450854,
    "win_rate_pct": 55.172413793103445,
    "profit_factor": 1.0329777964073406
  },
  "win015_tr20170701-20220630_te20220701-20220930_va20221001-20221231": {
    "cumulative_return_pct": -40.69869878605953,
    "annualized_return_pct": -88.56891157036198,
    "max_drawdown_pct": 42.5417373330056,
    "sharpe": -1.3668215609034282,
    "win_rate_pct": 35.9375,
    "profit_factor": 0.5511346854709884
  },
  "win016_tr20180101-20221231_te20230101-20230331_va20230401-20230630": {
    "cumulative_return_pct": -0.5322095013896353,
    "annualized_return_pct": -2.2154202140779344,
    "max_drawdown_pct": 19.614069789046017,
    "sharpe": -0.07222169711097681,
    "win_rate_pct": 44.06779661016949,
    "profit_factor": 0.9942145109988865
  },
  "win017_tr20180701-20230630_te20230701-20230930_va20231001-20231231": {
    "cumulative_return_pct": -12.943372689127502,
    "annualized_return_pct": -44.118055514738344,
    "max_drawdown_pct": 28.26011386843708,
    "sharpe": -0.8122314580722226,
    "win_rate_pct": 53.125,
    "profit_factor": 0.8274672566486839
  },
  "win018_tr20190101-20231231_te20240101-20240331_va20240401-20240630": {
    "cumulative_return_pct": -68.33594269946424,
    "annualized_return_pct": -99.1997224096362,
    "max_drawdown_pct": 71.57243657123945,
    "sharpe": -1.2449547541608015,
    "win_rate_pct": 37.93103448275862,
    "profit_factor": 0.3074490091520108
  },
  "win019_tr20190701-20240630_te20240701-20240930_va20241001-20241231": {
    "cumulative_return_pct": 93.43876730369301,
    "annualized_return_pct": 1355.0874745197082,
    "max_drawdown_pct": 27.378854987586678,
    "sharpe": 12.028731695587842,
    "win_rate_pct": 47.61904761904761,
    "profit_factor": 1.5388689731280516
  },
  "win020_tr20200101-20241231_te20250101-20250331_va20250401-20250630": {
    "cumulative_return_pct": -29.144341212171675,
    "annualized_return_pct": -76.06853266770821,
    "max_drawdown_pct": 33.022858814033604,
    "sharpe": -1.077973928316727,
    "win_rate_pct": 42.10526315789473,
    "profit_factor": 0.7046983068309044
  },
  "win021_tr20200701-20250630_te20250701-20250930_va20251001-20251231": {
    "cumulative_return_pct": -8.147818510274158,
    "annualized_return_pct": -29.17203123418447,
    "max_drawdown_pct": 28.714058715710788,
    "sharpe": -0.508005710615692,
    "win_rate_pct": 44.61538461538462,
    "profit_factor": 0.9239548987970264
  }
}