{
  "win000_tr20100101-20141231_te20150101-20150331_va20150401-20150630": {
    "cumulative_return_pct": 8.247064228478004,
    "annualized_return_pct": 40.56853569127645,
    "max_drawdown_pct": 17.753534045692547,
    "sharpe": 0.598593622578502,
    "win_rate_pct": 47.368421052631575,
    "profit_factor": 1.1020701556803718
  },
  "win001_tr20100701-20150630_te20150701-20150930_va20151001-20151231": {
    "cumulative_return_pct": -55.39023657080768,
    "annualized_return_pct": -96.22193209699138,
    "max_drawdown_pct": 70.18284920994392,
    "sharpe": -0.6606197654520612,
    "win_rate_pct": 47.61904761904761,
    "profit_factor": 0.7289781468504126
  },
  "win002_tr20110101-20151231_te20160101-20160331_va20160401-20160630": {
    "cumulative_return_pct": -60.5408959657433,
    "annualized_return_pct": -97.9838881544874,
    "max_drawdown_pct": 61.87828631948635,
    "sharpe": -1.1271042347044675,
    "win_rate_pct": 45.76271186440678,
    "profit_factor": 0.4243027578924152
  },
  "win003_tr20110701-20160630_te20160701-20160930_va20161001-20161231": {
    "cumulative_return_pct": -25.275616881099737,
    "annualized_return_pct": -70.16013815040807,
    "max_drawdown_pct": 50.38929190495715,
    "sharpe": -0.9987009073812358,
    "win_rate_pct": 44.44444444444444,
    "profit_factor": 0.7380860140063004
  },
  "win004_tr20120101-20161231_te20170101-20170331_va20170401-20170630": {
    "cumulative_return_pct": -47.93587472637878,
    "annualized_return_pct": -93.54418990306073,
    "max_drawdown_pct": 55.18985615016027,
    "sharpe": -1.4482607920332895,
    "win_rate_pct": 40.67796610169492,
    "profit_factor": 0.46391946162659603
  },
  "win005_tr20120701-20170630_te20170701-20170930_va20171001-20171231": {
    "cumulative_return_pct": -14.705389505692107,
    "annualized_return_pct": -48.32442109096581,
    "max_drawdown_pct": 26.55555997381453,
    "sharpe": -0.8958825966569808,
    "win_rate_pct": 47.69230769230769,
    "profit_factor": 0.8290640279901201
  },
  "win006_tr20130101-20171231_te20180101-20180331_va20180401-20180630": {
    "cumulative_return_pct": 28.160023090483875,
    "annualized_return_pct": 183.38381528271998,
    "max_drawdown_pct": 25.78029195571433,
    "sharpe": 2.0790736406817616,
    "win_rate_pct": 47.45762711864407,
    "profit_factor": 1.346597934935133
  },
  "win007_tr20130701-20180630_te20180701-20180930_va20181001-20181231": {
    "cumulative_return_pct": -46.065243986886465,
    "annualized_return_pct": -92.2891397134153,
    "max_drawdown_pct": 56.21387468281262,
    "sharpe": -1.3303402726292515,
    "win_rate_pct": 37.5,
    "profit_factor": 0.596561309276864
  },
  "win008_tr20140101-20181231_te20190101-20190331_va20190401-20190630": {
    "cumulative_return_pct": -24.01530132967115,
    "annualized_return_pct": -68.85180786955196,
    "max_drawdown_pct": 36.943777230291545,
    "sharpe": -0.6771678285096373,
    "win_rate_pct": 43.103448275862064,
    "profit_factor": 0.8255732468605816
  },
  "win009_tr20140701-20190630_te20190701-20190930_va20191001-20191231": {
    "cumulative_return_pct": -23.459124214613823,
    "annualized_return_pct": -66.20901705439096,
    "max_drawdown_pct": 42.49664105082741,
    "sharpe": -0.9497479121644333,
    "win_rate_pct": 45.3125,
    "profit_factor": 0.817690024371618
  },
  "win010_tr20150101-20191231_te20200101-20200331_va20200401-20200630": {
    "cumulative_return_pct": 33.753239369839264,
    "annualized_return_pct": 229.87117637604803,
    "max_drawdown_pct": 43.07002606923942,
    "sharpe": 2.1001642024359968,
    "win_rate_pct": 51.724137931034484,
    "profit_factor": 1.1572133217638811
  },
  "win011_tr20150701-20200630_te20200701-20200930_va20201001-20201231": {
    "cumulative_return_pct": -15.468037176871743,
    "annualized_return_pct": -49.43771381931341,
    "max_drawdown_pct": 45.871487333439454,
    "sharpe": -0.612540458832213,
    "win_rate_pct": 41.53846153846154,
    "profit_factor": 0.900896789259732
  },
  "win012_tr20160101-20201231_te20210101-20210331_va20210401-20210630": {
    "cumulative_return_pct": -39.18691387795156,
    "annualized_return_pct": -87.9047360556003,
    "max_drawdown_pct": 46.20869852677589,
    "sharpe": -1.158623530735036,
    "win_rate_pct": 44.827586206896555,
    "profit_factor": 0.6322668157087791
  },
  "win013_tr20160701-20210630_te20210701-20210930_va20211001-20211231": {
    "cumulative_return_pct": -48.46775385077006,
    "annualized_return_pct": -93.21545225809233,
    "max_drawdown_pct": 61.36332039664209,
    "sharpe": -0.8734986401347831,
    "win_rate_pct": 44.44444444444444,
    "profit_factor": 0.631850840265417
  },
  "win014_tr20170101-20211231_te20220101-20220331_va20220401-20220630": {
    "cumulative_return_pct": -8.06977570816651,
    "annualized_return_pct": -30.04736398524861,
    "max_drawdown_pct": 29.85045519399107,
    "sharpe": -0.3563505009726585,
    "win_rate_pct": 51.724137931034484,
    "profit_factor": 0.9333075526313073
  },
  "win015_tr20170701-20220630_te20220701-20220930_va20221001-20221231": {
    "cumulative_return_pct": 20.958521347246506,
    "annualized_return_pct": 120.28671144919412,
    "max_drawdown_pct": 29.964148608364344,
    "sharpe": 1.3415714971498935,
    "win_rate_pct": 48.4375,
    "profit_factor": 1.1783616079791814
  },
  "win016_tr20180101-20221231_te20230101-20230331_va20230401-20230630": {
    "cumulative_return_pct": -36.84795393411416,
    "annualized_return_pct": -85.4798417984709,
    "max_drawdown_pct": 50.22682651194441,
    "sharpe": -1.0762132620530587,
    "win_rate_pct": 37.28813559322034,
    "profit_factor": 0.6540605298424215
  },
  "win017_tr20180701-20230630_te20230701-20230930_va20231001-20231231": {
    "cumulative_return_pct": 19.722107955253755,
    "annualized_return_pct": 112.91070948616984,
    "max_drawdown_pct": 29.905795918193583,
    "sharpe": 1.5301185211810675,
    "win_rate_pct": 59.375,
    "profit_factor": 1.21016766438654
  },
  "win018_tr20190101-20231231_te20240101-20240331_va20240401-20240630": {
    "cumulative_return_pct": -43.762518475863196,
    "annualized_return_pct": -91.07640982680965,
    "max_drawdown_pct": 51.521181663981274,
    "sharpe": -0.9353370157644317,
    "win_rate_pct": 43.103448275862064,
    "profit_factor": 0.6553156522407142
  },
  "win019_tr20190701-20240630_te20240701-20240930_va20241001-20241231": {
    "cumulative_return_pct": 57.291885909266114,
    "annualized_return_pct": 528.4920864409625,
    "max_drawdown_pct": 20.232880535262975,
    "sharpe": 5.593570083951216,
    "win_rate_pct": 49.2063492063492,
    "profit_factor": 1.4373404304416983
  },
  "win020_tr20200101-20241231_te20250101-20250331_va20250401-20250630": {
    "cumulative_return_pct": -11.622361787603237,
    "annualized_return_pct": -40.118807989739636,
    "max_drawdown_pct": 26.367725016611555,
    "sharpe": -0.5511361353697809,
    "win_rate_pct": 43.859649122807014,
    "profit_factor": 0.8873711530870783
  },
  "win021_tr20200701-20250630_te20250701-20250930_va20251001-20251231": {
    "cumulative_return_pct": 119.81498994896873,
    "annualized_return_pct": 2344.457908030402,
    "max_drawdown_pct": 13.336767987063302,
    "sharpe": 26.88979878042378,
    "win_rate_pct": 55.38461538461539,
    "profit_factor": 2.007253300288235
  }
}