{
  "win000_tr20100101-20141231_te20150101-20150331_va20150401-20150630": {
    "cumulative_return_pct": 29.2246032429232,
    "annualized_return_pct": 200.9240554690129,
    "max_drawdown_pct": 14.845048535165386,
    "sharpe": 3.504378355562874,
    "win_rate_pct": 56.14035087719298,
    "profit_factor": 1.3915629358330714
  },
  "win001_tr20100701-20150630_te20150701-20150930_va20151001-20151231": {
    "cumulative_return_pct": 29.885148096427184,
    "annualized_return_pct": 188.97633540756772,
    "max_drawdown_pct": 42.886918475611765,
    "sharpe": 1.2856636156263224,
    "win_rate_pct": 53.96825396825397,
    "profit_factor": 1.1118149934846053
  },
  "win002_tr20110101-20151231_te20160101-20160331_va20160401-20160630": {
    "cumulative_return_pct": -59.3172467277465,
    "annualized_return_pct": -97.70809376977242,
    "max_drawdown_pct": 68.30386506694146,
    "sharpe": -0.9656660755299953,
    "win_rate_pct": 44.06779661016949,
    "profit_factor": 0.48864940377867494
  },
  "win003_tr20110701-20160630_te20160701-20160930_va20161001-20161231": {
    "cumulative_return_pct": 9.330972239448805,
    "annualized_return_pct": 44.81259474318966,
    "max_drawdown_pct": 37.00801861393016,
    "sharpe": 0.5534869820437284,
    "win_rate_pct": 53.96825396825397,
    "profit_factor": 1.0802469019267802
  },
  "win004_tr20120101-20161231_te20170101-20170331_va20170401-20170630": {
    "cumulative_return_pct": -19.876946018599067,
    "annualized_return_pct": -60.55904587340184,
    "max_drawdown_pct": 31.65630247340288,
    "sharpe": -0.9023805307713347,
    "win_rate_pct": 42.3728813559322,
    "profit_factor": 0.7921171935996751
  },
  "win005_tr20120701-20170630_te20170701-20170930_va20171001-20171231": {
    "cumulative_return_pct": -11.308789854998595,
    "annualized_return_pct": -39.23202051715656,
    "max_drawdown_pct": 25.487219557573837,
    "sharpe": -0.7411390396080937,
    "win_rate_pct": 47.69230769230769,
    "profit_factor": 0.8534600703265663
  },
  "win006_tr20130101-20171231_te20180101-20180331_va20180401-20180630": {
    "cumulative_return_pct": 23.518050981497623,
    "annualized_return_pct": 142.7222844786488,
    "max_drawdown_pct": 22.403468468596905,
    "sharpe": 1.6188462512215047,
    "win_rate_pct": 55.932203389830505,
    "profit_factor": 1.1883330836602986
  },
  "win007_tr20130701-20180630_te20180701-20180930_va20181001-20181231": {
    "cumulative_return_pct": -62.3715323826601,
    "annualized_return_pct": -98.26957641425508,
    "max_drawdown_pct": 62.54513544877772,
    "sharpe": -1.1446228269438943,
    "win_rate_pct": 34.375,
    "profit_factor": 0.44576807229773463
  },
  "win008_tr20140101-20181231_te20190101-20190331_va20190401-20190630": {
    "cumulative_return_pct": -41.69365505029709,
    "annualized_return_pct": -89.88482772722514,
    "max_drawdown_pct": 63.45398078990954,
    "sharpe": -0.7942018668055757,
    "win_rate_pct": 50.0,
    "profit_factor": 0.6946329333441409
  },
  "win009_tr20140701-20190630_te20190701-20190930_va20191001-20191231": {
    "cumulative_return_pct": -14.35612534796429,
    "annualized_return_pct": -46.68380104014284,
    "max_drawdown_pct": 42.90145269289533,
    "sharpe": -0.49964411078540255,
    "win_rate_pct": 37.5,
    "profit_factor": 0.8758639188904219
  },
  "win010_tr20150101-20191231_te20200101-20200331_va20200401-20200630": {
    "cumulative_return_pct": 99.87801718272625,
    "annualized_return_pct": 1615.2183616255045,
    "max_drawdown_pct": 37.257699461253324,
    "sharpe": 12.64802285787485,
    "win_rate_pct": 58.620689655172406,
    "profit_factor": 1.2857929099259933
  },
  "win011_tr20150701-20200630_te20200701-20200930_va20201001-20201231": {
    "cumulative_return_pct": -85.14130102839799,
    "annualized_return_pct": -99.95638639197547,
    "max_drawdown_pct": 88.47941674331038,
    "sharpe": -0.7141304947160837,
    "win_rate_pct": 26.153846153846157,
    "profit_factor": 0.44368736110216167
  },
  "win012_tr20160101-20201231_te20210101-20210331_va20210401-20210630": {
    "cumulative_return_pct": -43.12447419690752,
    "annualized_return_pct": -90.89781871691282,
    "max_drawdown_pct": 50.66139561611861,
    "sharpe": -0.6641578414380274,
    "win_rate_pct": 53.44827586206896,
    "profit_factor": 0.7566768718387563
  },
  "win013_tr20160701-20210630_te20210701-20210930_va20211001-20211231": {
    "cumulative_return_pct": -63.74172834424912,
    "annualized_return_pct": -98.37097728043088,
    "max_drawdown_pct": 70.37839409170462,
    "sharpe": -0.6625004631721191,
    "win_rate_pct": 41.269841269841265,
    "profit_factor": 0.6678772529935282
  },
  "win014_tr20170101-20211231_te20220101-20220331_va20220401-20220630": {
    "cumulative_return_pct": -24.261562067983895,
    "annualized_return_pct": -69.27829705189949,
    "max_drawdown_pct": 34.81580688770389,
    "sharpe": -0.7026447190568124,
    "win_rate_pct": 50.0,
    "profit_factor": 0.8082779498970929
  },
  "win015_tr20170701-20220630_te20220701-20220930_va20221001-20221231": {
    "cumulative_return_pct": -10.263878605120514,
    "annualized_return_pct": -36.20486680053355,
    "max_drawdown_pct": 22.416777832326897,
    "sharpe": -0.504021189875056,
    "win_rate_pct": 43.75,
    "profit_factor": 0.9074701432773892
  },
  "win016_tr20180101-20221231_te20230101-20230331_va20230401-20230630": {
    "cumulative_return_pct": 36.825470020921365,
    "annualized_return_pct": 272.96357058523665,
    "max_drawdown_pct": 14.765943908583179,
    "sharpe": 4.177239508727273,
    "win_rate_pct": 49.152542372881356,
    "profit_factor": 1.4012259459523773
  },
  "win017_tr20180701-20230630_te20230701-20230930_va20231001-20231231": {
    "cumulative_return_pct": 52.87592617170175,
    "annualized_return_pct": 494.16408774383046,
    "max_drawdown_pct": 20.70646752564642,
    "sharpe": 6.667454775889091,
    "win_rate_pct": 45.3125,
    "profit_factor": 1.4626247354142978
  },
  "win018_tr20190101-20231231_te20240101-20240331_va20240401-20240630": {
    "cumulative_return_pct": -56.46567072397761,
    "annualized_return_pct": -96.95409393050825,
    "max_drawdown_pct": 53.08068364220667,
    "sharpe": -0.9974415923879721,
    "win_rate_pct": 41.37931034482759,
    "profit_factor": 0.5109235355436694
  },
  "win019_tr20190701-20240630_te20240701-20240930_va20241001-20241231": {
    "cumulative_return_pct": 132.74633723832528,
    "annualized_return_pct": 2982.711769358851,
    "max_drawdown_pct": 44.013067919649366,
    "sharpe": 17.323793938757735,
    "win_rate_pct": 58.730158730158735,
    "profit_factor": 1.303417072462629
  },
  "win020_tr20200101-20241231_te20250101-20250331_va20250401-20250630": {
    "cumulative_return_pct": 0.5069128025833052,
    "annualized_return_pct": 2.1208382061033815,
    "max_drawdown_pct": 33.67767147366664,
    "sharpe": -0.011863133748578046,
    "win_rate_pct": 42.10526315789473,
    "profit_factor": 1.0051986422933545
  },
  "win021_tr20200701-20250630_te20250701-20250930_va20251001-20251231": {
    "cumulative_return_pct": -14.806073095680834,
    "annualized_return_pct": -47.8114715122136,
    "max_drawdown_pct": 28.10168303331923,
    "sharpe": -0.6927124817595651,
    "win_rate_pct": 43.07692307692308,
    "profit_factor": 0.8636278266906707
  }
}