{
  "win000_tr20100101-20141231_te20150101-20150331_va20150401-20150630": {
    "cumulative_return_pct": 5.647240394875384,
    "annualized_return_pct": 26.625130392204287,
    "max_drawdown_pct": 29.20476856523778,
    "sharpe": 0.2765301220579707,
    "win_rate_pct": 54.385964912280706,
    "profit_factor": 1.0522128530506172
  },
  "win001_tr20100701-20150630_te20150701-20150930_va20151001-20151231": {
    "cumulative_return_pct": -62.61391893395584,
    "annualized_return_pct": -98.1553476899442,
    "max_drawdown_pct": 67.05636218802084,
    "sharpe": -0.7694246809909409,
    "win_rate_pct": 46.03174603174603,
    "profit_factor": 0.601360312751952
  },
  "win002_tr20110101-20151231_te20160101-20160331_va20160401-20160630": {
    "cumulative_return_pct": -47.606096213016336,
    "annualized_return_pct": -93.37076853023453,
    "max_drawdown_pct": 60.65069682913213,
    "sharpe": -0.8076981458149151,
    "win_rate_pct": 47.45762711864407,
    "profit_factor": 0.642073920598651
  },
  "win003_tr20110701-20160630_te20160701-20160930_va20161001-20161231": {
    "cumulative_return_pct": -38.62344933642289,
    "annualized_return_pct": -86.8147056657074,
    "max_drawdown_pct": 42.43633200598306,
    "sharpe": -1.1626530196186562,
    "win_rate_pct": 41.269841269841265,
    "profit_factor": 0.6077209986913313
  },
  "win004_tr20120101-20161231_te20170101-20170331_va20170401-20170630": {
    "cumulative_return_pct": -49.0392343986089,
    "annualized_return_pct": -94.09940604333255,
    "max_drawdown_pct": 52.079389637778895,
    "sharpe": -1.0712205821940186,
    "win_rate_pct": 44.06779661016949,
    "profit_factor": 0.5267809022600405
  },
  "win005_tr20120701-20170630_te20170701-20170930_va20171001-20171231": {
    "cumulative_return_pct": 14.812710974835442,
    "annualized_return_pct": 77.41587101592415,
    "max_drawdown_pct": 23.98913259002887,
    "sharpe": 1.0871867039972933,
    "win_rate_pct": 52.307692307692314,
    "profit_factor": 1.1349988461754512
  },
  "win006_tr20130101-20171231_te20180101-20180331_va20180401-20180630": {
    "cumulative_return_pct": -1.9172636218818022,
    "annualized_return_pct": -7.805862738790403,
    "max_drawdown_pct": 43.09876814866389,
    "sharpe": -0.1224691588048056,
    "win_rate_pct": 52.54237288135594,
    "profit_factor": 0.980191518125009
  },
  "win007_tr20130701-20180630_te20180701-20180930_va20181001-20181231": {
    "cumulative_return_pct": -46.63001416231934,
    "annualized_return_pct": -92.6187830812879,
    "max_drawdown_pct": 48.098473144453145,
    "sharpe": -2.170532805626048,
    "win_rate_pct": 34.375,
    "profit_factor": 0.42503018165744433
  },
  "win008_tr20140101-20181231_te20190101-20190331_va20190401-20190630": {
    "cumulative_return_pct": -5.295101991079655,
    "annualized_return_pct": -20.63088134412586,
    "max_drawdown_pct": 30.590245610063416,
    "sharpe": -0.2115295315463977,
    "win_rate_pct": 43.103448275862064,
    "profit_factor": 0.9617686632220361
  },
  "win009_tr20140701-20190630_te20190701-20190930_va20191001-20191231": {
    "cumulative_return_pct": -12.851843171110957,
    "annualized_return_pct": -42.77999556381036,
    "max_drawdown_pct": 38.49658536432116,
    "sharpe": -0.4574632853954002,
    "win_rate_pct": 48.4375,
    "profit_factor": 0.9270373533129
  },
  "win010_tr20150101-20191231_te20200101-20200331_va20200401-20200630": {
    "cumulative_return_pct": 17.920211289104074,
    "annualized_return_pct": 96.69501184679443,
    "max_drawdown_pct": 32.56156693888067,
    "sharpe": 0.7844883680749177,
    "win_rate_pct": 51.724137931034484,
    "profit_factor": 1.0825053557416309
  },
  "win011_tr20150701-20200630_te20200701-20200930_va20201001-20201231": {
    "cumulative_return_pct": -40.941648889618236,
    "annualized_return_pct": -88.2026803563515,
    "max_drawdown_pct": 54.61328451137759,
    "sharpe": -1.1287518143061508,
    "win_rate_pct": 49.23076923076923,
    "profit_factor": 0.6852810294278356
  },
  "win012_tr20160101-20201231_te20210101-20210331_va20210401-20210630": {
    "cumulative_return_pct": -40.87772096126363,
    "annualized_return_pct": -89.26984555299035,
    "max_drawdown_pct": 50.80448084292634,
    "sharpe": -0.9368131284250905,
    "win_rate_pct": 43.103448275862064,
    "profit_factor": 0.7100688710951125
  },
  "win013_tr20160701-20210630_te20210701-20210930_va20211001-20211231": {
    "cumulative_return_pct": 8.996158533654013,
    "annualized_return_pct": 41.84926413873558,
    "max_drawdown_pct": 41.45043967580831,
    "sharpe": 0.315602381578622,
    "win_rate_pct": 55.55555555555556,
    "profit_factor": 1.0362570839177887
  },
  "win014_tr20170101-20211231_te20220101-20220331_va20220401-20220630": {
    "cumulative_return_pct": -26.176974346084762,
    "annualized_return_pct": -72.44512234897543,
    "max_drawdown_pct": 48.96180096430395,
    "sharpe": -0.5276488606814417,
    "win_rate_pct": 46.55172413793103,
    "profit_factor": 0.846059263501378
  },
  "win015_tr20170701-20220630_te20220701-20220930_va20221001-20221231": {
    "cumulative_return_pct": -37.9462248206584,
    "annualized_return_pct": -86.2002786354357,
    "max_drawdown_pct": 43.33031176415448,
    "sharpe": -0.9272784113938698,
    "win_rate_pct": 48.4375,
    "profit_factor": 0.7563979787185853
  },
  "win016_tr20180101-20221231_te20230101-20230331_va20230401-20230630": {
    "cumulative_return_pct": -49.98596778100626,
    "annualized_return_pct": -94.54613153915982,
    "max_drawdown_pct": 52.76937717428537,
    "sharpe": -0.9346644406958613,
    "win_rate_pct": 49.152542372881356,
    "profit_factor": 0.6049914304336553
  },
  "win017_tr20180701-20230630_te20230701-20230930_va20231001-20231231": {
    "cumulative_return_pct": -9.068510142142012,
    "annualized_return_pct": -32.90791773931821,
    "max_drawdown_pct": 28.63601852415808,
    "sharpe": -0.4773797666121189,
    "win_rate_pct": 43.75,
    "profit_factor": 0.9263824246810257
  },
  "win018_tr20190101-20231231_te20240101-20240331_va20240401-20240630": {
    "cumulative_return_pct": -43.95168274296002,
    "annualized_return_pct": -91.20174912182172,
    "max_drawdown_pct": 43.58733724969379,
    "sharpe": -1.0761464148008382,
    "win_rate_pct": 44.827586206896555,
    "profit_factor": 0.636665558383343
  },
  "win019_tr20190701-20240630_te20240701-20240930_va20241001-20241231": {
    "cumulative_return_pct": 7.656885630374914,
    "annualized_return_pct": 34.90758069132431,
    "max_drawdown_pct": 33.07632508255743,
    "sharpe": 0.2732823642112052,
    "win_rate_pct": 42.857142857142854,
    "profit_factor": 1.0537539143968417
  },
  "win020_tr20200101-20241231_te20250101-20250331_va20250401-20250630": {
    "cumulative_return_pct": 8.168813988017314,
    "annualized_return_pct": 38.529720535390325,
    "max_drawdown_pct": 33.41541278080514,
    "sharpe": 0.4169972881357773,
    "win_rate_pct": 54.385964912280706,
    "profit_factor": 1.0715290964490154
  },
  "win021_tr20200701-20250630_te20250701-20250930_va20251001-20251231": {
    "cumulative_return_pct": -26.021714541121337,
    "annualized_return_pct": -70.5705963103898,
    "max_drawdown_pct": 49.87998038127609,
    "sharpe": -0.8587622742214817,
    "win_rate_pct": 47.69230769230769,
    "profit_factor": 0.8004662368299761
  }
}