{
  "win000_tr20100101-20141231_te20150101-20150331_va20150401-20150630": {
    "cumulative_return_pct": 57.22170430150146,
    "annualized_return_pct": 598.9172686971779,
    "max_drawdown_pct": 15.009766918724972,
    "sharpe": 8.984443359963446,
    "win_rate_pct": 54.385964912280706,
    "profit_factor": 1.7922894246984005
  },
  "win001_tr20100701-20150630_te20150701-20150930_va20151001-20151231": {
    "cumulative_return_pct": -27.56808960872651,
    "annualized_return_pct": -72.98848109840425,
    "max_drawdown_pct": 56.16330600425511,
    "sharpe": -0.6066498381666982,
    "win_rate_pct": 49.2063492063492,
    "profit_factor": 0.8709094464928303
  },
  "win002_tr20110101-20151231_te20160101-20160331_va20160401-20160630": {
    "cumulative_return_pct": -57.909722393531126,
    "annualized_return_pct": -97.35630420017495,
    "max_drawdown_pct": 54.8880144105332,
    "sharpe": -1.1311983401526249,
    "win_rate_pct": 44.06779661016949,
    "profit_factor": 0.48322007693576163
  },
  "win003_tr20110701-20160630_te20160701-20160930_va20161001-20161231": {
    "cumulative_return_pct": 23.416716587153243,
    "annualized_return_pct": 139.47157349204855,
    "max_drawdown_pct": 35.929913382026015,
    "sharpe": 1.890550187951969,
    "win_rate_pct": 53.96825396825397,
    "profit_factor": 1.2409062125734134
  },
  "win004_tr20120101-20161231_te20170101-20170331_va20170401-20170630": {
    "cumulative_return_pct": 5.252489098902349,
    "annualized_return_pct": 23.976006873860143,
    "max_drawdown_pct": 32.5165918447942,
    "sharpe": 0.31401911034012503,
    "win_rate_pct": 49.152542372881356,
    "profit_factor": 1.069972517098428
  },
  "win005_tr20120701-20170630_te20170701-20170930_va20171001-20171231": {
    "cumulative_return_pct": -9.952190335529636,
    "annualized_return_pct": -35.280117629510386,
    "max_drawdown_pct": 18.66844516595972,
    "sharpe": -0.6949565362252568,
    "win_rate_pct": 46.15384615384615,
    "profit_factor": 0.8788833953644271
  },
  "win006_tr20130101-20171231_te20180101-20180331_va20180401-20180630": {
    "cumulative_return_pct": -27.228165742592513,
    "annualized_return_pct": -73.6679939952508,
    "max_drawdown_pct": 52.37572654938505,
    "sharpe": -0.8080325637387098,
    "win_rate_pct": 45.76271186440678,
    "profit_factor": 0.7287416080124217
  },
  "win007_tr20130701-20180630_te20180701-20180930_va20181001-20181231": {
    "cumulative_return_pct": -71.98899616564056,
    "annualized_return_pct": -99.49172356513046,
    "max_drawdown_pct": 71.92515592338147,
    "sharpe": -2.021898952809085,
    "win_rate_pct": 23.4375,
    "profit_factor": 0.20938686298575274
  },
  "win008_tr20140101-20181231_te20190101-20190331_va20190401-20190630": {
    "cumulative_return_pct": -27.59562508888885,
    "annualized_return_pct": -74.62488047791183,
    "max_drawdown_pct": 60.179715839863135,
    "sharpe": -0.6961387269402888,
    "win_rate_pct": 37.93103448275862,
    "profit_factor": 0.8100280591780135
  },
  "win009_tr20140701-20190630_te20190701-20190930_va20191001-20191231": {
    "cumulative_return_pct": 12.120205536090536,
    "annualized_return_pct": 59.0866613038463,
    "max_drawdown_pct": 25.268362058304028,
    "sharpe": 0.7506532702949565,
    "win_rate_pct": 57.8125,
    "profit_factor": 1.1055097584972426
  },
  "win010_tr20150101-20191231_te20200101-20200331_va20200401-20200630": {
    "cumulative_return_pct": -36.51083745009709,
    "annualized_return_pct": -84.50140057432151,
    "max_drawdown_pct": 46.2065898495728,
    "sharpe": -0.8029982773580341,
    "win_rate_pct": 44.827586206896555,
    "profit_factor": 0.7294919257640294
  },
  "win011_tr20150701-20200630_te20200701-20200930_va20201001-20201231": {
    "cumulative_return_pct": -22.089337957324226,
    "annualized_return_pct": -63.686838212552985,
    "max_drawdown_pct": 45.93195799328214,
    "sharpe": -0.96305757619223,
    "win_rate_pct": 46.15384615384615,
    "profit_factor": 0.8111760984685464
  },
  "win012_tr20160101-20201231_te20210101-20210331_va20210401-20210630": {
    "cumulative_return_pct": -5.3994341677275255,
    "annualized_return_pct": -21.00157259043758,
    "max_drawdown_pct": 38.258174110789334,
    "sharpe": -0.2651633609914953,
    "win_rate_pct": 48.275862068965516,
    "profit_factor": 0.9590307931161605
  },
  "win013_tr20160701-20210630_te20210701-20210930_va20211001-20211231": {
    "cumulative_return_pct": -29.47968688005116,
    "annualized_return_pct": -75.76692137645287,
    "max_drawdown_pct": 42.105020467205236,
    "sharpe": -0.889049069527318,
    "win_rate_pct": 46.03174603174603,
    "profit_factor": 0.7984572704264268
  },
  "win014_tr20170101-20211231_te20220101-20220331_va20220401-20220630": {
    "cumulative_return_pct": 16.330848851019656,
    "annualized_return_pct": 90.1132293867462,
    "max_drawdown_pct": 40.4764103056383,
    "sharpe": 1.0709107464056786,
    "win_rate_pct": 50.0,
    "profit_factor": 1.1810512086238416
  },
  "win015_tr20170701-20220630_te20220701-20220930_va20221001-20221231": {
    "cumulative_return_pct": -30.923225544524275,
    "annualized_return_pct": -78.4654044891687,
    "max_drawdown_pct": 35.61516431928169,
    "sharpe": -1.0411783716944587,
    "win_rate_pct": 40.625,
    "profit_factor": 0.7129593014721096
  },
  "win016_tr20180101-20221231_te20230101-20230331_va20230401-20230630": {
    "cumulative_return_pct": -39.90256857066958,
    "annualized_return_pct": -88.2083085265648,
    "max_drawdown_pct": 42.415631608499176,
    "sharpe": -1.3920556630269092,
    "win_rate_pct": 40.67796610169492,
    "profit_factor": 0.592288517472311
  },
  "win017_tr20180701-20230630_te20230701-20230930_va20231001-20231231": {
    "cumulative_return_pct": 49.93542157757366,
    "annualized_return_pct": 447.63922386887936,
    "max_drawdown_pct": 12.137360641123482,
    "sharpe": 7.0747409074379375,
    "win_rate_pct": 53.125,
    "profit_factor": 1.5593071665960088
  },
  "win018_tr20190101-20231231_te20240101-20240331_va20240401-20240630": {
    "cumulative_return_pct": -51.48413478320083,
    "annualized_return_pct": -95.19986491648696,
    "max_drawdown_pct": 53.70738715878327,
    "sharpe": -1.1352582000969396,
    "win_rate_pct": 44.827586206896555,
    "profit_factor": 0.535492448245224
  },
  "win019_tr20190701-20240630_te20240701-20240930_va20241001-20241231": {
    "cumulative_return_pct": 142.0925695525732,
    "annualized_return_pct": 3516.8022033739057,
    "max_drawdown_pct": 15.505149761628124,
    "sharpe": 41.260793695095884,
    "win_rate_pct": 55.55555555555556,
    "profit_factor": 2.592086115618766
  },
  "win020_tr20200101-20241231_te20250101-20250331_va20250401-20250630": {
    "cumulative_return_pct": 12.307187391829189,
    "annualized_return_pct": 61.88998288108447,
    "max_drawdown_pct": 22.497053815790817,
    "sharpe": 0.7326296577539041,
    "win_rate_pct": 45.614035087719294,
    "profit_factor": 1.1123632699672577
  },
  "win021_tr20200701-20250630_te20250701-20250930_va20251001-20251231": {
    "cumulative_return_pct": -28.25539647181783,
    "annualized_return_pct": -74.01368697905,
    "max_drawdown_pct": 27.58388397650075,
    "sharpe": -1.1620611568411028,
    "win_rate_pct": 35.38461538461539,
    "profit_factor": 0.7331288337311025
  }
}