{
  "win000_tr20100101-20141231_te20150101-20150331_va20150401-20150630": {
    "cumulative_return_pct": 31.19584384435902,
    "annualized_return_pct": 221.15116985273556,
    "max_drawdown_pct": 21.692022412800966,
    "sharpe": 3.1675147985012275,
    "win_rate_pct": 56.14035087719298,
    "profit_factor": 1.4019329697994851
  },
  "win001_tr20100701-20150630_te20150701-20150930_va20151001-20151231": {
    "cumulative_return_pct": -52.657809017130106,
    "annualized_return_pct": -95.19105769975779,
    "max_drawdown_pct": 65.2760879162111,
    "sharpe": -0.7128294955709861,
    "win_rate_pct": 55.55555555555556,
    "profit_factor": 0.7503023700297786
  },
  "win002_tr20110101-20151231_te20160101-20160331_va20160401-20160630": {
    "cumulative_return_pct": -22.598696133937164,
    "annualized_return_pct": -65.88584838239022,
    "max_drawdown_pct": 43.98984423539832,
    "sharpe": -0.7765445787690969,
    "win_rate_pct": 55.932203389830505,
    "profit_factor": 0.820193546148748
  },
  "win003_tr20110701-20160630_te20160701-20160930_va20161001-20161231": {
    "cumulative_return_pct": 0.9881016792961747,
    "annualized_return_pct": 4.1654734426983975,
    "max_drawdown_pct": 23.393018923632507,
    "sharpe": 0.016604342391827624,
    "win_rate_pct": 52.38095238095239,
    "profit_factor": 1.0091292327095898
  },
  "win004_tr20120101-20161231_te20170101-20170331_va20170401-20170630": {
    "cumulative_return_pct": -23.623489578256223,
    "annualized_return_pct": -67.74232934084355,
    "max_drawdown_pct": 31.107697507827204,
    "sharpe": -1.4317511622788,
    "win_rate_pct": 52.54237288135594,
    "profit_factor": 0.6727312677836834
  },
  "win005_tr20120701-20170630_te20170701-20170930_va20171001-20171231": {
    "cumulative_return_pct": 25.256660356145282,
    "annualized_return_pct": 154.64139547193744,
    "max_drawdown_pct": 33.447954655537885,
    "sharpe": 1.9575525004826113,
    "win_rate_pct": 53.84615384615385,
    "profit_factor": 1.2881249600912068
  },
  "win006_tr20130101-20171231_te20180101-20180331_va20180401-20180630": {
    "cumulative_return_pct": 5.012949906920199,
    "annualized_return_pct": 22.795762309158405,
    "max_drawdown_pct": 22.289640179404422,
    "sharpe": 0.25802946118018955,
    "win_rate_pct": 49.152542372881356,
    "profit_factor": 1.0552899879172752
  },
  "win007_tr20130701-20180630_te20180701-20180930_va20181001-20181231": {
    "cumulative_return_pct": -32.21029813115972,
    "annualized_return_pct": -80.08255967518423,
    "max_drawdown_pct": 49.16724042983358,
    "sharpe": -1.2028534322720867,
    "win_rate_pct": 43.75,
    "profit_factor": 0.7109180781834464
  },
  "win008_tr20140101-20181231_te20190101-20190331_va20190401-20190630": {
    "cumulative_return_pct": -34.88426797196631,
    "annualized_return_pct": -83.83011983179493,
    "max_drawdown_pct": 46.70426593606189,
    "sharpe": -0.9554976888479514,
    "win_rate_pct": 46.55172413793103,
    "profit_factor": 0.6540814638478749
  },
  "win009_tr20140701-20190630_te20190701-20190930_va20191001-20191231": {
    "cumulative_return_pct": -44.023532043038564,
    "annualized_return_pct": -90.50877461362046,
    "max_drawdown_pct": 54.53306287548026,
    "sharpe": -1.3399566233596008,
    "win_rate_pct": 37.5,
    "profit_factor": 0.527010786269536
  },
  "win010_tr20150101-20191231_te20200101-20200331_va20200401-20200630": {
    "cumulative_return_pct": 11.2679516152638,
    "annualized_return_pct": 54.98859293795597,
    "max_drawdown_pct": 33.62966236237692,
    "sharpe": 0.401160827731885,
    "win_rate_pct": 48.275862068965516,
    "profit_factor": 1.0509571269653513
  },
  "win011_tr20150701-20200630_te20200701-20200930_va20201001-20201231": {
    "cumulative_return_pct": -38.43646837406119,
    "annualized_return_pct": -86.03616717986624,
    "max_drawdown_pct": 50.25583287253389,
    "sharpe": -0.9840137877235943,
    "win_rate_pct": 44.61538461538462,
    "profit_factor": 0.6434460581644006
  },
  "win012_tr20160101-20201231_te20210101-20210331_va20210401-20210630": {
    "cumulative_return_pct": -41.833489009844676,
    "annualized_return_pct": -89.98745685370153,
    "max_drawdown_pct": 53.41687640121361,
    "sharpe": -0.9612895812959978,
    "win_rate_pct": 48.275862068965516,
    "profit_factor": 0.6871051967798676
  },
  "win013_tr20160701-20210630_te20210701-20210930_va20211001-20211231": {
    "cumulative_return_pct": -44.56596799890151,
    "annualized_return_pct": -90.87654151645872,
    "max_drawdown_pct": 53.53214630404807,
    "sharpe": -0.9057279942618236,
    "win_rate_pct": 39.682539682539684,
    "profit_factor": 0.6625885731196642
  },
  "win014_tr20170101-20211231_te20220101-20220331_va20220401-20220630": {
    "cumulative_return_pct": -56.864815723271434,
    "annualized_return_pct": -97.18747700968535,
    "max_drawdown_pct": 56.25953167151958,
    "sharpe": -1.223733750380499,
    "win_rate_pct": 39.6551724137931,
    "profit_factor": 0.49393342838744875
  },
  "win015_tr20170701-20220630_te20220701-20220930_va20221001-20221231": {
    "cumulative_return_pct": -12.519305449078292,
    "annualized_return_pct": -42.60121245355756,
    "max_drawdown_pct": 25.696143989641584,
    "sharpe": -0.6316487347280361,
    "win_rate_pct": 45.3125,
    "profit_factor": 0.8915101268189255
  },
  "win016_tr20180101-20221231_te20230101-20230331_va20230401-20230630": {
    "cumulative_return_pct": 16.84967372638099,
    "annualized_return_pct": 92.27327244391266,
    "max_drawdown_pct": 22.483443399717856,
    "sharpe": 1.3538211667971385,
    "win_rate_pct": 47.45762711864407,
    "profit_factor": 1.1787609221187714
  },
  "win017_tr20180701-20230630_te20230701-20230930_va20231001-20231231": {
    "cumulative_return_pct": -26.942817463244705,
    "annualized_return_pct": -73.2317902875122,
    "max_drawdown_pct": 31.031473609116382,
    "sharpe": -1.2184797350590313,
    "win_rate_pct": 43.75,
    "profit_factor": 0.698663291763094
  },
  "win018_tr20190101-20231231_te20240101-20240331_va20240401-20240630": {
    "cumulative_return_pct": -21.86678092743992,
    "annualized_return_pct": -64.51091685228114,
    "max_drawdown_pct": 55.367837311023806,
    "sharpe": -0.7674036472477486,
    "win_rate_pct": 51.724137931034484,
    "profit_factor": 0.7559618657087898
  },
  "win019_tr20190701-20240630_te20240701-20240930_va20241001-20241231": {
    "cumulative_return_pct": 214.76308155357654,
    "annualized_return_pct": 10395.042655830197,
    "max_drawdown_pct": 31.386250389835812,
    "sharpe": 78.39032953388954,
    "win_rate_pct": 58.730158730158735,
    "profit_factor": 1.855184553429517
  },
  "win020_tr20200101-20241231_te20250101-20250331_va20250401-20250630": {
    "cumulative_return_pct": -8.120200272967178,
    "annualized_return_pct": -29.637336991017847,
    "max_drawdown_pct": 21.32320960770207,
    "sharpe": -0.31906140128087535,
    "win_rate_pct": 42.10526315789473,
    "profit_factor": 0.9335151576196175
  },
  "win021_tr20200701-20250630_te20250701-20250930_va20251001-20251231": {
    "cumulative_return_pct": 7.889270294042048,
    "annualized_return_pct": 36.09330302573666,
    "max_drawdown_pct": 21.475373139720936,
    "sharpe": 0.4455325682822697,
    "win_rate_pct": 46.15384615384615,
    "profit_factor": 1.08101232268645
  }
}