{
  "size": 4,
  "models": "DLinear,FreTS,TimeMixer,iTransformer",
  "num_windows": 22,
  "mean_test_cumulative_return_pct": 3.7342668555764775,
  "std_test_cumulative_return_pct": 65.53448905392581,
  "min_test_cumulative_return_pct": -56.66932686984576,
  "max_test_cumulative_return_pct": 273.7480221685081,
  "mean_test_annualized_return_pct": 974.1246581228264,
  "mean_test_max_drawdown_pct": 36.361960506671736,
  "mean_test_sharpe": 9.956564104467766,
  "mean_test_win_rate_pct": 49.03654904306647,
  "mean_test_profit_factor": 1.0171264067502175
}