{
  "win000_tr20100101-20141231_te20150101-20150331_va20150401-20150630": {
    "cumulative_return_pct": 25.330296245310315,
    "annualized_return_pct": 163.84731836697122,
    "max_drawdown_pct": 20.230714080398787,
    "sharpe": 2.6127892810591,
    "win_rate_pct": 49.122807017543856,
    "profit_factor": 1.338930393640323
  },
  "win001_tr20100701-20150630_te20150701-20150930_va20151001-20151231": {
    "cumulative_return_pct": -10.870891392163582,
    "annualized_return_pct": -37.31513037330788,
    "max_drawdown_pct": 57.807977361465646,
    "sharpe": -0.2708399656537546,
    "win_rate_pct": 57.14285714285714,
    "profit_factor": 0.957880147727247
  },
  "win002_tr20110101-20151231_te20160101-20160331_va20160401-20160630": {
    "cumulative_return_pct": -48.37613270887879,
    "annualized_return_pct": -93.7702971027667,
    "max_drawdown_pct": 60.42408680260326,
    "sharpe": -0.998630333666037,
    "win_rate_pct": 44.06779661016949,
    "profit_factor": 0.5602552336217542
  },
  "win003_tr20110701-20160630_te20160701-20160930_va20161001-20161231": {
    "cumulative_return_pct": -12.852636114581232,
    "annualized_return_pct": -43.50354334860068,
    "max_drawdown_pct": 41.36498414439592,
    "sharpe": -0.6844101281558607,
    "win_rate_pct": 49.2063492063492,
    "profit_factor": 0.8338443481748563
  },
  "win004_tr20120101-20161231_te20170101-20170331_va20170401-20170630": {
    "cumulative_return_pct": 11.314240691966866,
    "annualized_return_pct": 56.83132027987976,
    "max_drawdown_pct": 14.575024951191597,
    "sharpe": 1.0674696220039246,
    "win_rate_pct": 55.932203389830505,
    "profit_factor": 1.157582735242152
  },
  "win005_tr20120701-20170630_te20170701-20170930_va20171001-20171231": {
    "cumulative_return_pct": -28.812540068038462,
    "annualized_return_pct": -75.59995367831166,
    "max_drawdown_pct": 35.51798858326554,
    "sharpe": -1.4749360590946352,
    "win_rate_pct": 47.69230769230769,
    "profit_factor": 0.6071084473629011
  },
  "win006_tr20130101-20171231_te20180101-20180331_va20180401-20180630": {
    "cumulative_return_pct": -29.470809688212608,
    "annualized_return_pct": -76.9106979615983,
    "max_drawdown_pct": 39.94459017249828,
    "sharpe": -1.0284108354502446,
    "win_rate_pct": 47.45762711864407,
    "profit_factor": 0.6966182976880625
  },
  "win007_tr20130701-20180630_te20180701-20180930_va20181001-20181231": {
    "cumulative_return_pct": -16.559434462437718,
    "annualized_return_pct": -52.82945764791751,
    "max_drawdown_pct": 29.084512928340946,
    "sharpe": -0.8491071882013391,
    "win_rate_pct": 51.5625,
    "profit_factor": 0.8499980346071822
  },
  "win008_tr20140101-20181231_te20190101-20190331_va20190401-20190630": {
    "cumulative_return_pct": -44.82414012083575,
    "annualized_return_pct": -91.99825979012792,
    "max_drawdown_pct": 60.82039750635957,
    "sharpe": -1.0250711363325269,
    "win_rate_pct": 50.0,
    "profit_factor": 0.6659196764051218
  },
  "win009_tr20140701-20190630_te20190701-20190930_va20191001-20191231": {
    "cumulative_return_pct": 55.696584631244114,
    "annualized_return_pct": 503.0212600886137,
    "max_drawdown_pct": 30.313859607890482,
    "sharpe": 7.5572718600910145,
    "win_rate_pct": 57.8125,
    "profit_factor": 1.6837349114437792
  },
  "win010_tr20150101-20191231_te20200101-20200331_va20200401-20200630": {
    "cumulative_return_pct": -56.66932686984576,
    "annualized_return_pct": -96.76828574470532,
    "max_drawdown_pct": 60.51183261938057,
    "sharpe": -0.9564694831644585,
    "win_rate_pct": 43.103448275862064,
    "profit_factor": 0.600382352232345
  },
  "win011_tr20150701-20200630_te20200701-20200930_va20201001-20201231": {
    "cumulative_return_pct": -11.586125055730832,
    "annualized_return_pct": -39.331667550268264,
    "max_drawdown_pct": 32.95807916835045,
    "sharpe": -0.6982602624945473,
    "win_rate_pct": 44.61538461538462,
    "profit_factor": 0.8744147627759581
  },
  "win012_tr20160101-20201231_te20210101-20210331_va20210401-20210630": {
    "cumulative_return_pct": -35.6741250077756,
    "annualized_return_pct": -84.64689381658019,
    "max_drawdown_pct": 60.50240605066372,
    "sharpe": -0.9305790745020694,
    "win_rate_pct": 48.275862068965516,
    "profit_factor": 0.6445913505752685
  },
  "win013_tr20160701-20210630_te20210701-20210930_va20211001-20211231": {
    "cumulative_return_pct": 3.503394937535108,
    "annualized_return_pct": 14.998117572246805,
    "max_drawdown_pct": 36.6210663355044,
    "sharpe": 0.12238281898555213,
    "win_rate_pct": 47.61904761904761,
    "profit_factor": 1.0280874123919768
  },
  "win014_tr20170101-20211231_te20220101-20220331_va20220401-20220630": {
    "cumulative_return_pct": -28.4689356016809,
    "annualized_return_pct": -75.89953608956202,
    "max_drawdown_pct": 43.76741432393604,
    "sharpe": -1.48589362642018,
    "win_rate_pct": 48.275862068965516,
    "profit_factor": 0.6314282020871028
  },
  "win015_tr20170701-20220630_te20220701-20220930_va20221001-20221231": {
    "cumulative_return_pct": -27.39234216492146,
    "annualized_return_pct": -73.5151152615534,
    "max_drawdown_pct": 30.509418257296023,
    "sharpe": -1.058572902189261,
    "win_rate_pct": 42.1875,
    "profit_factor": 0.7576193439538776
  },
  "win016_tr20180101-20221231_te20230101-20230331_va20230401-20230630": {
    "cumulative_return_pct": -3.596908815965988,
    "annualized_return_pct": -14.254870457809975,
    "max_drawdown_pct": 28.526507034491676,
    "sharpe": -0.33012695434298256,
    "win_rate_pct": 45.76271186440678,
    "profit_factor": 0.9546959914482892
  },
  "win017_tr20180701-20230630_te20230701-20230930_va20231001-20231231": {
    "cumulative_return_pct": 2.8794098050414934,
    "annualized_return_pct": 12.657028901899325,
    "max_drawdown_pct": 28.240796132641087,
    "sharpe": 0.14810402917353307,
    "win_rate_pct": 42.1875,
    "profit_factor": 1.025461281186093
  },
  "win018_tr20190101-20231231_te20240101-20240331_va20240401-20240630": {
    "cumulative_return_pct": 16.279402007146928,
    "annualized_return_pct": 88.36438009669152,
    "max_drawdown_pct": 34.233564602580316,
    "sharpe": 1.0429182925231064,
    "win_rate_pct": 48.275862068965516,
    "profit_factor": 1.1413666382384926
  },
  "win019_tr20190701-20240630_te20240701-20240930_va20241001-20241231": {
    "cumulative_return_pct": 273.7480221685081,
    "annualized_return_pct": 20972.499316541773,
    "max_drawdown_pct": 16.218251592675838,
    "sharpe": 213.1122689493836,
    "win_rate_pct": 61.904761904761905,
    "profit_factor": 2.820289998568389
  },
  "win020_tr20200101-20241231_te20250101-20250331_va20250401-20250630": {
    "cumulative_return_pct": 53.601937802243924,
    "annualized_return_pct": 493.8164032352306,
    "max_drawdown_pct": 17.256456640073818,
    "sharpe": 5.524626233482108,
    "win_rate_pct": 47.368421052631575,
    "profit_factor": 1.599423601248214
  },
  "win021_tr20200701-20250630_te20250701-20250930_va20251001-20251231": {
    "cumulative_return_pct": -5.045069395245717,
    "annualized_return_pct": -18.948957558016822,
    "max_drawdown_pct": 20.53320225077425,
    "sharpe": -0.35211283874317917,
    "win_rate_pct": 49.23076923076923,
    "profit_factor": 0.947147787885398
  }
}