{
  "win000_tr20100101-20141231_te20150101-20150331_va20150401-20150630": {
    "cumulative_return_pct": 96.35568519160654,
    "annualized_return_pct": 1716.456793184178,
    "max_drawdown_pct": 9.21304057071557,
    "sharpe": 29.578187534364325,
    "win_rate_pct": 61.40350877192983,
    "profit_factor": 2.453894016048319
  },
  "win001_tr20100701-20150630_te20150701-20150930_va20151001-20151231": {
    "cumulative_return_pct": -34.82398437987991,
    "annualized_return_pct": -82.40025596420158,
    "max_drawdown_pct": 68.93058630431337,
    "sharpe": -0.576234732456394,
    "win_rate_pct": 53.96825396825397,
    "profit_factor": 0.8932295359176846
  },
  "win002_tr20110101-20151231_te20160101-20160331_va20160401-20160630": {
    "cumulative_return_pct": -46.530519898205256,
    "annualized_return_pct": -92.78038862498002,
    "max_drawdown_pct": 46.54858203665842,
    "sharpe": -0.9412581926906115,
    "win_rate_pct": 44.06779661016949,
    "profit_factor": 0.5851519674037302
  },
  "win003_tr20110701-20160630_te20160701-20160930_va20161001-20161231": {
    "cumulative_return_pct": -6.436882086404204,
    "annualized_return_pct": -24.13035907890404,
    "max_drawdown_pct": 40.506714520623376,
    "sharpe": -0.3584175808634514,
    "win_rate_pct": 50.79365079365079,
    "profit_factor": 0.939711630197112
  },
  "win004_tr20120101-20161231_te20170101-20170331_va20170401-20170630": {
    "cumulative_return_pct": -11.027774142298673,
    "annualized_return_pct": -38.77113541940346,
    "max_drawdown_pct": 20.27924265481741,
    "sharpe": -0.965992629304179,
    "win_rate_pct": 49.152542372881356,
    "profit_factor": 0.8373282821260586
  },
  "win005_tr20120701-20170630_te20170701-20170930_va20171001-20171231": {
    "cumulative_return_pct": -28.367290320121114,
    "annualized_return_pct": -74.96025494772906,
    "max_drawdown_pct": 31.40374452451131,
    "sharpe": -1.2578763393589487,
    "win_rate_pct": 52.307692307692314,
    "profit_factor": 0.6634086332941199
  },
  "win006_tr20130101-20171231_te20180101-20180331_va20180401-20180630": {
    "cumulative_return_pct": -25.772671427136146,
    "annualized_return_pct": -71.3851644349905,
    "max_drawdown_pct": 44.767588169870685,
    "sharpe": -0.8553602409722588,
    "win_rate_pct": 49.152542372881356,
    "profit_factor": 0.773409967781879
  },
  "win007_tr20130701-20180630_te20180701-20180930_va20181001-20181231": {
    "cumulative_return_pct": -76.95137349732141,
    "annualized_return_pct": -99.77373633090426,
    "max_drawdown_pct": 77.21792663303847,
    "sharpe": -1.4093699749913742,
    "win_rate_pct": 29.6875,
    "profit_factor": 0.23019010638270837
  },
  "win008_tr20140101-20181231_te20190101-20190331_va20190401-20190630": {
    "cumulative_return_pct": 22.306786265562685,
    "annualized_return_pct": 135.18555343813165,
    "max_drawdown_pct": 45.17841363846739,
    "sharpe": 1.2145064561793055,
    "win_rate_pct": 46.55172413793103,
    "profit_factor": 1.1230943315998627
  },
  "win009_tr20140701-20190630_te20190701-20190930_va20191001-20191231": {
    "cumulative_return_pct": 65.02722108393165,
    "annualized_return_pct": 663.6829398939997,
    "max_drawdown_pct": 25.094587706321892,
    "sharpe": 7.236632299148181,
    "win_rate_pct": 51.5625,
    "profit_factor": 1.433064129087359
  },
  "win010_tr20150101-20191231_te20200101-20200331_va20200401-20200630": {
    "cumulative_return_pct": -23.42880357096734,
    "annualized_return_pct": -66.56415117769131,
    "max_drawdown_pct": 49.613721816310445,
    "sharpe": -0.6273498313039808,
    "win_rate_pct": 37.93103448275862,
    "profit_factor": 0.8624654919674843
  },
  "win011_tr20150701-20200630_te20200701-20200930_va20201001-20201231": {
    "cumulative_return_pct": -6.35371702020648,
    "annualized_return_pct": -23.387589973708177,
    "max_drawdown_pct": 32.40436925749439,
    "sharpe": -0.38705023602123106,
    "win_rate_pct": 52.307692307692314,
    "profit_factor": 0.9450019846499931
  },
  "win012_tr20160101-20201231_te20210101-20210331_va20210401-20210630": {
    "cumulative_return_pct": 34.49372590524678,
    "annualized_return_pct": 252.0541538329583,
    "max_drawdown_pct": 31.077777340197798,
    "sharpe": 2.4537493093782983,
    "win_rate_pct": 51.724137931034484,
    "profit_factor": 1.234724710027755
  },
  "win013_tr20160701-20210630_te20210701-20210930_va20211001-20211231": {
    "cumulative_return_pct": -20.67985326520498,
    "annualized_return_pct": -60.94607027519133,
    "max_drawdown_pct": 48.90289449162892,
    "sharpe": -0.6130220573659848,
    "win_rate_pct": 46.03174603174603,
    "profit_factor": 0.8781200657648387
  },
  "win014_tr20170101-20211231_te20220101-20220331_va20220401-20220630": {
    "cumulative_return_pct": -36.01408827740066,
    "annualized_return_pct": -84.98856365853484,
    "max_drawdown_pct": 42.08602962148006,
    "sharpe": -1.1555256985157467,
    "win_rate_pct": 37.93103448275862,
    "profit_factor": 0.6595120228549827
  },
  "win015_tr20170701-20220630_te20220701-20220930_va20221001-20221231": {
    "cumulative_return_pct": -45.260481148213344,
    "annualized_return_pct": -91.80025481092618,
    "max_drawdown_pct": 51.95230653742533,
    "sharpe": -1.0788448793182126,
    "win_rate_pct": 46.875,
    "profit_factor": 0.6653617233765989
  },
  "win016_tr20180101-20221231_te20230101-20230331_va20230401-20230630": {
    "cumulative_return_pct": -28.420749871410223,
    "annualized_return_pct": -75.43275972829493,
    "max_drawdown_pct": 36.288319060395764,
    "sharpe": -1.0283293691859885,
    "win_rate_pct": 30.508474576271187,
    "profit_factor": 0.7389712540475137
  },
  "win017_tr20180701-20230630_te20230701-20230930_va20231001-20231231": {
    "cumulative_return_pct": -30.63054671134222,
    "annualized_return_pct": -78.4632290489442,
    "max_drawdown_pct": 35.90566188670208,
    "sharpe": -1.2806777784338135,
    "win_rate_pct": 51.5625,
    "profit_factor": 0.6319598992386042
  },
  "win018_tr20190101-20231231_te20240101-20240331_va20240401-20240630": {
    "cumulative_return_pct": -42.08588018875604,
    "annualized_return_pct": -89.90506038764607,
    "max_drawdown_pct": 45.05234961692161,
    "sharpe": -1.1723487804474744,
    "win_rate_pct": 46.55172413793103,
    "profit_factor": 0.5659472022723492
  },
  "win019_tr20190701-20240630_te20240701-20240930_va20241001-20241231": {
    "cumulative_return_pct": 186.44750159888167,
    "annualized_return_pct": 7058.814602515501,
    "max_drawdown_pct": 23.83652396974874,
    "sharpe": 65.10894338028771,
    "win_rate_pct": 53.96825396825397,
    "profit_factor": 2.260916236190645
  },
  "win020_tr20200101-20241231_te20250101-20250331_va20250401-20250630": {
    "cumulative_return_pct": -18.79595636319746,
    "annualized_return_pct": -57.859867609008056,
    "max_drawdown_pct": 23.421461394312786,
    "sharpe": -1.0064440292589174,
    "win_rate_pct": 45.614035087719294,
    "profit_factor": 0.7851504086203493
  },
  "win021_tr20200701-20250630_te20250701-20250930_va20251001-20251231": {
    "cumulative_return_pct": -23.452982242484264,
    "annualized_return_pct": -66.1980113905068,
    "max_drawdown_pct": 24.87292063088863,
    "sharpe": -1.3061690115460618,
    "win_rate_pct": 35.38461538461539,
    "profit_factor": 0.711424091309327
  }
}