{
  "size": 4,
  "models": "FiLM,PatchTST,TimeMixer,iTransformer",
  "num_windows": 22,
  "mean_test_cumulative_return_pct": -6.9940320691013405,
  "std_test_cumulative_return_pct": 39.98225974139248,
  "min_test_cumulative_return_pct": -74.84370804051265,
  "max_test_cumulative_return_pct": 74.7830358547708,
  "mean_test_annualized_return_pct": 88.18711581186818,
  "mean_test_max_drawdown_pct": 38.15928296997467,
  "mean_test_sharpe": 1.0191782836111694,
  "mean_test_win_rate_pct": 47.824954527906016,
  "mean_test_profit_factor": 0.9559896220153334
}