{
  "win000_tr20100101-20141231_te20150101-20150331_va20150401-20150630": {
    "cumulative_return_pct": 74.7830358547708,
    "annualized_return_pct": 1001.6246983115943,
    "max_drawdown_pct": 18.704547498774595,
    "sharpe": 12.4901099471153,
    "win_rate_pct": 52.63157894736842,
    "profit_factor": 1.7036561562705588
  },
  "win001_tr20100701-20150630_te20150701-20150930_va20151001-20151231": {
    "cumulative_return_pct": -74.84370804051265,
    "annualized_return_pct": -99.63049167659142,
    "max_drawdown_pct": 72.24311041662071,
    "sharpe": -0.7238285505377201,
    "win_rate_pct": 47.61904761904761,
    "profit_factor": 0.6041948360544922
  },
  "win002_tr20110101-20151231_te20160101-20160331_va20160401-20160630": {
    "cumulative_return_pct": -14.200776873445847,
    "annualized_return_pct": -47.42917686784992,
    "max_drawdown_pct": 44.521597980184346,
    "sharpe": -0.43047036697699315,
    "win_rate_pct": 49.152542372881356,
    "profit_factor": 0.9194635676770158
  },
  "win003_tr20110701-20160630_te20160701-20160930_va20161001-20161231": {
    "cumulative_return_pct": 31.214282949821538,
    "annualized_return_pct": 208.8080744367032,
    "max_drawdown_pct": 26.89537436247423,
    "sharpe": 2.9464215380585497,
    "win_rate_pct": 53.96825396825397,
    "profit_factor": 1.3423490069520194
  },
  "win004_tr20120101-20161231_te20170101-20170331_va20170401-20170630": {
    "cumulative_return_pct": 27.594409489056517,
    "annualized_return_pct": 178.17009970933637,
    "max_drawdown_pct": 17.2944934440123,
    "sharpe": 2.402048834029134,
    "win_rate_pct": 55.932203389830505,
    "profit_factor": 1.3189555311028394
  },
  "win005_tr20120701-20170630_te20170701-20170930_va20171001-20171231": {
    "cumulative_return_pct": -12.856365031174233,
    "annualized_return_pct": -43.513576281421294,
    "max_drawdown_pct": 23.56562938737741,
    "sharpe": -0.8784650456536134,
    "win_rate_pct": 40.0,
    "profit_factor": 0.8262238186862876
  },
  "win006_tr20130101-20171231_te20180101-20180331_va20180401-20180630": {
    "cumulative_return_pct": 13.96704571507082,
    "annualized_return_pct": 73.13111455039731,
    "max_drawdown_pct": 24.88231193006137,
    "sharpe": 0.82920759997544,
    "win_rate_pct": 55.932203389830505,
    "profit_factor": 1.1360911392037119
  },
  "win007_tr20130701-20180630_te20180701-20180930_va20181001-20181231": {
    "cumulative_return_pct": -64.0825406525701,
    "annualized_return_pct": -98.57352025419675,
    "max_drawdown_pct": 65.83455672476687,
    "sharpe": -1.5173635859181918,
    "win_rate_pct": 35.9375,
    "profit_factor": 0.3932871626459153
  },
  "win008_tr20140101-20181231_te20190101-20190331_va20190401-20190630": {
    "cumulative_return_pct": 23.83960677830365,
    "annualized_return_pct": 147.96090221715232,
    "max_drawdown_pct": 43.239447724756545,
    "sharpe": 1.2807417164235988,
    "win_rate_pct": 55.172413793103445,
    "profit_factor": 1.1556803976044323
  },
  "win009_tr20140701-20190630_te20190701-20190930_va20191001-20191231": {
    "cumulative_return_pct": -36.21919393338266,
    "annualized_return_pct": -83.87992970794032,
    "max_drawdown_pct": 36.28881168326062,
    "sharpe": -1.0160733624380451,
    "win_rate_pct": 42.1875,
    "profit_factor": 0.6890167965727749
  },
  "win010_tr20150101-20191231_te20200101-20200331_va20200401-20200630": {
    "cumulative_return_pct": -41.3529215018224,
    "annualized_return_pct": -88.80822995678417,
    "max_drawdown_pct": 46.22073598420886,
    "sharpe": -0.7433915090233093,
    "win_rate_pct": 48.275862068965516,
    "profit_factor": 0.7364369963580327
  },
  "win011_tr20150701-20200630_te20200701-20200930_va20201001-20201231": {
    "cumulative_return_pct": -18.363586937652972,
    "annualized_return_pct": -56.10697091553466,
    "max_drawdown_pct": 46.287791494846246,
    "sharpe": -0.7098217831315343,
    "win_rate_pct": 47.69230769230769,
    "profit_factor": 0.8638517941576701
  },
  "win012_tr20160101-20201231_te20210101-20210331_va20210401-20210630": {
    "cumulative_return_pct": -45.4967734686354,
    "annualized_return_pct": -92.40442565606722,
    "max_drawdown_pct": 54.76312148813871,
    "sharpe": -1.1990133215274366,
    "win_rate_pct": 43.103448275862064,
    "profit_factor": 0.651741086053092
  },
  "win013_tr20160701-20210630_te20210701-20210930_va20211001-20211231": {
    "cumulative_return_pct": -17.707673842586157,
    "annualized_return_pct": -54.658072007918875,
    "max_drawdown_pct": 44.761960773222896,
    "sharpe": -0.5373033490099348,
    "win_rate_pct": 50.79365079365079,
    "profit_factor": 0.9145381561158482
  },
  "win014_tr20170101-20211231_te20220101-20220331_va20220401-20220630": {
    "cumulative_return_pct": -50.22529291903203,
    "annualized_return_pct": -94.83384040340394,
    "max_drawdown_pct": 56.35807961263839,
    "sharpe": -1.0260149666626472,
    "win_rate_pct": 37.93103448275862,
    "profit_factor": 0.5842227694967119
  },
  "win015_tr20170701-20220630_te20220701-20220930_va20221001-20221231": {
    "cumulative_return_pct": -27.078654867924612,
    "annualized_return_pct": -73.0369534184097,
    "max_drawdown_pct": 42.430352578365536,
    "sharpe": -1.0550671149219246,
    "win_rate_pct": 45.3125,
    "profit_factor": 0.7922717586759338
  },
  "win016_tr20180101-20221231_te20230101-20230331_va20230401-20230630": {
    "cumulative_return_pct": 70.58862864132219,
    "annualized_return_pct": 841.43515869734,
    "max_drawdown_pct": 19.712385376330854,
    "sharpe": 10.179921429945018,
    "win_rate_pct": 54.23728813559322,
    "profit_factor": 1.5122515060952564
  },
  "win017_tr20180701-20230630_te20230701-20230930_va20231001-20231231": {
    "cumulative_return_pct": -30.39319366031641,
    "annualized_return_pct": -78.15216212283693,
    "max_drawdown_pct": 36.026547604870835,
    "sharpe": -1.2256919382950768,
    "win_rate_pct": 39.0625,
    "profit_factor": 0.6666258094371497
  },
  "win018_tr20190101-20231231_te20240101-20240331_va20240401-20240630": {
    "cumulative_return_pct": 25.464654910970758,
    "annualized_return_pct": 159.1910496711674,
    "max_drawdown_pct": 24.596922582985197,
    "sharpe": 1.6378814694043629,
    "win_rate_pct": 48.275862068965516,
    "profit_factor": 1.2124964201976756
  },
  "win019_tr20190701-20240630_te20240701-20240930_va20241001-20241231": {
    "cumulative_return_pct": 44.489557064907295,
    "annualized_return_pct": 345.31736684786944,
    "max_drawdown_pct": 29.28618569916715,
    "sharpe": 3.1196911079101177,
    "win_rate_pct": 50.79365079365079,
    "profit_factor": 1.3186285645674583
  },
  "win020_tr20200101-20241231_te20250101-20250331_va20250401-20250630": {
    "cumulative_return_pct": -15.696822367488522,
    "annualized_return_pct": -50.77222163609405,
    "max_drawdown_pct": 27.9649608118445,
    "sharpe": -0.717373057908913,
    "win_rate_pct": 47.368421052631575,
    "profit_factor": 0.8439774291747666
  },
  "win021_tr20200701-20250630_te20250701-20250930_va20251001-20251231": {
    "cumulative_return_pct": -17.29242282790907,
    "annualized_return_pct": -53.72234567541119,
    "max_drawdown_pct": 37.62530018053447,
    "sharpe": -0.6842234514104539,
    "win_rate_pct": 50.76923076923077,
    "profit_factor": 0.8458109812376895
  }
}