{
  "win000_tr20100101-20141231_te20150101-20150331_va20150401-20150630": {
    "cumulative_return_pct": 11.19544470181926,
    "annualized_return_pct": 57.775125031833866,
    "max_drawdown_pct": 27.84850508250213,
    "sharpe": 0.6667690037302456,
    "win_rate_pct": 50.877192982456144,
    "profit_factor": 1.108973139418936
  },
  "win001_tr20100701-20150630_te20150701-20150930_va20151001-20151231": {
    "cumulative_return_pct": -65.58050691210111,
    "annualized_return_pct": -98.68114168838368,
    "max_drawdown_pct": 63.17328520034955,
    "sharpe": -0.6863755971429311,
    "win_rate_pct": 42.857142857142854,
    "profit_factor": 0.6503890691737448
  },
  "win002_tr20110101-20151231_te20160101-20160331_va20160401-20160630": {
    "cumulative_return_pct": -35.805178857164286,
    "annualized_return_pct": -84.44636625875994,
    "max_drawdown_pct": 51.060734413209474,
    "sharpe": -0.8085107447492215,
    "win_rate_pct": 47.45762711864407,
    "profit_factor": 0.7138168875136531
  },
  "win003_tr20110701-20160630_te20160701-20160930_va20161001-20161231": {
    "cumulative_return_pct": -37.38757972713455,
    "annualized_return_pct": -85.67727983901091,
    "max_drawdown_pct": 40.69408270001971,
    "sharpe": -1.2872223550266386,
    "win_rate_pct": 38.095238095238095,
    "profit_factor": 0.6137067834747072
  },
  "win004_tr20120101-20161231_te20170101-20170331_va20170401-20170630": {
    "cumulative_return_pct": -19.431954759716113,
    "annualized_return_pct": -59.63121663006532,
    "max_drawdown_pct": 22.02751018669432,
    "sharpe": -0.9779084576496421,
    "win_rate_pct": 45.76271186440678,
    "profit_factor": 0.7591564245965834
  },
  "win005_tr20120701-20170630_te20170701-20170930_va20171001-20171231": {
    "cumulative_return_pct": -22.240550222770207,
    "annualized_return_pct": -64.79830138864982,
    "max_drawdown_pct": 45.825848103800304,
    "sharpe": -0.9039214645544101,
    "win_rate_pct": 47.69230769230769,
    "profit_factor": 0.8287041085123558
  },
  "win006_tr20130101-20171231_te20180101-20180331_va20180401-20180630": {
    "cumulative_return_pct": -20.98791551900754,
    "annualized_return_pct": -62.80460526226961,
    "max_drawdown_pct": 37.28122631953789,
    "sharpe": -0.6578094253559652,
    "win_rate_pct": 45.76271186440678,
    "profit_factor": 0.859421041835334
  },
  "win007_tr20130701-20180630_te20180701-20180930_va20181001-20181231": {
    "cumulative_return_pct": -44.86014738224047,
    "annualized_return_pct": -91.54846976620495,
    "max_drawdown_pct": 47.64565775635,
    "sharpe": -1.4547390780102516,
    "win_rate_pct": 43.75,
    "profit_factor": 0.5775680361538439
  },
  "win008_tr20140101-20181231_te20190101-20190331_va20190401-20190630": {
    "cumulative_return_pct": -29.90788953015967,
    "annualized_return_pct": -77.89235574694169,
    "max_drawdown_pct": 46.9630576455038,
    "sharpe": -0.6448896760467498,
    "win_rate_pct": 41.37931034482759,
    "profit_factor": 0.7961380739728086
  },
  "win009_tr20140701-20190630_te20190701-20190930_va20191001-20191231": {
    "cumulative_return_pct": -54.5830665247673,
    "annualized_return_pct": -95.93673074220835,
    "max_drawdown_pct": 42.534435687431234,
    "sharpe": -1.0719920992305447,
    "win_rate_pct": 45.3125,
    "profit_factor": 0.5404413963554613
  },
  "win010_tr20150101-20191231_te20200101-20200331_va20200401-20200630": {
    "cumulative_return_pct": -67.1556699554929,
    "annualized_return_pct": -98.9634598930551,
    "max_drawdown_pct": 79.8735133428783,
    "sharpe": -0.7658852128713224,
    "win_rate_pct": 41.37931034482759,
    "profit_factor": 0.6953879069160037
  },
  "win011_tr20150701-20200630_te20200701-20200930_va20201001-20201231": {
    "cumulative_return_pct": 33.87656194603783,
    "annualized_return_pct": 226.74526445680695,
    "max_drawdown_pct": 35.090572614839246,
    "sharpe": 2.2640688933491044,
    "win_rate_pct": 50.76923076923077,
    "profit_factor": 1.2253631114027224
  },
  "win012_tr20160101-20201231_te20210101-20210331_va20210401-20210630": {
    "cumulative_return_pct": -55.36784710271792,
    "annualized_return_pct": -96.7489640695744,
    "max_drawdown_pct": 59.806010107825195,
    "sharpe": -1.1813531353794557,
    "win_rate_pct": 39.6551724137931,
    "profit_factor": 0.6101591642726683
  },
  "win013_tr20160701-20210630_te20210701-20210930_va20211001-20211231": {
    "cumulative_return_pct": 40.685719548271294,
    "annualized_return_pct": 299.62070553824947,
    "max_drawdown_pct": 48.18708444225865,
    "sharpe": 2.4045557181908657,
    "win_rate_pct": 57.14285714285714,
    "profit_factor": 1.1797907243888806
  },
  "win014_tr20170101-20211231_te20220101-20220331_va20220401-20220630": {
    "cumulative_return_pct": -7.9536829552103185,
    "annualized_return_pct": -29.67141146599418,
    "max_drawdown_pct": 55.69359572400413,
    "sharpe": -0.26792817224726523,
    "win_rate_pct": 51.724137931034484,
    "profit_factor": 0.9545016220540797
  },
  "win015_tr20170701-20220630_te20220701-20220930_va20221001-20221231": {
    "cumulative_return_pct": -32.725528990725834,
    "annualized_return_pct": -80.70339542217498,
    "max_drawdown_pct": 52.18544100152751,
    "sharpe": -0.7675675571146725,
    "win_rate_pct": 48.4375,
    "profit_factor": 0.7882930711490279
  },
  "win016_tr20180101-20221231_te20230101-20230331_va20230401-20230630": {
    "cumulative_return_pct": -71.96056280370262,
    "annualized_return_pct": -99.51962195596074,
    "max_drawdown_pct": 71.57549826350674,
    "sharpe": -1.0118515955463734,
    "win_rate_pct": 40.67796610169492,
    "profit_factor": 0.3938313926928647
  },
  "win017_tr20180701-20230630_te20230701-20230930_va20231001-20231231": {
    "cumulative_return_pct": -10.682567656985762,
    "annualized_return_pct": -37.76757027624523,
    "max_drawdown_pct": 32.94646476137219,
    "sharpe": -0.5740088874542395,
    "win_rate_pct": 42.1875,
    "profit_factor": 0.9131811785798203
  },
  "win018_tr20190101-20231231_te20240101-20240331_va20240401-20240630": {
    "cumulative_return_pct": -55.508856023984734,
    "annualized_return_pct": -96.6630059671149,
    "max_drawdown_pct": 56.73951638171837,
    "sharpe": -1.2083332459092662,
    "win_rate_pct": 44.827586206896555,
    "profit_factor": 0.46362552621991665
  },
  "win019_tr20190701-20240630_te20240701-20240930_va20241001-20241231": {
    "cumulative_return_pct": 12.898930266781106,
    "annualized_return_pct": 63.61867862843182,
    "max_drawdown_pct": 40.480691483873876,
    "sharpe": 0.5268448108521611,
    "win_rate_pct": 50.79365079365079,
    "profit_factor": 1.0976717445282236
  },
  "win020_tr20200101-20241231_te20250101-20250331_va20250401-20250630": {
    "cumulative_return_pct": -23.43068577510277,
    "annualized_return_pct": -66.98119393447746,
    "max_drawdown_pct": 35.39632618893715,
    "sharpe": -0.7707440408565764,
    "win_rate_pct": 43.859649122807014,
    "profit_factor": 0.8007679706464383
  },
  "win021_tr20200701-20250630_te20250701-20250930_va20251001-20251231": {
    "cumulative_return_pct": 4.754332630678173,
    "annualized_return_pct": 20.743754842794427,
    "max_drawdown_pct": 42.34664966573371,
    "sharpe": 0.2235757611961437,
    "win_rate_pct": 50.76923076923077,
    "profit_factor": 1.030010343706527
  }
}