{
  "size": 4,
  "models": "LightTS,TimeMixer,WPMixer,iTransformer",
  "num_windows": 22,
  "mean_test_cumulative_return_pct": -17.60295298008991,
  "std_test_cumulative_return_pct": 42.63963630459139,
  "min_test_cumulative_return_pct": -59.35592729860119,
  "max_test_cumulative_return_pct": 92.95952128531158,
  "mean_test_annualized_return_pct": 77.56423111617185,
  "mean_test_max_drawdown_pct": 43.33590848551491,
  "mean_test_sharpe": 1.068849933849524,
  "mean_test_win_rate_pct": 46.15383186013627,
  "mean_test_profit_factor": 0.8733141523672558
}