{
  "win000_tr20100101-20141231_te20150101-20150331_va20150401-20150630": {
    "cumulative_return_pct": 92.95952128531158,
    "annualized_return_pct": 1585.2530021123011,
    "max_drawdown_pct": 8.639413717955085,
    "sharpe": 22.955860548640175,
    "win_rate_pct": 61.40350877192983,
    "profit_factor": 2.317196880515665
  },
  "win001_tr20100701-20150630_te20150701-20150930_va20151001-20151231": {
    "cumulative_return_pct": -52.594461631930365,
    "annualized_return_pct": -95.16488996343672,
    "max_drawdown_pct": 65.27048774617293,
    "sharpe": -0.6464244058370866,
    "win_rate_pct": 52.38095238095239,
    "profit_factor": 0.7800523237696584
  },
  "win002_tr20110101-20151231_te20160101-20160331_va20160401-20160630": {
    "cumulative_return_pct": -58.21635556591581,
    "annualized_return_pct": -97.43622463970767,
    "max_drawdown_pct": 56.936563054051426,
    "sharpe": -1.127645958356467,
    "win_rate_pct": 45.76271186440678,
    "profit_factor": 0.48186819408559334
  },
  "win003_tr20110701-20160630_te20160701-20160930_va20161001-20161231": {
    "cumulative_return_pct": 37.954661334845724,
    "annualized_return_pct": 280.1765892913504,
    "max_drawdown_pct": 27.67661253189925,
    "sharpe": 3.808633952956439,
    "win_rate_pct": 52.38095238095239,
    "profit_factor": 1.373606016184212
  },
  "win004_tr20120101-20161231_te20170101-20170331_va20170401-20170630": {
    "cumulative_return_pct": -33.28251670852903,
    "annualized_return_pct": -81.71438429319429,
    "max_drawdown_pct": 38.04104912833026,
    "sharpe": -1.6533508748393566,
    "win_rate_pct": 50.847457627118644,
    "profit_factor": 0.5765973854339986
  },
  "win005_tr20120701-20170630_te20170701-20170930_va20171001-20171231": {
    "cumulative_return_pct": -27.9985712626182,
    "annualized_return_pct": -74.42094073431494,
    "max_drawdown_pct": 48.01746137948063,
    "sharpe": -1.3522359548821,
    "win_rate_pct": 50.76923076923077,
    "profit_factor": 0.6161882434537241
  },
  "win006_tr20130101-20171231_te20180101-20180331_va20180401-20180630": {
    "cumulative_return_pct": 17.485015271997195,
    "annualized_return_pct": 96.70062813926475,
    "max_drawdown_pct": 20.403052822836028,
    "sharpe": 1.080834400076414,
    "win_rate_pct": 50.847457627118644,
    "profit_factor": 1.1759960311303002
  },
  "win007_tr20130701-20180630_te20180701-20180930_va20181001-20181231": {
    "cumulative_return_pct": -53.004327081690896,
    "annualized_return_pct": -95.64634671128489,
    "max_drawdown_pct": 55.490203283037566,
    "sharpe": -1.3115056520017438,
    "win_rate_pct": 40.625,
    "profit_factor": 0.5320251111181942
  },
  "win008_tr20140101-20181231_te20190101-20190331_va20190401-20190630": {
    "cumulative_return_pct": -59.35592729860119,
    "annualized_return_pct": -97.81538546423378,
    "max_drawdown_pct": 68.71851245311859,
    "sharpe": -0.9026533613869396,
    "win_rate_pct": 41.37931034482759,
    "profit_factor": 0.5996982555510784
  },
  "win009_tr20140701-20190630_te20190701-20190930_va20191001-20191231": {
    "cumulative_return_pct": -19.673014007913974,
    "annualized_return_pct": -58.894859246649546,
    "max_drawdown_pct": 32.257616329252095,
    "sharpe": -1.1202859233047715,
    "win_rate_pct": 42.1875,
    "profit_factor": 0.7539484586922144
  },
  "win010_tr20150101-20191231_te20200101-20200331_va20200401-20200630": {
    "cumulative_return_pct": -44.6320151034774,
    "annualized_return_pct": -91.16205924182276,
    "max_drawdown_pct": 62.936405014660416,
    "sharpe": -0.719061351140827,
    "win_rate_pct": 43.103448275862064,
    "profit_factor": 0.777803351045757
  },
  "win011_tr20150701-20200630_te20200701-20200930_va20201001-20201231": {
    "cumulative_return_pct": 33.57060210847605,
    "annualized_return_pct": 223.7253205877969,
    "max_drawdown_pct": 26.44063299814891,
    "sharpe": 2.863018442455096,
    "win_rate_pct": 52.307692307692314,
    "profit_factor": 1.2671583092168603
  },
  "win012_tr20160101-20201231_te20210101-20210331_va20210401-20210630": {
    "cumulative_return_pct": -31.383241409018808,
    "annualized_return_pct": -79.80221072178112,
    "max_drawdown_pct": 47.003106996653216,
    "sharpe": -0.9166554452250038,
    "win_rate_pct": 44.827586206896555,
    "profit_factor": 0.7146824982202385
  },
  "win013_tr20160701-20210630_te20210701-20210930_va20211001-20211231": {
    "cumulative_return_pct": -58.7363263398081,
    "annualized_return_pct": -97.24674552298484,
    "max_drawdown_pct": 68.51906175852757,
    "sharpe": -0.9485773068980186,
    "win_rate_pct": 42.857142857142854,
    "profit_factor": 0.6351054990783082
  },
  "win014_tr20170101-20211231_te20220101-20220331_va20220401-20220630": {
    "cumulative_return_pct": -51.073616098773314,
    "annualized_return_pct": -95.1975732949457,
    "max_drawdown_pct": 56.53207336806481,
    "sharpe": -1.2613940440363085,
    "win_rate_pct": 41.37931034482759,
    "profit_factor": 0.5600896165358755
  },
  "win015_tr20170701-20220630_te20220701-20220930_va20221001-20221231": {
    "cumulative_return_pct": -6.809574683735694,
    "annualized_return_pct": -25.376869043684536,
    "max_drawdown_pct": 32.11612707171733,
    "sharpe": -0.3651513338965288,
    "win_rate_pct": 40.625,
    "profit_factor": 0.946518154220156
  },
  "win016_tr20180101-20221231_te20230101-20230331_va20230401-20230630": {
    "cumulative_return_pct": -46.72785857347614,
    "annualized_return_pct": -92.89159437578667,
    "max_drawdown_pct": 48.84500582119803,
    "sharpe": -1.6254202285254238,
    "win_rate_pct": 37.28813559322034,
    "profit_factor": 0.4919662710613139
  },
  "win017_tr20180701-20230630_te20230701-20230930_va20231001-20231231": {
    "cumulative_return_pct": -55.90785193158667,
    "annualized_return_pct": -96.78685406837594,
    "max_drawdown_pct": 61.09078224922363,
    "sharpe": -1.588901480206944,
    "win_rate_pct": 39.0625,
    "profit_factor": 0.4576522730558134
  },
  "win018_tr20190101-20231231_te20240101-20240331_va20240401-20240630": {
    "cumulative_return_pct": -6.703863409850956,
    "annualized_return_pct": -25.272693129612712,
    "max_drawdown_pct": 34.90721088051449,
    "sharpe": -0.35526207972579793,
    "win_rate_pct": 44.827586206896555,
    "profit_factor": 0.9388343009425303
  },
  "win019_tr20190701-20240630_te20240701-20240930_va20241001-20241231": {
    "cumulative_return_pct": 73.6175402402218,
    "annualized_return_pct": 838.319386206911,
    "max_drawdown_pct": 32.344425716766715,
    "sharpe": 10.137763965669004,
    "win_rate_pct": 55.55555555555556,
    "profit_factor": 1.5509755347624163
  },
  "win020_tr20200101-20241231_te20250101-20250331_va20250401-20250630": {
    "cumulative_return_pct": -19.776874482588866,
    "annualized_return_pct": -59.932811024016644,
    "max_drawdown_pct": 31.246216934080657,
    "sharpe": -0.6621445209217361,
    "win_rate_pct": 40.35087719298245,
    "profit_factor": 0.8282247792873122
  },
  "win021_tr20200701-20250630_te20250701-20250930_va20251001-20251231": {
    "cumulative_return_pct": -16.975910213314986,
    "annualized_return_pct": -52.99940030601098,
    "max_drawdown_pct": 29.957965425638516,
    "sharpe": -0.7747428439225436,
    "win_rate_pct": 44.61538461538462,
    "profit_factor": 0.8367238647184113
  }
}