{
  "win000_tr20100101-20141231_te20150101-20150331_va20150401-20150630": {
    "cumulative_return_pct": 51.83903042280008,
    "annualized_return_pct": 501.7488007518414,
    "max_drawdown_pct": 12.246805458601964,
    "sharpe": 7.386507330969551,
    "win_rate_pct": 57.89473684210527,
    "profit_factor": 1.7246071259834936
  },
  "win001_tr20100701-20150630_te20150701-20150930_va20151001-20151231": {
    "cumulative_return_pct": -65.25813196695852,
    "annualized_return_pct": -98.63028850703013,
    "max_drawdown_pct": 77.50942494582286,
    "sharpe": -0.7121053239615671,
    "win_rate_pct": 52.38095238095239,
    "profit_factor": 0.7374418859368856
  },
  "win002_tr20110101-20151231_te20160101-20160331_va20160401-20160630": {
    "cumulative_return_pct": -2.079599957903614,
    "annualized_return_pct": -8.444784760246371,
    "max_drawdown_pct": 25.371940029718044,
    "sharpe": -0.10483833675842794,
    "win_rate_pct": 47.45762711864407,
    "profit_factor": 0.9865530926370953
  },
  "win003_tr20110701-20160630_te20160701-20160930_va20161001-20161231": {
    "cumulative_return_pct": -2.6491262349447817,
    "annualized_return_pct": -10.545175422224883,
    "max_drawdown_pct": 38.797435003728715,
    "sharpe": -0.18842379579872517,
    "win_rate_pct": 52.38095238095239,
    "profit_factor": 0.9724475853978873
  },
  "win004_tr20120101-20161231_te20170101-20170331_va20170401-20170630": {
    "cumulative_return_pct": 45.684962435702886,
    "annualized_return_pct": 385.35566276468734,
    "max_drawdown_pct": 18.26517801868342,
    "sharpe": 6.471485052315672,
    "win_rate_pct": 62.71186440677966,
    "profit_factor": 1.7879703891082623
  },
  "win005_tr20120701-20170630_te20170701-20170930_va20171001-20171231": {
    "cumulative_return_pct": -13.036125510542956,
    "annualized_return_pct": -43.99563365441704,
    "max_drawdown_pct": 18.93879598418245,
    "sharpe": -0.9008975330339904,
    "win_rate_pct": 52.307692307692314,
    "profit_factor": 0.8283624317793914
  },
  "win006_tr20130101-20171231_te20180101-20180331_va20180401-20180630": {
    "cumulative_return_pct": 7.559941936046304,
    "annualized_return_pct": 35.793123589354714,
    "max_drawdown_pct": 32.71278377083733,
    "sharpe": 0.38772520944156785,
    "win_rate_pct": 50.847457627118644,
    "profit_factor": 1.0879919444969102
  },
  "win007_tr20130701-20180630_te20180701-20180930_va20181001-20181231": {
    "cumulative_return_pct": -71.6957299351816,
    "annualized_return_pct": -99.46926933209436,
    "max_drawdown_pct": 71.6312213060518,
    "sharpe": -1.6104522697428127,
    "win_rate_pct": 31.25,
    "profit_factor": 0.2209343623259118
  },
  "win008_tr20140101-20181231_te20190101-20190331_va20190401-20190630": {
    "cumulative_return_pct": 10.169392546158587,
    "annualized_return_pct": 50.88177611893086,
    "max_drawdown_pct": 32.19862411703194,
    "sharpe": 0.5119926607704892,
    "win_rate_pct": 50.0,
    "profit_factor": 1.0714046243202737
  },
  "win009_tr20140701-20190630_te20190701-20190930_va20191001-20191231": {
    "cumulative_return_pct": -46.14794781584641,
    "annualized_return_pct": -91.88797718257392,
    "max_drawdown_pct": 48.52466120917111,
    "sharpe": -1.3420787385912285,
    "win_rate_pct": 37.5,
    "profit_factor": 0.5367947656300567
  },
  "win010_tr20150101-20191231_te20200101-20200331_va20200401-20200630": {
    "cumulative_return_pct": -46.77031477115602,
    "annualized_return_pct": -92.48110432641322,
    "max_drawdown_pct": 50.530127861080906,
    "sharpe": -1.0279272456968545,
    "win_rate_pct": 46.55172413793103,
    "profit_factor": 0.649836955578447
  },
  "win011_tr20150701-20200630_te20200701-20200930_va20201001-20201231": {
    "cumulative_return_pct": -31.885074509761935,
    "annualized_return_pct": -78.95050843496477,
    "max_drawdown_pct": 45.00265754858153,
    "sharpe": -1.1250682037686157,
    "win_rate_pct": 43.07692307692308,
    "profit_factor": 0.7204928916878957
  },
  "win012_tr20160101-20201231_te20210101-20210331_va20210401-20210630": {
    "cumulative_return_pct": -10.601846096171426,
    "annualized_return_pct": -37.87193511383124,
    "max_drawdown_pct": 46.52403819119021,
    "sharpe": -0.4991260012653196,
    "win_rate_pct": 44.827586206896555,
    "profit_factor": 0.8840576670611981
  },
  "win013_tr20160701-20210630_te20210701-20210930_va20211001-20211231": {
    "cumulative_return_pct": -61.40236781349846,
    "annualized_return_pct": -97.90045417404359,
    "max_drawdown_pct": 69.20697557575225,
    "sharpe": -0.9019262316815608,
    "win_rate_pct": 36.507936507936506,
    "profit_factor": 0.5850592507799683
  },
  "win014_tr20170101-20211231_te20220101-20220331_va20220401-20220630": {
    "cumulative_return_pct": -10.328664287668932,
    "annualized_return_pct": -37.0616142184324,
    "max_drawdown_pct": 30.984203806429328,
    "sharpe": -0.5829183328285507,
    "win_rate_pct": 48.275862068965516,
    "profit_factor": 0.8826301127821832
  },
  "win015_tr20170701-20220630_te20220701-20220930_va20221001-20221231": {
    "cumulative_return_pct": -39.576830629655205,
    "annualized_return_pct": -87.64421862594483,
    "max_drawdown_pct": 46.911901950058315,
    "sharpe": -1.2073165450636933,
    "win_rate_pct": 40.625,
    "profit_factor": 0.6897021899795214
  },
  "win016_tr20180101-20221231_te20230101-20230331_va20230401-20230630": {
    "cumulative_return_pct": -45.982307385803836,
    "annualized_return_pct": -92.46449317695861,
    "max_drawdown_pct": 53.50901574551623,
    "sharpe": -1.3734330154911187,
    "win_rate_pct": 32.20338983050847,
    "profit_factor": 0.5394650683251953
  },
  "win017_tr20180701-20230630_te20230701-20230930_va20231001-20231231": {
    "cumulative_return_pct": -29.197455140457336,
    "annualized_return_pct": -76.53266454838594,
    "max_drawdown_pct": 39.846515257670944,
    "sharpe": -1.2203732960797862,
    "win_rate_pct": 50.0,
    "profit_factor": 0.7052063835843955
  },
  "win018_tr20190101-20231231_te20240101-20240331_va20240401-20240630": {
    "cumulative_return_pct": -3.8186591513758756,
    "annualized_return_pct": -15.07987436196162,
    "max_drawdown_pct": 26.905538900215348,
    "sharpe": -0.2443434545803642,
    "win_rate_pct": 51.724137931034484,
    "profit_factor": 0.9596907399169875
  },
  "win019_tr20190701-20240630_te20240701-20240930_va20241001-20241231": {
    "cumulative_return_pct": 83.8503083531738,
    "annualized_return_pct": 1083.8169071532614,
    "max_drawdown_pct": 31.63443824542273,
    "sharpe": 11.579492100471642,
    "win_rate_pct": 49.2063492063492,
    "profit_factor": 1.8637058411656844
  },
  "win020_tr20200101-20241231_te20250101-20250331_va20250401-20250630": {
    "cumulative_return_pct": -16.923070410087764,
    "annualized_return_pct": -53.676852052994285,
    "max_drawdown_pct": 27.4015536807411,
    "sharpe": -0.8240699838117926,
    "win_rate_pct": 43.859649122807014,
    "profit_factor": 0.8154631847618617
  },
  "win021_tr20200701-20250630_te20250701-20250930_va20251001-20251231": {
    "cumulative_return_pct": -13.844240207122393,
    "annualized_return_pct": -45.37868072528695,
    "max_drawdown_pct": 34.26037105219495,
    "sharpe": -0.6413957553725318,
    "win_rate_pct": 40.0,
    "profit_factor": 0.8565386633313838
  }
}