{
  "win000_tr20100101-20141231_te20150101-20150331_va20150401-20150630": {
    "cumulative_return_pct": -5.243482459538535,
    "annualized_return_pct": -20.660786785316844,
    "max_drawdown_pct": 23.051455757750045,
    "sharpe": -0.40735103606328193,
    "win_rate_pct": 47.368421052631575,
    "profit_factor": 0.9303122335564793
  },
  "win001_tr20100701-20150630_te20150701-20150930_va20151001-20151231": {
    "cumulative_return_pct": -65.03219298112846,
    "annualized_return_pct": -98.59377684999146,
    "max_drawdown_pct": 62.69464720333722,
    "sharpe": -0.6617924823923438,
    "win_rate_pct": 47.61904761904761,
    "profit_factor": 0.6438584399040528
  },
  "win002_tr20110101-20151231_te20160101-20160331_va20160401-20160630": {
    "cumulative_return_pct": 3.2903732600310933,
    "annualized_return_pct": 14.558446488104671,
    "max_drawdown_pct": 33.7011059790254,
    "sharpe": 0.13827626188872913,
    "win_rate_pct": 55.932203389830505,
    "profit_factor": 1.0256759204831554
  },
  "win003_tr20110701-20160630_te20160701-20160930_va20161001-20161231": {
    "cumulative_return_pct": -9.508006580693124,
    "annualized_return_pct": -33.94472712424411,
    "max_drawdown_pct": 29.837736790384835,
    "sharpe": -0.5321462589423419,
    "win_rate_pct": 49.2063492063492,
    "profit_factor": 0.8963155787792897
  },
  "win004_tr20120101-20161231_te20170101-20170331_va20170401-20170630": {
    "cumulative_return_pct": 14.358894512696773,
    "annualized_return_pct": 75.6439996826759,
    "max_drawdown_pct": 18.257171712071997,
    "sharpe": 1.0771657853284196,
    "win_rate_pct": 54.23728813559322,
    "profit_factor": 1.1687610106837674
  },
  "win005_tr20120701-20170630_te20170701-20170930_va20171001-20171231": {
    "cumulative_return_pct": 15.27892936104748,
    "annualized_return_pct": 80.425248787317,
    "max_drawdown_pct": 32.02793063007459,
    "sharpe": 1.1461172076228805,
    "win_rate_pct": 52.307692307692314,
    "profit_factor": 1.1902883658981231
  },
  "win006_tr20130101-20171231_te20180101-20180331_va20180401-20180630": {
    "cumulative_return_pct": 48.831676487566675,
    "annualized_return_pct": 430.9123395240876,
    "max_drawdown_pct": 28.968211474040377,
    "sharpe": 4.3145385780377055,
    "win_rate_pct": 54.23728813559322,
    "profit_factor": 1.4130093255449914
  },
  "win007_tr20130701-20180630_te20180701-20180930_va20181001-20181231": {
    "cumulative_return_pct": -53.32255882892195,
    "annualized_return_pct": -95.76740991998511,
    "max_drawdown_pct": 58.15320883812559,
    "sharpe": -1.6675159840042235,
    "win_rate_pct": 34.375,
    "profit_factor": 0.4239488320979421
  },
  "win008_tr20140101-20181231_te20190101-20190331_va20190401-20190630": {
    "cumulative_return_pct": -61.518473449679725,
    "annualized_return_pct": -98.26807969824392,
    "max_drawdown_pct": 63.30465205034634,
    "sharpe": -1.0018901988886006,
    "win_rate_pct": 39.6551724137931,
    "profit_factor": 0.47305409422613626
  },
  "win009_tr20140701-20190630_te20190701-20190930_va20191001-20191231": {
    "cumulative_return_pct": -62.079816815489316,
    "annualized_return_pct": -98.0460393434496,
    "max_drawdown_pct": 63.28379967677426,
    "sharpe": -1.5019645737859793,
    "win_rate_pct": 31.25,
    "profit_factor": 0.29458383190204435
  },
  "win010_tr20150101-20191231_te20200101-20200331_va20200401-20200630": {
    "cumulative_return_pct": -29.88910240922075,
    "annualized_return_pct": -76.71296477992361,
    "max_drawdown_pct": 38.5110811496408,
    "sharpe": -0.812596998785074,
    "win_rate_pct": 43.103448275862064,
    "profit_factor": 0.7866406613866468
  },
  "win011_tr20150701-20200630_te20200701-20200930_va20201001-20201231": {
    "cumulative_return_pct": -14.916298624726931,
    "annualized_return_pct": -48.08495870803555,
    "max_drawdown_pct": 35.31208939974248,
    "sharpe": -0.6999119014272324,
    "win_rate_pct": 43.07692307692308,
    "profit_factor": 0.8819955498584048
  },
  "win012_tr20160101-20201231_te20210101-20210331_va20210401-20210630": {
    "cumulative_return_pct": -35.451757968018356,
    "annualized_return_pct": -84.42021567342799,
    "max_drawdown_pct": 52.679016055610994,
    "sharpe": -0.7665457163945503,
    "win_rate_pct": 46.55172413793103,
    "profit_factor": 0.72992481872633
  },
  "win013_tr20160701-20210630_te20210701-20210930_va20211001-20211231": {
    "cumulative_return_pct": -16.001335938244196,
    "annualized_return_pct": -50.71984429572127,
    "max_drawdown_pct": 26.84163617541676,
    "sharpe": -0.5540338937371752,
    "win_rate_pct": 50.79365079365079,
    "profit_factor": 0.8902415081422006
  },
  "win014_tr20170101-20211231_te20220101-20220331_va20220401-20220630": {
    "cumulative_return_pct": -28.750495827381524,
    "annualized_return_pct": -76.29986569772772,
    "max_drawdown_pct": 44.778393548448506,
    "sharpe": -1.068154643617197,
    "win_rate_pct": 51.724137931034484,
    "profit_factor": 0.7365676099307009
  },
  "win015_tr20170701-20220630_te20220701-20220930_va20221001-20221231": {
    "cumulative_return_pct": -51.03054435784477,
    "annualized_return_pct": -94.83567318661748,
    "max_drawdown_pct": 53.16484193779121,
    "sharpe": -1.210660087704999,
    "win_rate_pct": 42.1875,
    "profit_factor": 0.5255309307755341
  },
  "win016_tr20180101-20221231_te20230101-20230331_va20230401-20230630": {
    "cumulative_return_pct": -19.580983949512152,
    "annualized_return_pct": -59.943781637660365,
    "max_drawdown_pct": 43.23616219348386,
    "sharpe": -0.8912807412986012,
    "win_rate_pct": 47.45762711864407,
    "profit_factor": 0.8188898715584316
  },
  "win017_tr20180701-20230630_te20230701-20230930_va20231001-20231231": {
    "cumulative_return_pct": -3.7885802752437767,
    "annualized_return_pct": -14.968324364665818,
    "max_drawdown_pct": 32.54426936470265,
    "sharpe": -0.3361925475787026,
    "win_rate_pct": 42.1875,
    "profit_factor": 0.9582768715800231
  },
  "win018_tr20190101-20231231_te20240101-20240331_va20240401-20240630": {
    "cumulative_return_pct": -36.257348992521074,
    "annualized_return_pct": -84.90115594316788,
    "max_drawdown_pct": 56.45346624132347,
    "sharpe": -0.9515551464800034,
    "win_rate_pct": 41.37931034482759,
    "profit_factor": 0.6244597197827341
  },
  "win019_tr20190701-20240630_te20240701-20240930_va20241001-20241231": {
    "cumulative_return_pct": 112.65884532035761,
    "annualized_return_pct": 2037.2172645966853,
    "max_drawdown_pct": 31.163210790068124,
    "sharpe": 19.5107998659281,
    "win_rate_pct": 61.904761904761905,
    "profit_factor": 1.9912807588688157
  },
  "win020_tr20200101-20241231_te20250101-20250331_va20250401-20250630": {
    "cumulative_return_pct": -19.933600720425382,
    "annualized_return_pct": -60.25670421823322,
    "max_drawdown_pct": 42.316310219915486,
    "sharpe": -0.7803874471534763,
    "win_rate_pct": 42.10526315789473,
    "profit_factor": 0.8460875929157108
  },
  "win021_tr20200701-20250630_te20250701-20250930_va20251001-20251231": {
    "cumulative_return_pct": -38.45484894043981,
    "annualized_return_pct": -86.05307896442123,
    "max_drawdown_pct": 35.44053583308343,
    "sharpe": -1.5861731076780052,
    "win_rate_pct": 41.53846153846154,
    "profit_factor": 0.578346248379832
  }
}