{
  "size": 5,
  "models": "FiLM,LightTS,PatchTST,WPMixer,iTransformer",
  "num_windows": 22,
  "mean_test_cumulative_return_pct": -16.064509414816612,
  "std_test_cumulative_return_pct": 47.59990575580149,
  "min_test_cumulative_return_pct": -77.31931237400534,
  "max_test_cumulative_return_pct": 141.25241412329171,
  "mean_test_annualized_return_pct": 145.8399939553457,
  "mean_test_max_drawdown_pct": 42.253500910743554,
  "mean_test_sharpe": 1.4776854704429183,
  "mean_test_win_rate_pct": 45.770433097932795,
  "mean_test_profit_factor": 0.8853266826225995
}