{
  "size": 4,
  "models": "FreTS,LightTS,PatchTST,iTransformer",
  "num_windows": 22,
  "mean_test_cumulative_return_pct": -11.742787185853336,
  "std_test_cumulative_return_pct": 47.65200518415181,
  "min_test_cumulative_return_pct": -62.71938739734729,
  "max_test_cumulative_return_pct": 176.5916689676353,
  "mean_test_annualized_return_pct": 246.06406892433796,
  "mean_test_max_drawdown_pct": 40.75235904573696,
  "mean_test_sharpe": 1.6750738019219886,
  "mean_test_win_rate_pct": 46.87400977859966,
  "mean_test_profit_factor": 0.8618843821625934
}