{
  "win000_tr20100101-20141231_te20150101-20150331_va20150401-20150630": {
    "cumulative_return_pct": 34.28593364720934,
    "annualized_return_pct": 254.93979050881043,
    "max_drawdown_pct": 17.141538941539643,
    "sharpe": 4.182340236500864,
    "win_rate_pct": 54.385964912280706,
    "profit_factor": 1.4573816707268874
  },
  "win001_tr20100701-20150630_te20150701-20150930_va20151001-20151231": {
    "cumulative_return_pct": -35.39844532154149,
    "annualized_return_pct": -83.02136708918286,
    "max_drawdown_pct": 66.65242043722536,
    "sharpe": -0.580399807325802,
    "win_rate_pct": 53.96825396825397,
    "profit_factor": 0.8789149199708536
  },
  "win002_tr20110101-20151231_te20160101-20160331_va20160401-20160630": {
    "cumulative_return_pct": -10.664656020399987,
    "annualized_return_pct": -37.71515884244621,
    "max_drawdown_pct": 30.220102805739195,
    "sharpe": -0.4418662683815585,
    "win_rate_pct": 55.932203389830505,
    "profit_factor": 0.908938193220309
  },
  "win003_tr20110701-20160630_te20160701-20160930_va20161001-20161231": {
    "cumulative_return_pct": -13.357417651372636,
    "annualized_return_pct": -44.84944599424793,
    "max_drawdown_pct": 34.927928359290966,
    "sharpe": -0.6773522503518906,
    "win_rate_pct": 47.61904761904761,
    "profit_factor": 0.8482047029467596
  },
  "win004_tr20120101-20161231_te20170101-20170331_va20170401-20170630": {
    "cumulative_return_pct": -27.12923695839961,
    "annualized_return_pct": -73.51738243529017,
    "max_drawdown_pct": 27.02965123733528,
    "sharpe": -1.4314473444584568,
    "win_rate_pct": 49.152542372881356,
    "profit_factor": 0.6331902811818952
  },
  "win005_tr20120701-20170630_te20170701-20170930_va20171001-20171231": {
    "cumulative_return_pct": 16.76395218320873,
    "annualized_return_pct": 90.26973232518742,
    "max_drawdown_pct": 37.42099769063966,
    "sharpe": 1.165409368380776,
    "win_rate_pct": 50.76923076923077,
    "profit_factor": 1.2160085230926883
  },
  "win006_tr20130101-20171231_te20180101-20180331_va20180401-20180630": {
    "cumulative_return_pct": -10.963051109502638,
    "annualized_return_pct": -38.58392208855048,
    "max_drawdown_pct": 33.344428433620436,
    "sharpe": -0.5778683459326525,
    "win_rate_pct": 45.76271186440678,
    "profit_factor": 0.8672735049670061
  },
  "win007_tr20130701-20180630_te20180701-20180930_va20181001-20181231": {
    "cumulative_return_pct": -53.85926648856939,
    "annualized_return_pct": -95.96577802793821,
    "max_drawdown_pct": 62.18662578784476,
    "sharpe": -1.4098597124379273,
    "win_rate_pct": 39.0625,
    "profit_factor": 0.5396772080341194
  },
  "win008_tr20140101-20181231_te20190101-20190331_va20190401-20190630": {
    "cumulative_return_pct": -44.76609084336749,
    "annualized_return_pct": -91.96244472899046,
    "max_drawdown_pct": 51.34622324096063,
    "sharpe": -1.0708287277397819,
    "win_rate_pct": 46.55172413793103,
    "profit_factor": 0.5599633329868425
  },
  "win009_tr20140701-20190630_te20190701-20190930_va20191001-20191231": {
    "cumulative_return_pct": -31.37233766029603,
    "annualized_return_pct": -78.30002283465305,
    "max_drawdown_pct": 49.88753403974638,
    "sharpe": -1.0686986423839946,
    "win_rate_pct": 40.625,
    "profit_factor": 0.6285959270282506
  },
  "win010_tr20150101-20191231_te20200101-20200331_va20200401-20200630": {
    "cumulative_return_pct": 0.8944156659752829,
    "annualized_return_pct": 3.721893995039216,
    "max_drawdown_pct": 46.55146497958176,
    "sharpe": 0.006411829846484022,
    "win_rate_pct": 51.724137931034484,
    "profit_factor": 1.004570265536563
  },
  "win011_tr20150701-20200630_te20200701-20200930_va20201001-20201231": {
    "cumulative_return_pct": -62.71938739734729,
    "annualized_return_pct": -98.17637583698861,
    "max_drawdown_pct": 67.78680770680924,
    "sharpe": -1.0626851354060358,
    "win_rate_pct": 43.07692307692308,
    "profit_factor": 0.4494445250560763
  },
  "win012_tr20160101-20201231_te20210101-20210331_va20210401-20210630": {
    "cumulative_return_pct": -15.189755318202252,
    "annualized_return_pct": -50.327806024141665,
    "max_drawdown_pct": 48.635125270780314,
    "sharpe": -0.45136812435853685,
    "win_rate_pct": 50.0,
    "profit_factor": 0.9090885589211027
  },
  "win013_tr20160701-20210630_te20210701-20210930_va20211001-20211231": {
    "cumulative_return_pct": -42.660343632121275,
    "annualized_return_pct": -89.53521708268298,
    "max_drawdown_pct": 50.74699319881276,
    "sharpe": -0.996053132306256,
    "win_rate_pct": 44.44444444444444,
    "profit_factor": 0.653407020331403
  },
  "win014_tr20170101-20211231_te20220101-20220331_va20220401-20220630": {
    "cumulative_return_pct": -35.31006150287742,
    "annualized_return_pct": -84.27444323131728,
    "max_drawdown_pct": 41.684913546998935,
    "sharpe": -1.3003488761641693,
    "win_rate_pct": 43.103448275862064,
    "profit_factor": 0.6327925635814857
  },
  "win015_tr20170701-20220630_te20220701-20220930_va20221001-20221231": {
    "cumulative_return_pct": -27.091861035025445,
    "annualized_return_pct": -73.05721506479443,
    "max_drawdown_pct": 38.950418046616605,
    "sharpe": -1.2285738756541236,
    "win_rate_pct": 40.625,
    "profit_factor": 0.7730712350649388
  },
  "win016_tr20180101-20221231_te20230101-20230331_va20230401-20230630": {
    "cumulative_return_pct": 19.87602106943149,
    "annualized_return_pct": 114.0622056846698,
    "max_drawdown_pct": 19.36528549638325,
    "sharpe": 1.7465737603656821,
    "win_rate_pct": 47.45762711864407,
    "profit_factor": 1.213145351179908
  },
  "win017_tr20180701-20230630_te20230701-20230930_va20231001-20231231": {
    "cumulative_return_pct": -26.997033935397894,
    "annualized_return_pct": -73.31508994480886,
    "max_drawdown_pct": 33.73139663371401,
    "sharpe": -1.6912987987841819,
    "win_rate_pct": 45.3125,
    "profit_factor": 0.6486453622217528
  },
  "win018_tr20190101-20231231_te20240101-20240331_va20240401-20240630": {
    "cumulative_return_pct": -49.24629154799959,
    "annualized_return_pct": -94.19940568381386,
    "max_drawdown_pct": 54.53119782979986,
    "sharpe": -1.2244806472337069,
    "win_rate_pct": 43.103448275862064,
    "profit_factor": 0.4441425004511062
  },
  "win019_tr20190701-20240630_te20240701-20240930_va20241001-20241231": {
    "cumulative_return_pct": 176.5916689676353,
    "annualized_return_pct": 6110.553777457071,
    "max_drawdown_pct": 37.1668310423949,
    "sharpe": 45.52508175497006,
    "win_rate_pct": 55.55555555555556,
    "profit_factor": 1.8736978450903528
  },
  "win020_tr20200101-20241231_te20250101-20250331_va20250401-20250630": {
    "cumulative_return_pct": -23.093740112323523,
    "annualized_return_pct": -66.37392137873928,
    "max_drawdown_pct": 27.42695716886041,
    "sharpe": -0.7363334070321605,
    "win_rate_pct": 36.84210526315789,
    "profit_factor": 0.7827698668267025
  },
  "win021_tr20200701-20250630_te20250701-20250930_va20251001-20251231": {
    "cumulative_return_pct": 3.065666912510374,
    "annualized_return_pct": 13.037112653244032,
    "max_drawdown_pct": 19.817057111518675,
    "sharpe": 0.17526978817111838,
    "win_rate_pct": 46.15384615384615,
    "profit_factor": 1.0385330491600533
  }
}