{
  "win000_tr20100101-20141231_te20150101-20150331_va20150401-20150630": {
    "cumulative_return_pct": 2.0690564381872423,
    "annualized_return_pct": 9.198952144796312,
    "max_drawdown_pct": 33.394654273445546,
    "sharpe": 0.08794642568378158,
    "win_rate_pct": 47.368421052631575,
    "profit_factor": 1.025823850301129
  },
  "win001_tr20100701-20150630_te20150701-20150930_va20151001-20151231": {
    "cumulative_return_pct": -54.57937021045362,
    "annualized_return_pct": -95.93538850753671,
    "max_drawdown_pct": 61.555146482727196,
    "sharpe": -0.6777564685164904,
    "win_rate_pct": 52.38095238095239,
    "profit_factor": 0.725258845590875
  },
  "win002_tr20110101-20151231_te20160101-20160331_va20160401-20160630": {
    "cumulative_return_pct": -45.608082895093176,
    "annualized_return_pct": -92.24288350524043,
    "max_drawdown_pct": 46.96428756878328,
    "sharpe": -1.0258139569694094,
    "win_rate_pct": 47.45762711864407,
    "profit_factor": 0.6467096793354654
  },
  "win003_tr20110701-20160630_te20160701-20160930_va20161001-20161231": {
    "cumulative_return_pct": 19.80251532215893,
    "annualized_return_pct": 111.67921632910418,
    "max_drawdown_pct": 38.63469480029374,
    "sharpe": 1.366782851749953,
    "win_rate_pct": 57.14285714285714,
    "profit_factor": 1.1896419518572672
  },
  "win004_tr20120101-20161231_te20170101-20170331_va20170401-20170630": {
    "cumulative_return_pct": 5.116732461210713,
    "annualized_return_pct": 23.30605830754573,
    "max_drawdown_pct": 18.631254478042862,
    "sharpe": 0.3019112282519239,
    "win_rate_pct": 55.932203389830505,
    "profit_factor": 1.0651835276811532
  },
  "win005_tr20120701-20170630_te20170701-20170930_va20171001-20171231": {
    "cumulative_return_pct": -26.489988616258977,
    "annualized_return_pct": -72.12197558995454,
    "max_drawdown_pct": 38.17484833723067,
    "sharpe": -1.2630783375673436,
    "win_rate_pct": 46.15384615384615,
    "profit_factor": 0.6921864747428906
  },
  "win006_tr20130101-20171231_te20180101-20180331_va20180401-20180630": {
    "cumulative_return_pct": 51.237540295973005,
    "annualized_return_pct": 467.8852451487243,
    "max_drawdown_pct": 33.39042497818561,
    "sharpe": 5.06158469365948,
    "win_rate_pct": 52.54237288135594,
    "profit_factor": 1.390547438305949
  },
  "win007_tr20130701-20180630_te20180701-20180930_va20181001-20181231": {
    "cumulative_return_pct": -53.973882307120924,
    "annualized_return_pct": -96.00720924404914,
    "max_drawdown_pct": 55.53261948876369,
    "sharpe": -1.553247262855155,
    "win_rate_pct": 40.625,
    "profit_factor": 0.4397695095317652
  },
  "win008_tr20140101-20181231_te20190101-20190331_va20190401-20190630": {
    "cumulative_return_pct": -31.71920645958218,
    "annualized_return_pct": -80.21889405171756,
    "max_drawdown_pct": 47.04973785988906,
    "sharpe": -0.8082139056838198,
    "win_rate_pct": 37.93103448275862,
    "profit_factor": 0.7525378361815394
  },
  "win009_tr20140701-20190630_te20190701-20190930_va20191001-20191231": {
    "cumulative_return_pct": 22.738898436043108,
    "annualized_return_pct": 129.6780617568168,
    "max_drawdown_pct": 31.69359215451998,
    "sharpe": 1.5338236211028304,
    "win_rate_pct": 50.0,
    "profit_factor": 1.1520135522128216
  },
  "win010_tr20150101-20191231_te20200101-20200331_va20200401-20200630": {
    "cumulative_return_pct": -39.10817254829973,
    "annualized_return_pct": -86.94296124465947,
    "max_drawdown_pct": 47.34827804606616,
    "sharpe": -0.8744897788177584,
    "win_rate_pct": 36.206896551724135,
    "profit_factor": 0.7142052274817725
  },
  "win011_tr20150701-20200630_te20200701-20200930_va20201001-20201231": {
    "cumulative_return_pct": -44.87608987630069,
    "annualized_return_pct": -91.08191587531084,
    "max_drawdown_pct": 56.7423978243427,
    "sharpe": -1.36916297133504,
    "win_rate_pct": 43.07692307692308,
    "profit_factor": 0.6152640577124453
  },
  "win012_tr20160101-20201231_te20210101-20210331_va20210401-20210630": {
    "cumulative_return_pct": -42.193454494429076,
    "annualized_return_pct": -90.24798750426883,
    "max_drawdown_pct": 55.55862482821341,
    "sharpe": -1.184343254334531,
    "win_rate_pct": 46.55172413793103,
    "profit_factor": 0.6448622415611938
  },
  "win013_tr20160701-20210630_te20210701-20210930_va20211001-20211231": {
    "cumulative_return_pct": 27.663242045053888,
    "annualized_return_pct": 169.43291686433403,
    "max_drawdown_pct": 24.935954378389226,
    "sharpe": 1.7105556150531875,
    "win_rate_pct": 55.55555555555556,
    "profit_factor": 1.1781605051184139
  },
  "win014_tr20170101-20211231_te20220101-20220331_va20220401-20220630": {
    "cumulative_return_pct": -31.339460130917086,
    "annualized_return_pct": -79.74742041646333,
    "max_drawdown_pct": 53.8373310948152,
    "sharpe": -0.9875398457083305,
    "win_rate_pct": 48.275862068965516,
    "profit_factor": 0.7281201837700758
  },
  "win015_tr20170701-20220630_te20220701-20220930_va20221001-20221231": {
    "cumulative_return_pct": 10.165756603711214,
    "annualized_return_pct": 49.45738154037465,
    "max_drawdown_pct": 24.097670081454726,
    "sharpe": 0.565833153498627,
    "win_rate_pct": 48.4375,
    "profit_factor": 1.0941821867303103
  },
  "win016_tr20180101-20221231_te20230101-20230331_va20230401-20230630": {
    "cumulative_return_pct": -34.00854712140532,
    "annualized_return_pct": -82.5353645016742,
    "max_drawdown_pct": 43.722886990310414,
    "sharpe": -1.1795293880818072,
    "win_rate_pct": 42.3728813559322,
    "profit_factor": 0.6733920959734309
  },
  "win017_tr20180701-20230630_te20230701-20230930_va20231001-20231231": {
    "cumulative_return_pct": -2.3750513174352705,
    "annualized_return_pct": -9.598957932772622,
    "max_drawdown_pct": 21.00325762984811,
    "sharpe": -0.28422842874391074,
    "win_rate_pct": 50.0,
    "profit_factor": 0.9640537419894245
  },
  "win018_tr20190101-20231231_te20240101-20240331_va20240401-20240630": {
    "cumulative_return_pct": -43.06158813147984,
    "annualized_return_pct": -90.60007944235116,
    "max_drawdown_pct": 44.32422701354168,
    "sharpe": -1.1666063612909234,
    "win_rate_pct": 39.6551724137931,
    "profit_factor": 0.6081347557735963
  },
  "win019_tr20190701-20240630_te20240701-20240930_va20241001-20241231": {
    "cumulative_return_pct": 28.97793091822658,
    "annualized_return_pct": 180.8719403930721,
    "max_drawdown_pct": 42.335875991617975,
    "sharpe": 1.7933562906541418,
    "win_rate_pct": 53.96825396825397,
    "profit_factor": 1.2889288633369882
  },
  "win020_tr20200101-20241231_te20250101-20250331_va20250401-20250630": {
    "cumulative_return_pct": -9.653425049630261,
    "annualized_return_pct": -34.38419277845332,
    "max_drawdown_pct": 21.00002709553298,
    "sharpe": -0.516896899247978,
    "win_rate_pct": 45.614035087719294,
    "profit_factor": 0.8994753815958734
  },
  "win021_tr20200701-20250630_te20250701-20250930_va20251001-20251231": {
    "cumulative_return_pct": -22.539463872410636,
    "annualized_return_pct": -64.5307757638888,
    "max_drawdown_pct": 36.611653885190464,
    "sharpe": -0.9887922990028776,
    "win_rate_pct": 41.53846153846154,
    "profit_factor": 0.808533008525176
  }
}