{
  "win000_tr20100101-20141231_te20150101-20150331_va20150401-20150630": {
    "cumulative_return_pct": 15.455137354963389,
    "annualized_return_pct": 85.43574755644707,
    "max_drawdown_pct": 23.466055673117143,
    "sharpe": 1.3902092073959322,
    "win_rate_pct": 45.614035087719294,
    "profit_factor": 1.2345066990592044
  },
  "win001_tr20100701-20150630_te20150701-20150930_va20151001-20151231": {
    "cumulative_return_pct": -61.10752595477707,
    "annualized_return_pct": -97.83460178795278,
    "max_drawdown_pct": 67.14839750242754,
    "sharpe": -0.6847889667706124,
    "win_rate_pct": 47.61904761904761,
    "profit_factor": 0.7018470326692945
  },
  "win002_tr20110101-20151231_te20160101-20160331_va20160401-20160630": {
    "cumulative_return_pct": -49.561733877285675,
    "annualized_return_pct": -94.34926283492487,
    "max_drawdown_pct": 43.541713061473175,
    "sharpe": -1.234154977738132,
    "win_rate_pct": 49.152542372881356,
    "profit_factor": 0.5360358145718652
  },
  "win003_tr20110701-20160630_te20160701-20160930_va20161001-20161231": {
    "cumulative_return_pct": -12.903240843800642,
    "annualized_return_pct": -43.63958388403256,
    "max_drawdown_pct": 45.13935143047828,
    "sharpe": -0.639449001488567,
    "win_rate_pct": 52.38095238095239,
    "profit_factor": 0.878155158935728
  },
  "win004_tr20120101-20161231_te20170101-20170331_va20170401-20170630": {
    "cumulative_return_pct": -15.420280502793506,
    "annualized_return_pct": -50.49562143141997,
    "max_drawdown_pct": 31.412323244332395,
    "sharpe": -0.9294596425301422,
    "win_rate_pct": 54.23728813559322,
    "profit_factor": 0.7925682962056302
  },
  "win005_tr20120701-20170630_te20170701-20170930_va20171001-20171231": {
    "cumulative_return_pct": -2.33005521069963,
    "annualized_return_pct": -9.32196662616941,
    "max_drawdown_pct": 19.733965847650854,
    "sharpe": -0.21283315686924953,
    "win_rate_pct": 46.15384615384615,
    "profit_factor": 0.9724794092420207
  },
  "win006_tr20130101-20171231_te20180101-20180331_va20180401-20180630": {
    "cumulative_return_pct": -16.55566651530671,
    "annualized_return_pct": -53.226238920893955,
    "max_drawdown_pct": 56.57875748964759,
    "sharpe": -0.6201225625112844,
    "win_rate_pct": 50.847457627118644,
    "profit_factor": 0.8151567184901737
  },
  "win007_tr20130701-20180630_te20180701-20180930_va20181001-20181231": {
    "cumulative_return_pct": -74.39041585082776,
    "annualized_return_pct": -99.6496240004854,
    "max_drawdown_pct": 76.25936722815936,
    "sharpe": -1.6515759368343765,
    "win_rate_pct": 31.25,
    "profit_factor": 0.26649296750784734
  },
  "win008_tr20140101-20181231_te20190101-20190331_va20190401-20190630": {
    "cumulative_return_pct": -13.961209952007886,
    "annualized_return_pct": -47.199189011757845,
    "max_drawdown_pct": 52.87576097204462,
    "sharpe": -0.4419110495652473,
    "win_rate_pct": 43.103448275862064,
    "profit_factor": 0.9060822296719676
  },
  "win009_tr20140701-20190630_te20190701-20190930_va20191001-20191231": {
    "cumulative_return_pct": 1.4137537177639548,
    "annualized_return_pct": 5.862728143351248,
    "max_drawdown_pct": 19.60037551286959,
    "sharpe": 0.043913331182698925,
    "win_rate_pct": 53.125,
    "profit_factor": 1.014544196202584
  },
  "win010_tr20150101-20191231_te20200101-20200331_va20200401-20200630": {
    "cumulative_return_pct": -52.77332269894225,
    "annualized_return_pct": -95.39863146255946,
    "max_drawdown_pct": 58.463837486937784,
    "sharpe": -0.8542803840550405,
    "win_rate_pct": 43.103448275862064,
    "profit_factor": 0.6495836237780667
  },
  "win011_tr20150701-20200630_te20200701-20200930_va20201001-20201231": {
    "cumulative_return_pct": -60.94998277328608,
    "annualized_return_pct": -97.79878317200608,
    "max_drawdown_pct": 60.935851338974565,
    "sharpe": -1.506185932870382,
    "win_rate_pct": 36.92307692307693,
    "profit_factor": 0.4027667839038261
  },
  "win012_tr20160101-20201231_te20210101-20210331_va20210401-20210630": {
    "cumulative_return_pct": -35.0894918029652,
    "annualized_return_pct": -84.04545638697695,
    "max_drawdown_pct": 48.05215770805893,
    "sharpe": -1.0174767185599594,
    "win_rate_pct": 41.37931034482759,
    "profit_factor": 0.6867405370638391
  },
  "win013_tr20160701-20210630_te20210701-20210930_va20211001-20211231": {
    "cumulative_return_pct": 2.2964496043824707,
    "annualized_return_pct": 9.652223640397795,
    "max_drawdown_pct": 24.89458500636473,
    "sharpe": 0.07367475729859752,
    "win_rate_pct": 49.2063492063492,
    "profit_factor": 1.01508902817941
  },
  "win014_tr20170101-20211231_te20220101-20220331_va20220401-20220630": {
    "cumulative_return_pct": -9.922082782104786,
    "annualized_return_pct": -35.84066545074275,
    "max_drawdown_pct": 45.56123015828461,
    "sharpe": -0.4586831362732867,
    "win_rate_pct": 50.0,
    "profit_factor": 0.8949244091813424
  },
  "win015_tr20170701-20220630_te20220701-20220930_va20221001-20221231": {
    "cumulative_return_pct": -2.497247450216394,
    "annualized_return_pct": -9.964496854971106,
    "max_drawdown_pct": 30.98678259407232,
    "sharpe": -0.143843424446203,
    "win_rate_pct": 42.1875,
    "profit_factor": 0.9788619439591268
  },
  "win016_tr20180101-20221231_te20230101-20230331_va20230401-20230630": {
    "cumulative_return_pct": -51.169280946947026,
    "annualized_return_pct": -95.06771869537506,
    "max_drawdown_pct": 53.211209732325656,
    "sharpe": -1.4643523328325725,
    "win_rate_pct": 38.983050847457626,
    "profit_factor": 0.4801980635542771
  },
  "win017_tr20180701-20230630_te20230701-20230930_va20231001-20231231": {
    "cumulative_return_pct": 31.055766034003696,
    "annualized_return_pct": 211.2527872174002,
    "max_drawdown_pct": 15.475187959338205,
    "sharpe": 3.5648728429238585,
    "win_rate_pct": 48.4375,
    "profit_factor": 1.33904809114424
  },
  "win018_tr20190101-20231231_te20240101-20240331_va20240401-20240630": {
    "cumulative_return_pct": -50.025292060333335,
    "annualized_return_pct": -94.56411190180873,
    "max_drawdown_pct": 47.33788026286945,
    "sharpe": -1.129114521239661,
    "win_rate_pct": 44.827586206896555,
    "profit_factor": 0.5178326479633565
  },
  "win019_tr20190701-20240630_te20240701-20240930_va20241001-20241231": {
    "cumulative_return_pct": 73.93441202889552,
    "annualized_return_pct": 845.2888646753047,
    "max_drawdown_pct": 28.442287888545387,
    "sharpe": 9.613430299035773,
    "win_rate_pct": 53.96825396825397,
    "profit_factor": 1.6279093223756897
  },
  "win020_tr20200101-20241231_te20250101-20250331_va20250401-20250630": {
    "cumulative_return_pct": 4.410219985922216,
    "annualized_return_pct": 19.61734102240349,
    "max_drawdown_pct": 19.921045867004636,
    "sharpe": 0.23297794869522895,
    "win_rate_pct": 47.368421052631575,
    "profit_factor": 1.0507034324322877
  },
  "win021_tr20200701-20250630_te20250701-20250930_va20251001-20251231": {
    "cumulative_return_pct": -2.0714901069726213,
    "annualized_return_pct": -8.144263214190206,
    "max_drawdown_pct": 20.297307576653534,
    "sharpe": -0.1891650404338182,
    "win_rate_pct": 40.0,
    "profit_factor": 0.9776809341338337
  }
}