{
  "win000_tr20100101-20141231_te20150101-20150331_va20150401-20150630": {
    "cumulative_return_pct": 23.83338674707699,
    "annualized_return_pct": 150.57011702584524,
    "max_drawdown_pct": 26.356185246208664,
    "sharpe": 1.9013524813630338,
    "win_rate_pct": 54.385964912280706,
    "profit_factor": 1.2444689900308148
  },
  "win001_tr20100701-20150630_te20150701-20150930_va20151001-20151231": {
    "cumulative_return_pct": -48.11330771427944,
    "annualized_return_pct": -93.02406847199785,
    "max_drawdown_pct": 52.12262750663806,
    "sharpe": -0.7011708844752881,
    "win_rate_pct": 47.61904761904761,
    "profit_factor": 0.7204435889262603
  },
  "win002_tr20110101-20151231_te20160101-20160331_va20160401-20160630": {
    "cumulative_return_pct": -37.07465925078412,
    "annualized_return_pct": -85.69742375476004,
    "max_drawdown_pct": 60.01950789407991,
    "sharpe": -0.822790612813777,
    "win_rate_pct": 57.6271186440678,
    "profit_factor": 0.7155137089636874
  },
  "win003_tr20110701-20160630_te20160701-20160930_va20161001-20161231": {
    "cumulative_return_pct": -1.94607482858008,
    "annualized_return_pct": -7.833131491417422,
    "max_drawdown_pct": 26.20726893987021,
    "sharpe": -0.1548682826870797,
    "win_rate_pct": 52.38095238095239,
    "profit_factor": 0.9804823514657587
  },
  "win004_tr20120101-20161231_te20170101-20170331_va20170401-20170630": {
    "cumulative_return_pct": 16.619351484495237,
    "annualized_return_pct": 90.68717756246537,
    "max_drawdown_pct": 14.114847587898444,
    "sharpe": 1.4184073264459434,
    "win_rate_pct": 47.45762711864407,
    "profit_factor": 1.2323697163214093
  },
  "win005_tr20120701-20170630_te20170701-20170930_va20171001-20171231": {
    "cumulative_return_pct": 11.726317576926249,
    "annualized_return_pct": 58.44284194618612,
    "max_drawdown_pct": 23.31825065981018,
    "sharpe": 0.7779872304342322,
    "win_rate_pct": 46.15384615384615,
    "profit_factor": 1.1284484449626222
  },
  "win006_tr20130101-20171231_te20180101-20180331_va20180401-20180630": {
    "cumulative_return_pct": -44.91328154877499,
    "annualized_return_pct": -91.81830173310304,
    "max_drawdown_pct": 55.52505625455459,
    "sharpe": -1.2604743241723193,
    "win_rate_pct": 44.06779661016949,
    "profit_factor": 0.5285191211874949
  },
  "win007_tr20130701-20180630_te20180701-20180930_va20181001-20181231": {
    "cumulative_return_pct": -54.1671584390284,
    "annualized_return_pct": -96.07634206191197,
    "max_drawdown_pct": 63.02104257815275,
    "sharpe": -1.4710748056855816,
    "win_rate_pct": 43.75,
    "profit_factor": 0.5380634683602568
  },
  "win008_tr20140101-20181231_te20190101-20190331_va20190401-20190630": {
    "cumulative_return_pct": -38.34115303143145,
    "annualized_return_pct": -87.17400918447755,
    "max_drawdown_pct": 47.74487863755507,
    "sharpe": -0.8762305529343785,
    "win_rate_pct": 50.0,
    "profit_factor": 0.670919961327499
  },
  "win009_tr20140701-20190630_te20190701-20190930_va20191001-20191231": {
    "cumulative_return_pct": -24.523168575894587,
    "annualized_return_pct": -68.07527955871053,
    "max_drawdown_pct": 34.659467094792056,
    "sharpe": -0.7421044594876695,
    "win_rate_pct": 40.625,
    "profit_factor": 0.7755710660271812
  },
  "win010_tr20150101-20191231_te20200101-20200331_va20200401-20200630": {
    "cumulative_return_pct": -33.66193196680824,
    "annualized_return_pct": -81.4421941544604,
    "max_drawdown_pct": 47.732534285322856,
    "sharpe": -0.8714361704777681,
    "win_rate_pct": 55.172413793103445,
    "profit_factor": 0.7918975079837027
  },
  "win011_tr20150701-20200630_te20200701-20200930_va20201001-20201231": {
    "cumulative_return_pct": -44.80490435366505,
    "annualized_return_pct": -91.0350854106724,
    "max_drawdown_pct": 52.99669702229232,
    "sharpe": -0.9521823903521907,
    "win_rate_pct": 46.15384615384615,
    "profit_factor": 0.6410600272577086
  },
  "win012_tr20160101-20201231_te20210101-20210331_va20210401-20210630": {
    "cumulative_return_pct": -40.6970646947403,
    "annualized_return_pct": -89.12990173536237,
    "max_drawdown_pct": 63.766730092457735,
    "sharpe": -0.9427629259068562,
    "win_rate_pct": 39.6551724137931,
    "profit_factor": 0.5508862055883037
  },
  "win013_tr20160701-20210630_te20210701-20210930_va20211001-20211231": {
    "cumulative_return_pct": -45.17498416369613,
    "annualized_return_pct": -91.27653898561982,
    "max_drawdown_pct": 51.50089337202799,
    "sharpe": -0.9458023689174972,
    "win_rate_pct": 41.269841269841265,
    "profit_factor": 0.641539047548359
  },
  "win014_tr20170101-20211231_te20220101-20220331_va20220401-20220630": {
    "cumulative_return_pct": -51.76281244092272,
    "annualized_return_pct": -95.47838261252399,
    "max_drawdown_pct": 56.401261280815774,
    "sharpe": -1.3103863687873785,
    "win_rate_pct": 39.6551724137931,
    "profit_factor": 0.5614210426988563
  },
  "win015_tr20170701-20220630_te20220701-20220930_va20221001-20221231": {
    "cumulative_return_pct": -29.090387939526213,
    "annualized_return_pct": -75.99280736063405,
    "max_drawdown_pct": 32.180931042997585,
    "sharpe": -1.1718613631098362,
    "win_rate_pct": 40.625,
    "profit_factor": 0.7257390401259782
  },
  "win016_tr20180101-20221231_te20230101-20230331_va20230401-20230630": {
    "cumulative_return_pct": -2.0587755033131807,
    "annualized_return_pct": -8.363013213792836,
    "max_drawdown_pct": 22.2358090937638,
    "sharpe": -0.16059820988432044,
    "win_rate_pct": 37.28813559322034,
    "profit_factor": 0.9792647524435217
  },
  "win017_tr20180701-20230630_te20230701-20230930_va20231001-20231231": {
    "cumulative_return_pct": -28.017817039906735,
    "annualized_return_pct": -74.8469172952084,
    "max_drawdown_pct": 32.054089231947906,
    "sharpe": -1.0606274853396622,
    "win_rate_pct": 43.75,
    "profit_factor": 0.7150853265527894
  },
  "win018_tr20190101-20231231_te20240101-20240331_va20240401-20240630": {
    "cumulative_return_pct": -50.771484949113855,
    "annualized_return_pct": -94.89681925043804,
    "max_drawdown_pct": 65.80737536412938,
    "sharpe": -0.9659808493656987,
    "win_rate_pct": 53.44827586206896,
    "profit_factor": 0.4852671724536932
  },
  "win019_tr20190701-20240630_te20240701-20240930_va20241001-20241231": {
    "cumulative_return_pct": 48.799144879775355,
    "annualized_return_pct": 401.7300355209189,
    "max_drawdown_pct": 37.951884105349585,
    "sharpe": 3.4690402779135514,
    "win_rate_pct": 47.61904761904761,
    "profit_factor": 1.315852750068475
  },
  "win020_tr20200101-20241231_te20250101-20250331_va20250401-20250630": {
    "cumulative_return_pct": -51.62865820987239,
    "annualized_return_pct": -95.09248599867783,
    "max_drawdown_pct": 58.03627856254815,
    "sharpe": -1.2240605956087494,
    "win_rate_pct": 40.35087719298245,
    "profit_factor": 0.5372697897054461
  },
  "win021_tr20200701-20250630_te20250701-20250930_va20251001-20251231": {
    "cumulative_return_pct": 23.540549845295352,
    "annualized_return_pct": 135.82708110086932,
    "max_drawdown_pct": 30.56610042817563,
    "sharpe": 1.645086277613887,
    "win_rate_pct": 44.61538461538462,
    "profit_factor": 1.1708577125694728
  }
}