{
  "size": 4,
  "models": "FiLM,FreTS,LightTS,TimeMixer",
  "num_windows": 22,
  "mean_test_cumulative_return_pct": -17.72443253998823,
  "std_test_cumulative_return_pct": 32.272136569773096,
  "min_test_cumulative_return_pct": -80.33451488718649,
  "max_test_cumulative_return_pct": 35.6269754902366,
  "mean_test_annualized_return_pct": -8.843428296624591,
  "mean_test_max_drawdown_pct": 41.28575401400612,
  "mean_test_sharpe": -0.08985615153456446,
  "mean_test_win_rate_pct": 45.55495737564069,
  "mean_test_profit_factor": 0.852692197586112
}