{
  "size": 5,
  "models": "FiLM,FreTS,LightTS,PatchTST,TimeMixer",
  "num_windows": 22,
  "mean_test_cumulative_return_pct": -18.2943430121162,
  "std_test_cumulative_return_pct": 30.051544823654876,
  "min_test_cumulative_return_pct": -71.45536055275915,
  "max_test_cumulative_return_pct": 38.88711209100827,
  "mean_test_annualized_return_pct": -13.042969927957063,
  "mean_test_max_drawdown_pct": 40.38313078150853,
  "mean_test_sharpe": -0.14223974044785612,
  "mean_test_win_rate_pct": 45.3840737878812,
  "mean_test_profit_factor": 0.8438282216706932
}