{
  "size": 4,
  "models": "FiLM,FreTS,PatchTST,iTransformer",
  "num_windows": 22,
  "mean_test_cumulative_return_pct": -6.433537222435208,
  "std_test_cumulative_return_pct": 42.89665301690613,
  "min_test_cumulative_return_pct": -79.0855626494908,
  "max_test_cumulative_return_pct": 113.65068434489072,
  "mean_test_annualized_return_pct": 150.733664792939,
  "mean_test_max_drawdown_pct": 37.61058490838404,
  "mean_test_sharpe": 1.5065416012896755,
  "mean_test_win_rate_pct": 46.16988041047051,
  "mean_test_profit_factor": 0.9467199953214025
}