{
  "win000_tr20100101-20141231_te20150101-20150331_va20150401-20150630": {
    "cumulative_return_pct": -20.128424833099835,
    "annualized_return_pct": -61.93079970950613,
    "max_drawdown_pct": 27.45684189758292,
    "sharpe": -0.8438156520465914,
    "win_rate_pct": 45.614035087719294,
    "profit_factor": 0.8034251404628535
  },
  "win001_tr20100701-20150630_te20150701-20150930_va20151001-20151231": {
    "cumulative_return_pct": -79.0855626494908,
    "annualized_return_pct": -99.82535984716021,
    "max_drawdown_pct": 75.31571607085546,
    "sharpe": -0.7621330097621983,
    "win_rate_pct": 47.61904761904761,
    "profit_factor": 0.43858432890857635
  },
  "win002_tr20110101-20151231_te20160101-20160331_va20160401-20160630": {
    "cumulative_return_pct": -26.557154097127185,
    "annualized_return_pct": -72.63351555808026,
    "max_drawdown_pct": 44.97214893690736,
    "sharpe": -0.6356149862092644,
    "win_rate_pct": 50.847457627118644,
    "profit_factor": 0.8497181514108246
  },
  "win003_tr20110701-20160630_te20160701-20160930_va20161001-20161231": {
    "cumulative_return_pct": 13.690606081584141,
    "annualized_return_pct": 70.32903101128178,
    "max_drawdown_pct": 33.109920470825536,
    "sharpe": 0.9168615866972554,
    "win_rate_pct": 53.96825396825397,
    "profit_factor": 1.1573041782921918
  },
  "win004_tr20120101-20161231_te20170101-20170331_va20170401-20170630": {
    "cumulative_return_pct": 0.9334372314688169,
    "annualized_return_pct": 3.9777243511975424,
    "max_drawdown_pct": 27.43643060894983,
    "sharpe": 0.01551469727111514,
    "win_rate_pct": 55.932203389830505,
    "profit_factor": 1.00915505099503
  },
  "win005_tr20120701-20170630_te20170701-20170930_va20171001-20171231": {
    "cumulative_return_pct": -12.966423670887984,
    "annualized_return_pct": -43.80908887156766,
    "max_drawdown_pct": 28.859108152004865,
    "sharpe": -0.7628053250640755,
    "win_rate_pct": 43.07692307692308,
    "profit_factor": 0.85509244861662
  },
  "win006_tr20130101-20171231_te20180101-20180331_va20180401-20180630": {
    "cumulative_return_pct": -27.042245080713883,
    "annualized_return_pct": -73.38440244986255,
    "max_drawdown_pct": 45.87525750288706,
    "sharpe": -0.8163663695018322,
    "win_rate_pct": 45.76271186440678,
    "profit_factor": 0.7674706978266408
  },
  "win007_tr20130701-20180630_te20180701-20180930_va20181001-20181231": {
    "cumulative_return_pct": -51.83076615579401,
    "annualized_return_pct": -95.17703432425458,
    "max_drawdown_pct": 52.69673369586793,
    "sharpe": -1.6791480185627863,
    "win_rate_pct": 34.375,
    "profit_factor": 0.4294704253034789
  },
  "win008_tr20140101-20181231_te20190101-20190331_va20190401-20190630": {
    "cumulative_return_pct": 7.560082351940032,
    "annualized_return_pct": 36.277851072499104,
    "max_drawdown_pct": 25.234263480521435,
    "sharpe": 0.34219493251577704,
    "win_rate_pct": 41.37931034482759,
    "profit_factor": 1.0539979123401821
  },
  "win009_tr20140701-20190630_te20190701-20190930_va20191001-20191231": {
    "cumulative_return_pct": 0.6278466687746462,
    "annualized_return_pct": 2.572579619696924,
    "max_drawdown_pct": 28.84677627741269,
    "sharpe": -0.00517571688560317,
    "win_rate_pct": 43.75,
    "profit_factor": 1.005678823206863
  },
  "win010_tr20150101-20191231_te20200101-20200331_va20200401-20200630": {
    "cumulative_return_pct": -22.79653765476857,
    "annualized_return_pct": -65.41650265839817,
    "max_drawdown_pct": 39.80294932833467,
    "sharpe": -0.7959753928861614,
    "win_rate_pct": 50.0,
    "profit_factor": 0.8247256777199214
  },
  "win011_tr20150701-20200630_te20200701-20200930_va20201001-20201231": {
    "cumulative_return_pct": -45.265278375424806,
    "annualized_return_pct": -91.33469890397268,
    "max_drawdown_pct": 57.908408009656966,
    "sharpe": -1.0831402350129102,
    "win_rate_pct": 41.53846153846154,
    "profit_factor": 0.647595130398645
  },
  "win012_tr20160101-20201231_te20210101-20210331_va20210401-20210630": {
    "cumulative_return_pct": 35.58322245052799,
    "annualized_return_pct": 264.32667911178254,
    "max_drawdown_pct": 16.377701078888375,
    "sharpe": 2.904769547496523,
    "win_rate_pct": 56.896551724137936,
    "profit_factor": 1.2846115077839724
  },
  "win013_tr20160701-20210630_te20210701-20210930_va20211001-20211231": {
    "cumulative_return_pct": -14.182158799139142,
    "annualized_return_pct": -46.242916256792554,
    "max_drawdown_pct": 49.52880071512902,
    "sharpe": -0.42223856811943855,
    "win_rate_pct": 47.61904761904761,
    "profit_factor": 0.8996177881165566
  },
  "win014_tr20170101-20211231_te20220101-20220331_va20220401-20220630": {
    "cumulative_return_pct": -12.179268090993771,
    "annualized_return_pct": -42.39616017393851,
    "max_drawdown_pct": 46.23257923680282,
    "sharpe": -0.4745368212715083,
    "win_rate_pct": 44.827586206896555,
    "profit_factor": 0.8831222040171949
  },
  "win015_tr20170701-20220630_te20220701-20220930_va20221001-20221231": {
    "cumulative_return_pct": -16.6750423998685,
    "annualized_return_pct": -53.10012810902165,
    "max_drawdown_pct": 45.09253088894859,
    "sharpe": -0.697408664981504,
    "win_rate_pct": 42.1875,
    "profit_factor": 0.8842620626773883
  },
  "win016_tr20180101-20221231_te20230101-20230331_va20230401-20230630": {
    "cumulative_return_pct": 102.93319946217876,
    "annualized_return_pct": 1851.4306034239646,
    "max_drawdown_pct": 18.351718384904974,
    "sharpe": 20.950964846773406,
    "win_rate_pct": 54.23728813559322,
    "profit_factor": 1.9039857912523923
  },
  "win017_tr20180701-20230630_te20230701-20230930_va20231001-20231231": {
    "cumulative_return_pct": -21.458294658341316,
    "annualized_return_pct": -63.725433293025745,
    "max_drawdown_pct": 31.71347764090784,
    "sharpe": -1.6007454474940555,
    "win_rate_pct": 46.875,
    "profit_factor": 0.6912832790747623
  },
  "win018_tr20190101-20231231_te20240101-20240331_va20240401-20240630": {
    "cumulative_return_pct": -24.280591319145426,
    "annualized_return_pct": -68.89153649465231,
    "max_drawdown_pct": 34.515696187970505,
    "sharpe": -0.8213197690643709,
    "win_rate_pct": 41.37931034482759,
    "profit_factor": 0.7914746761638298
  },
  "win019_tr20190701-20240630_te20240701-20240930_va20241001-20241231": {
    "cumulative_return_pct": 113.65068434489072,
    "annualized_return_pct": 2077.960019077626,
    "max_drawdown_pct": 28.138394764648726,
    "sharpe": 21.06632454433712,
    "win_rate_pct": 50.79365079365079,
    "profit_factor": 2.103491549245571
  },
  "win020_tr20200101-20241231_te20250101-20250331_va20250401-20250630": {
    "cumulative_return_pct": -9.041153132881712,
    "annualized_return_pct": -32.518746369459315,
    "max_drawdown_pct": 22.80397047777358,
    "sharpe": -0.5300629521853144,
    "win_rate_pct": 38.59649122807017,
    "profit_factor": 0.9025242727469995
  },
  "win021_tr20200701-20250630_te20250701-20250930_va20251001-20251231": {
    "cumulative_return_pct": -33.02799656726277,
    "annualized_return_pct": -80.34753920369815,
    "max_drawdown_pct": 47.16344417666766,
    "sharpe": -1.1222279976707275,
    "win_rate_pct": 38.46153846153847,
    "profit_factor": 0.6412488005103605
  }
}