{
  "size": 3,
  "models": "PatchTST,TimeMixer,WPMixer",
  "num_windows": 22,
  "mean_test_cumulative_return_pct": -7.276901158264606,
  "std_test_cumulative_return_pct": 55.609415193008466,
  "min_test_cumulative_return_pct": -64.12091112167697,
  "max_test_cumulative_return_pct": 146.80941906218055,
  "mean_test_annualized_return_pct": 315.4519728980712,
  "mean_test_max_drawdown_pct": 45.34651643111688,
  "mean_test_sharpe": 3.1122706043067114,
  "mean_test_win_rate_pct": 48.915659763900834,
  "mean_test_profit_factor": 0.9639217409650231
}