{
  "win000_tr20100101-20141231_te20150101-20150331_va20150401-20150630": {
    "cumulative_return_pct": 67.01283667711742,
    "annualized_return_pct": 806.0855805006564,
    "max_drawdown_pct": 27.666881495687807,
    "sharpe": 9.6315345376008,
    "win_rate_pct": 57.89473684210527,
    "profit_factor": 1.7209387965568805
  },
  "win001_tr20100701-20150630_te20150701-20150930_va20151001-20151231": {
    "cumulative_return_pct": -44.30695080865764,
    "annualized_return_pct": -90.70229614162429,
    "max_drawdown_pct": 67.70198462364185,
    "sharpe": -0.581134828152351,
    "win_rate_pct": 52.38095238095239,
    "profit_factor": 0.8045039002185153
  },
  "win002_tr20110101-20151231_te20160101-20160331_va20160401-20160630": {
    "cumulative_return_pct": -55.54153500292281,
    "annualized_return_pct": -96.67328402765133,
    "max_drawdown_pct": 53.75485614970349,
    "sharpe": -0.992100786191047,
    "win_rate_pct": 47.45762711864407,
    "profit_factor": 0.5667594192501162
  },
  "win003_tr20110701-20160630_te20160701-20160930_va20161001-20161231": {
    "cumulative_return_pct": -25.306713425050336,
    "annualized_return_pct": -70.21164552747364,
    "max_drawdown_pct": 34.79696369740894,
    "sharpe": -0.9955094770112509,
    "win_rate_pct": 47.61904761904761,
    "profit_factor": 0.7580455847980813
  },
  "win004_tr20120101-20161231_te20170101-20170331_va20170401-20170630": {
    "cumulative_return_pct": -20.268757214841244,
    "annualized_return_pct": -61.36246184173735,
    "max_drawdown_pct": 41.389461149941035,
    "sharpe": -0.9058273507024355,
    "win_rate_pct": 45.76271186440678,
    "profit_factor": 0.7683137195682487
  },
  "win005_tr20120701-20170630_te20170701-20170930_va20171001-20171231": {
    "cumulative_return_pct": -12.233669168357482,
    "annualized_return_pct": -41.81932417970935,
    "max_drawdown_pct": 30.018017850204192,
    "sharpe": -0.6196856355823179,
    "win_rate_pct": 52.307692307692314,
    "profit_factor": 0.8728823281007825
  },
  "win006_tr20130101-20171231_te20180101-20180331_va20180401-20180630": {
    "cumulative_return_pct": 110.30306167115624,
    "annualized_return_pct": 2166.7043086716135,
    "max_drawdown_pct": 24.960489669430743,
    "sharpe": 26.33517948285426,
    "win_rate_pct": 57.6271186440678,
    "profit_factor": 2.5483501870713403
  },
  "win007_tr20130701-20180630_te20180701-20180930_va20181001-20181231": {
    "cumulative_return_pct": -43.98879185567411,
    "annualized_return_pct": -90.98017779653983,
    "max_drawdown_pct": 46.92878363250747,
    "sharpe": -1.2623302286973361,
    "win_rate_pct": 43.75,
    "profit_factor": 0.6031103314989678
  },
  "win008_tr20140101-20181231_te20190101-20190331_va20190401-20190630": {
    "cumulative_return_pct": -32.00600347904084,
    "annualized_return_pct": -80.5693682492324,
    "max_drawdown_pct": 46.54142784919422,
    "sharpe": -0.8065284539419998,
    "win_rate_pct": 46.55172413793103,
    "profit_factor": 0.7660475723197324
  },
  "win009_tr20140701-20190630_te20190701-20190930_va20191001-20191231": {
    "cumulative_return_pct": -41.88514043132716,
    "annualized_return_pct": -88.94906926089749,
    "max_drawdown_pct": 51.55186582174035,
    "sharpe": -1.0092031742662577,
    "win_rate_pct": 40.625,
    "profit_factor": 0.6471022308379264
  },
  "win010_tr20150101-20191231_te20200101-20200331_va20200401-20200630": {
    "cumulative_return_pct": -64.12091112167697,
    "annualized_return_pct": -98.51029889238887,
    "max_drawdown_pct": 68.86447786587588,
    "sharpe": -0.9241679718693822,
    "win_rate_pct": 34.48275862068966,
    "profit_factor": 0.5748006579104066
  },
  "win011_tr20150701-20200630_te20200701-20200930_va20201001-20201231": {
    "cumulative_return_pct": -23.243702148453274,
    "annualized_return_pct": -65.82139007183285,
    "max_drawdown_pct": 46.11392637438782,
    "sharpe": -0.7828410725400062,
    "win_rate_pct": 53.84615384615385,
    "profit_factor": 0.8263890284357073
  },
  "win012_tr20160101-20201231_te20210101-20210331_va20210401-20210630": {
    "cumulative_return_pct": -55.28636409547277,
    "annualized_return_pct": -96.72368157787147,
    "max_drawdown_pct": 60.00895751257595,
    "sharpe": -0.9296360348512293,
    "win_rate_pct": 39.6551724137931,
    "profit_factor": 0.5863900201180541
  },
  "win013_tr20160701-20210630_te20210701-20210930_va20211001-20211231": {
    "cumulative_return_pct": 26.869861749047434,
    "annualized_return_pct": 162.70183738875036,
    "max_drawdown_pct": 43.869303154372005,
    "sharpe": 1.3699037723993905,
    "win_rate_pct": 58.730158730158735,
    "profit_factor": 1.1253638450004182
  },
  "win014_tr20170101-20211231_te20220101-20220331_va20220401-20220630": {
    "cumulative_return_pct": 11.87766742584221,
    "annualized_return_pct": 61.07115281082165,
    "max_drawdown_pct": 52.6163281736583,
    "sharpe": 0.4495438597613468,
    "win_rate_pct": 51.724137931034484,
    "profit_factor": 1.070626362216918
  },
  "win015_tr20170701-20220630_te20220701-20220930_va20221001-20221231": {
    "cumulative_return_pct": -30.823614788594572,
    "annualized_return_pct": -78.3362216270584,
    "max_drawdown_pct": 45.362908018425124,
    "sharpe": -0.8566732273975646,
    "win_rate_pct": 48.4375,
    "profit_factor": 0.8107285736410966
  },
  "win016_tr20180101-20221231_te20230101-20230331_va20230401-20230630": {
    "cumulative_return_pct": -57.737877382917425,
    "annualized_return_pct": -97.31069291765967,
    "max_drawdown_pct": 64.54262974205909,
    "sharpe": -1.0128050914024629,
    "win_rate_pct": 44.06779661016949,
    "profit_factor": 0.5084261167427784
  },
  "win017_tr20180701-20230630_te20230701-20230930_va20231001-20231231": {
    "cumulative_return_pct": -34.63931199208374,
    "annualized_return_pct": -83.22555334123119,
    "max_drawdown_pct": 49.81073713273565,
    "sharpe": -0.914177406392796,
    "win_rate_pct": 40.625,
    "profit_factor": 0.7195057354513523
  },
  "win018_tr20190101-20231231_te20240101-20240331_va20240401-20240630": {
    "cumulative_return_pct": 146.80941906218055,
    "annualized_return_pct": 4338.566994342914,
    "max_drawdown_pct": 23.770701836336805,
    "sharpe": 39.49120698881065,
    "win_rate_pct": 58.620689655172406,
    "profit_factor": 2.0300473874626404
  },
  "win019_tr20190701-20240630_te20240701-20240930_va20241001-20241231": {
    "cumulative_return_pct": 64.11373422856582,
    "annualized_return_pct": 646.6719398566823,
    "max_drawdown_pct": 28.648653719904278,
    "sharpe": 5.202684502326939,
    "win_rate_pct": 50.79365079365079,
    "profit_factor": 1.345142625596854
  },
  "win020_tr20200101-20241231_te20250101-20250331_va20250401-20250630": {
    "cumulative_return_pct": -43.03640140226148,
    "annualized_return_pct": -90.32634895058492,
    "max_drawdown_pct": 51.56518122539846,
    "sharpe": -1.240379634772554,
    "win_rate_pct": 50.877192982456144,
    "profit_factor": 0.5724663188673398
  },
  "win021_tr20200701-20250630_te20250701-20250930_va20251001-20251231": {
    "cumulative_return_pct": -2.6526619783991947,
    "annualized_return_pct": -10.336595410378957,
    "max_drawdown_pct": 37.138824789382,
    "sharpe": -0.1770994752347353,
    "win_rate_pct": 52.307692307692314,
    "profit_factor": 0.9803375595663548
  }
}