{
  "win000_tr20100101-20141231_te20150101-20150331_va20150401-20150630": {
    "cumulative_return_pct": 41.2083544188441,
    "annualized_return_pct": 340.5131929372929,
    "max_drawdown_pct": 23.720176044664566,
    "sharpe": 3.979177827811464,
    "win_rate_pct": 49.122807017543856,
    "profit_factor": 1.3956021070724118
  },
  "win001_tr20100701-20150630_te20150701-20150930_va20151001-20151231": {
    "cumulative_return_pct": -52.14130614478499,
    "annualized_return_pct": -94.97455624930491,
    "max_drawdown_pct": 57.12782506423492,
    "sharpe": -0.7021023444213274,
    "win_rate_pct": 49.2063492063492,
    "profit_factor": 0.7067278992423256
  },
  "win002_tr20110101-20151231_te20160101-20160331_va20160401-20160630": {
    "cumulative_return_pct": -55.182306245916436,
    "annualized_return_pct": -96.55896675268752,
    "max_drawdown_pct": 55.82821462778013,
    "sharpe": -0.9491135955986933,
    "win_rate_pct": 42.3728813559322,
    "profit_factor": 0.5955941242924131
  },
  "win003_tr20110701-20160630_te20160701-20160930_va20161001-20161231": {
    "cumulative_return_pct": 23.828128240374895,
    "annualized_return_pct": 142.80233980076423,
    "max_drawdown_pct": 40.31696895170264,
    "sharpe": 1.534793020627205,
    "win_rate_pct": 49.2063492063492,
    "profit_factor": 1.2075017674807553
  },
  "win004_tr20120101-20161231_te20170101-20170331_va20170401-20170630": {
    "cumulative_return_pct": 9.548071198151936,
    "annualized_return_pct": 46.64646705071351,
    "max_drawdown_pct": 19.760962352166352,
    "sharpe": 0.6164632863193281,
    "win_rate_pct": 49.152542372881356,
    "profit_factor": 1.1025672291682889
  },
  "win005_tr20120701-20170630_te20170701-20170930_va20171001-20171231": {
    "cumulative_return_pct": -30.462012625012175,
    "annualized_return_pct": -77.86231832465627,
    "max_drawdown_pct": 37.508982766792094,
    "sharpe": -1.3820816558609286,
    "win_rate_pct": 46.15384615384615,
    "profit_factor": 0.6703344577819096
  },
  "win006_tr20130101-20171231_te20180101-20180331_va20180401-20180630": {
    "cumulative_return_pct": -34.910589713587584,
    "annualized_return_pct": -83.51591107962714,
    "max_drawdown_pct": 54.37876624653653,
    "sharpe": -1.145885262719169,
    "win_rate_pct": 40.67796610169492,
    "profit_factor": 0.6513290903161009
  },
  "win007_tr20130701-20180630_te20180701-20180930_va20181001-20181231": {
    "cumulative_return_pct": -33.51538454612902,
    "annualized_return_pct": -81.62649160455764,
    "max_drawdown_pct": 37.52144449007443,
    "sharpe": -1.3567020305352502,
    "win_rate_pct": 48.4375,
    "profit_factor": 0.6554031450845336
  },
  "win008_tr20140101-20181231_te20190101-20190331_va20190401-20190630": {
    "cumulative_return_pct": -50.72382419751526,
    "annualized_return_pct": -95.05005093530282,
    "max_drawdown_pct": 61.91484698743525,
    "sharpe": -0.9872430800796876,
    "win_rate_pct": 37.93103448275862,
    "profit_factor": 0.6355226336261618
  },
  "win009_tr20140701-20190630_te20190701-20190930_va20191001-20191231": {
    "cumulative_return_pct": -74.62352469500793,
    "annualized_return_pct": -99.6171896308577,
    "max_drawdown_pct": 66.15494114549085,
    "sharpe": -0.987085957692785,
    "win_rate_pct": 42.1875,
    "profit_factor": 0.3761171798492059
  },
  "win010_tr20150101-20191231_te20200101-20200331_va20200401-20200630": {
    "cumulative_return_pct": -30.32377886198749,
    "annualized_return_pct": -77.29979750931226,
    "max_drawdown_pct": 52.88353816554405,
    "sharpe": -0.8289988102342223,
    "win_rate_pct": 44.827586206896555,
    "profit_factor": 0.824255164777246
  },
  "win011_tr20150701-20200630_te20200701-20200930_va20201001-20201231": {
    "cumulative_return_pct": -31.79988312572896,
    "annualized_return_pct": -78.8434617474405,
    "max_drawdown_pct": 57.45514858479065,
    "sharpe": -0.8548244716234104,
    "win_rate_pct": 46.15384615384615,
    "profit_factor": 0.7747961480158042
  },
  "win012_tr20160101-20201231_te20210101-20210331_va20210401-20210630": {
    "cumulative_return_pct": -54.36361250959094,
    "annualized_return_pct": -96.42675145976851,
    "max_drawdown_pct": 65.28392733283965,
    "sharpe": -0.8392108466119115,
    "win_rate_pct": 32.758620689655174,
    "profit_factor": 0.6498469436750206
  },
  "win013_tr20160701-20210630_te20210701-20210930_va20211001-20211231": {
    "cumulative_return_pct": 30.489096281520066,
    "annualized_return_pct": 194.46841804064968,
    "max_drawdown_pct": 33.35761557730474,
    "sharpe": 1.7404041788622104,
    "win_rate_pct": 57.14285714285714,
    "profit_factor": 1.1459397350101508
  },
  "win014_tr20170101-20211231_te20220101-20220331_va20220401-20220630": {
    "cumulative_return_pct": 87.42470837658391,
    "annualized_return_pct": 1341.1891529640538,
    "max_drawdown_pct": 28.236550908802087,
    "sharpe": 14.504382307934053,
    "win_rate_pct": 58.620689655172406,
    "profit_factor": 1.6142502490205148
  },
  "win015_tr20170701-20220630_te20220701-20220930_va20221001-20221231": {
    "cumulative_return_pct": -25.7649635450501,
    "annualized_return_pct": -70.96288090584137,
    "max_drawdown_pct": 48.49134975197921,
    "sharpe": -0.8489783476356532,
    "win_rate_pct": 40.625,
    "profit_factor": 0.8243466693475175
  },
  "win016_tr20180101-20221231_te20230101-20230331_va20230401-20230630": {
    "cumulative_return_pct": -19.93723768919121,
    "annualized_return_pct": -60.68349606816319,
    "max_drawdown_pct": 31.182962680004035,
    "sharpe": -0.7537527883154231,
    "win_rate_pct": 49.152542372881356,
    "profit_factor": 0.8261320937055594
  },
  "win017_tr20180701-20230630_te20230701-20230930_va20231001-20231231": {
    "cumulative_return_pct": -5.325484441273963,
    "annualized_return_pct": -20.526935114354227,
    "max_drawdown_pct": 19.04827977447605,
    "sharpe": -0.3858501244458101,
    "win_rate_pct": 45.3125,
    "profit_factor": 0.9450503409448332
  },
  "win018_tr20190101-20231231_te20240101-20240331_va20240401-20240630": {
    "cumulative_return_pct": -60.06689567937962,
    "annualized_return_pct": -97.88024210179971,
    "max_drawdown_pct": 60.90452224481293,
    "sharpe": -1.2595907985976407,
    "win_rate_pct": 43.103448275862064,
    "profit_factor": 0.436779782915226
  },
  "win019_tr20190701-20240630_te20240701-20240930_va20241001-20241231": {
    "cumulative_return_pct": 38.38777424353284,
    "annualized_return_pct": 273.78476686305544,
    "max_drawdown_pct": 39.94363986758501,
    "sharpe": 2.166512655147488,
    "win_rate_pct": 47.61904761904761,
    "profit_factor": 1.223428136552158
  },
  "win020_tr20200101-20241231_te20250101-20250331_va20250401-20250630": {
    "cumulative_return_pct": 125.38762000175714,
    "annualized_return_pct": 2816.488494954621,
    "max_drawdown_pct": 13.50306161391125,
    "sharpe": 34.393309902456295,
    "win_rate_pct": 54.385964912280706,
    "profit_factor": 2.3761249682934094
  },
  "win021_tr20200701-20250630_te20250701-20250930_va20251001-20251231": {
    "cumulative_return_pct": -17.755894969379053,
    "annualized_return_pct": -54.76580197962486,
    "max_drawdown_pct": 33.17418043151943,
    "sharpe": -0.7224332707142721,
    "win_rate_pct": 40.0,
    "profit_factor": 0.8621411466772397
  }
}