{
  "win000_tr20100101-20141231_te20150101-20150331_va20150401-20150630": {
    "cumulative_return_pct": 2.044088447640231,
    "annualized_return_pct": 9.084214977233573,
    "max_drawdown_pct": 31.51851871069652,
    "sharpe": 0.08744305125413378,
    "win_rate_pct": 42.10526315789473,
    "profit_factor": 1.0246018030477824
  },
  "win001_tr20100701-20150630_te20150701-20150930_va20151001-20151231": {
    "cumulative_return_pct": -74.85859231287876,
    "annualized_return_pct": -99.63137813827865,
    "max_drawdown_pct": 75.17437787741379,
    "sharpe": -0.6689028913787584,
    "win_rate_pct": 46.03174603174603,
    "profit_factor": 0.5501401630902075
  },
  "win002_tr20110101-20151231_te20160101-20160331_va20160401-20160630": {
    "cumulative_return_pct": -43.1212718363206,
    "annualized_return_pct": -90.6413763513439,
    "max_drawdown_pct": 51.094563923389956,
    "sharpe": -1.0580524546612333,
    "win_rate_pct": 45.76271186440678,
    "profit_factor": 0.6102594966229099
  },
  "win003_tr20110701-20160630_te20160701-20160930_va20161001-20161231": {
    "cumulative_return_pct": 7.196737079764949,
    "annualized_return_pct": 33.43527299693228,
    "max_drawdown_pct": 31.096632312617878,
    "sharpe": 0.45067700545934886,
    "win_rate_pct": 49.2063492063492,
    "profit_factor": 1.0796437859006471
  },
  "win004_tr20120101-20161231_te20170101-20170331_va20170401-20170630": {
    "cumulative_return_pct": -9.600475731552416,
    "annualized_return_pct": -34.540394363581385,
    "max_drawdown_pct": 28.49492254428543,
    "sharpe": -0.5951093700674007,
    "win_rate_pct": 50.847457627118644,
    "profit_factor": 0.8771118049915504
  },
  "win005_tr20120701-20170630_te20170701-20170930_va20171001-20171231": {
    "cumulative_return_pct": -13.708979833119535,
    "annualized_return_pct": -45.772339175665444,
    "max_drawdown_pct": 26.599270290299938,
    "sharpe": -0.8195039259359476,
    "win_rate_pct": 47.69230769230769,
    "profit_factor": 0.8359797837084368
  },
  "win006_tr20130101-20171231_te20180101-20180331_va20180401-20180630": {
    "cumulative_return_pct": -26.163040277614808,
    "annualized_return_pct": -72.0116626693595,
    "max_drawdown_pct": 39.092217122290535,
    "sharpe": -0.8827581393698863,
    "win_rate_pct": 45.76271186440678,
    "profit_factor": 0.7492975413680518
  },
  "win007_tr20130701-20180630_te20180701-20180930_va20181001-20181231": {
    "cumulative_return_pct": -45.461650041318535,
    "annualized_return_pct": -91.92460684404233,
    "max_drawdown_pct": 47.96505256778734,
    "sharpe": -1.266834367948719,
    "win_rate_pct": 45.3125,
    "profit_factor": 0.6043502620542252
  },
  "win008_tr20140101-20181231_te20190101-20190331_va20190401-20190630": {
    "cumulative_return_pct": -21.046669914860374,
    "annualized_return_pct": -63.34588279415874,
    "max_drawdown_pct": 49.379284885642775,
    "sharpe": -0.546835450637552,
    "win_rate_pct": 46.55172413793103,
    "profit_factor": 0.8382427138843546
  },
  "win009_tr20140701-20190630_te20190701-20190930_va20191001-20191231": {
    "cumulative_return_pct": -30.103038332908238,
    "annualized_return_pct": -76.62455293239145,
    "max_drawdown_pct": 33.02584715245225,
    "sharpe": -1.6010850053904313,
    "win_rate_pct": 37.5,
    "profit_factor": 0.6461827180934092
  },
  "win010_tr20150101-20191231_te20200101-20200331_va20200401-20200630": {
    "cumulative_return_pct": -71.55095396275084,
    "annualized_return_pct": -99.42518157770415,
    "max_drawdown_pct": 71.52876929997744,
    "sharpe": -0.9097941377634196,
    "win_rate_pct": 32.758620689655174,
    "profit_factor": 0.42171326393688974
  },
  "win011_tr20150701-20200630_te20200701-20200930_va20201001-20201231": {
    "cumulative_return_pct": -15.754314124175847,
    "annualized_return_pct": -50.12905140407992,
    "max_drawdown_pct": 42.979762480738145,
    "sharpe": -0.747811337622109,
    "win_rate_pct": 44.61538461538462,
    "profit_factor": 0.8544840452986786
  },
  "win012_tr20160101-20201231_te20210101-20210331_va20210401-20210630": {
    "cumulative_return_pct": -51.43957648284457,
    "annualized_return_pct": -95.34829195762606,
    "max_drawdown_pct": 61.67057925313949,
    "sharpe": -0.997861040760301,
    "win_rate_pct": 41.37931034482759,
    "profit_factor": 0.6039319249251237
  },
  "win013_tr20160701-20210630_te20210701-20210930_va20211001-20211231": {
    "cumulative_return_pct": 21.67546590871678,
    "annualized_return_pct": 121.70845092746293,
    "max_drawdown_pct": 35.91121526080837,
    "sharpe": 1.316263393658508,
    "win_rate_pct": 53.96825396825397,
    "profit_factor": 1.1128172473047053
  },
  "win014_tr20170101-20211231_te20220101-20220331_va20220401-20220630": {
    "cumulative_return_pct": -3.2241364062211244,
    "annualized_return_pct": -12.993567711594235,
    "max_drawdown_pct": 38.05157674774127,
    "sharpe": -0.1954559528839821,
    "win_rate_pct": 48.275862068965516,
    "profit_factor": 0.9719921944936661
  },
  "win015_tr20170701-20220630_te20220701-20220930_va20221001-20221231": {
    "cumulative_return_pct": -12.085584299813211,
    "annualized_return_pct": -41.41079485441856,
    "max_drawdown_pct": 35.09149058431883,
    "sharpe": -0.46455310197337857,
    "win_rate_pct": 42.1875,
    "profit_factor": 0.8999622721859221
  },
  "win016_tr20180101-20221231_te20230101-20230331_va20230401-20230630": {
    "cumulative_return_pct": -35.97631097643322,
    "annualized_return_pct": -84.61969981222441,
    "max_drawdown_pct": 42.31372488044152,
    "sharpe": -1.191296468538858,
    "win_rate_pct": 44.06779661016949,
    "profit_factor": 0.6598688438987182
  },
  "win017_tr20180701-20230630_te20230701-20230930_va20231001-20231231": {
    "cumulative_return_pct": -15.9420443472413,
    "annualized_return_pct": -51.765131926046124,
    "max_drawdown_pct": 31.128053621633452,
    "sharpe": -0.9583934373710844,
    "win_rate_pct": 40.625,
    "profit_factor": 0.8380597817638223
  },
  "win018_tr20190101-20231231_te20240101-20240331_va20240401-20240630": {
    "cumulative_return_pct": -0.21404796524863925,
    "annualized_return_pct": -0.8955612784079414,
    "max_drawdown_pct": 42.922458451456656,
    "sharpe": -0.04427195102594645,
    "win_rate_pct": 51.724137931034484,
    "profit_factor": 0.99796370433879
  },
  "win019_tr20190701-20240630_te20240701-20240930_va20241001-20241231": {
    "cumulative_return_pct": 69.98747510498713,
    "annualized_return_pct": 761.209238319852,
    "max_drawdown_pct": 20.96301321989572,
    "sharpe": 9.009870174978705,
    "win_rate_pct": 60.317460317460316,
    "profit_factor": 1.6706441881192349
  },
  "win020_tr20200101-20241231_te20250101-20250331_va20250401-20250630": {
    "cumulative_return_pct": -4.742403851632041,
    "annualized_return_pct": -18.262485972071353,
    "max_drawdown_pct": 34.08367941171371,
    "sharpe": -0.2424259222833528,
    "win_rate_pct": 33.33333333333333,
    "profit_factor": 0.9610746691588503
  },
  "win021_tr20200701-20250630_te20250701-20250930_va20251001-20251231": {
    "cumulative_return_pct": 14.287090554527984,
    "annualized_return_pct": 71.93800216527737,
    "max_drawdown_pct": 21.308813925106765,
    "sharpe": 1.146254977222083,
    "win_rate_pct": 53.84615384615385,
    "profit_factor": 1.1431887406147636
  }
}