{
  "win000_tr20100101-20141231_te20150101-20150331_va20150401-20150630": {
    "cumulative_return_pct": 62.395154431960684,
    "annualized_return_pct": 703.2391236867464,
    "max_drawdown_pct": 13.238540572065375,
    "sharpe": 10.483202514117258,
    "win_rate_pct": 59.64912280701754,
    "profit_factor": 1.88792360191727
  },
  "win001_tr20100701-20150630_te20150701-20150930_va20151001-20151231": {
    "cumulative_return_pct": -78.90680458422572,
    "annualized_return_pct": -99.81922245821923,
    "max_drawdown_pct": 76.5483925501848,
    "sharpe": -0.6922871445063972,
    "win_rate_pct": 49.2063492063492,
    "profit_factor": 0.5732399031394059
  },
  "win002_tr20110101-20151231_te20160101-20160331_va20160401-20160630": {
    "cumulative_return_pct": -42.55460481522461,
    "annualized_return_pct": -90.24365819100689,
    "max_drawdown_pct": 44.790847380625586,
    "sharpe": -0.9009153720013756,
    "win_rate_pct": 49.152542372881356,
    "profit_factor": 0.6772992183150347
  },
  "win003_tr20110701-20160630_te20160701-20160930_va20161001-20161231": {
    "cumulative_return_pct": 56.87436374019654,
    "annualized_return_pct": 548.1146155133999,
    "max_drawdown_pct": 24.18266592130178,
    "sharpe": 8.19014754757085,
    "win_rate_pct": 58.730158730158735,
    "profit_factor": 1.710134597477874
  },
  "win004_tr20120101-20161231_te20170101-20170331_va20170401-20170630": {
    "cumulative_return_pct": -30.35105137675987,
    "annualized_return_pct": -78.09657601729066,
    "max_drawdown_pct": 34.33993633413037,
    "sharpe": -1.8134928714679104,
    "win_rate_pct": 49.152542372881356,
    "profit_factor": 0.606795519738777
  },
  "win005_tr20120701-20170630_te20170701-20170930_va20171001-20171231": {
    "cumulative_return_pct": -44.81201304044023,
    "annualized_return_pct": -91.51780571586772,
    "max_drawdown_pct": 59.01628295938139,
    "sharpe": -1.3225403553328712,
    "win_rate_pct": 41.53846153846154,
    "profit_factor": 0.4617227475838854
  },
  "win006_tr20130101-20171231_te20180101-20180331_va20180401-20180630": {
    "cumulative_return_pct": 39.851438412811724,
    "annualized_return_pct": 308.83680711389445,
    "max_drawdown_pct": 43.36061031275618,
    "sharpe": 2.9112367177314917,
    "win_rate_pct": 49.152542372881356,
    "profit_factor": 1.3047361009977019
  },
  "win007_tr20130701-20180630_te20180701-20180930_va20181001-20181231": {
    "cumulative_return_pct": -75.73260744213542,
    "annualized_return_pct": -99.71978168928874,
    "max_drawdown_pct": 75.77932361069615,
    "sharpe": -1.4804436435136044,
    "win_rate_pct": 34.375,
    "profit_factor": 0.22422450271001446
  },
  "win008_tr20140101-20181231_te20190101-20190331_va20190401-20190630": {
    "cumulative_return_pct": 45.16358508146494,
    "annualized_return_pct": 386.88303953777955,
    "max_drawdown_pct": 37.94178048543644,
    "sharpe": 3.1978954898515903,
    "win_rate_pct": 50.0,
    "profit_factor": 1.2520555274063725
  },
  "win009_tr20140701-20190630_te20190701-20190930_va20191001-20191231": {
    "cumulative_return_pct": -20.714564000741813,
    "annualized_return_pct": -61.015381270825955,
    "max_drawdown_pct": 41.10467689823649,
    "sharpe": -1.0067937371005347,
    "win_rate_pct": 42.1875,
    "profit_factor": 0.7543156326369276
  },
  "win010_tr20150101-20191231_te20200101-20200331_va20200401-20200630": {
    "cumulative_return_pct": -41.760786379576274,
    "annualized_return_pct": -89.12422411968599,
    "max_drawdown_pct": 53.94092045473494,
    "sharpe": -0.7452680369755758,
    "win_rate_pct": 34.48275862068966,
    "profit_factor": 0.7656925304708142
  },
  "win011_tr20150701-20200630_te20200701-20200930_va20201001-20201231": {
    "cumulative_return_pct": -24.058704338019947,
    "annualized_return_pct": -67.27046059932904,
    "max_drawdown_pct": 43.71774553281199,
    "sharpe": -0.8661359148657012,
    "win_rate_pct": 47.69230769230769,
    "profit_factor": 0.7914574010496395
  },
  "win012_tr20160101-20201231_te20210101-20210331_va20210401-20210630": {
    "cumulative_return_pct": -18.050064082511643,
    "annualized_return_pct": -57.06287712442435,
    "max_drawdown_pct": 39.834074308883075,
    "sharpe": -0.6114477985065101,
    "win_rate_pct": 44.827586206896555,
    "profit_factor": 0.883681371707713
  },
  "win013_tr20160701-20210630_te20210701-20210930_va20211001-20211231": {
    "cumulative_return_pct": -68.16519795872024,
    "annualized_return_pct": -99.03924812623244,
    "max_drawdown_pct": 70.35739928761225,
    "sharpe": -0.9697600478996294,
    "win_rate_pct": 39.682539682539684,
    "profit_factor": 0.509631220160113
  },
  "win014_tr20170101-20211231_te20220101-20220331_va20220401-20220630": {
    "cumulative_return_pct": -19.068365455504996,
    "annualized_return_pct": -59.28354837477756,
    "max_drawdown_pct": 46.24351101292495,
    "sharpe": -0.7109084308091197,
    "win_rate_pct": 41.37931034482759,
    "profit_factor": 0.8425759920678675
  },
  "win015_tr20170701-20220630_te20220701-20220930_va20221001-20221231": {
    "cumulative_return_pct": -51.47009129906501,
    "annualized_return_pct": -95.02536851134745,
    "max_drawdown_pct": 55.548470923834245,
    "sharpe": -1.1306767586360986,
    "win_rate_pct": 40.625,
    "profit_factor": 0.6357921323807846
  },
  "win016_tr20180101-20221231_te20230101-20230331_va20230401-20230630": {
    "cumulative_return_pct": -5.918269949195849,
    "annualized_return_pct": -22.595195271219083,
    "max_drawdown_pct": 34.329786275597996,
    "sharpe": -0.30794707337514865,
    "win_rate_pct": 37.28813559322034,
    "profit_factor": 0.9519778518210714
  },
  "win017_tr20180701-20230630_te20230701-20230930_va20231001-20231231": {
    "cumulative_return_pct": -2.3369652993101275,
    "annualized_return_pct": -9.450801642882755,
    "max_drawdown_pct": 33.237781501108756,
    "sharpe": -0.1832550259060249,
    "win_rate_pct": 54.6875,
    "profit_factor": 0.9731310130362811
  },
  "win018_tr20190101-20231231_te20240101-20240331_va20240401-20240630": {
    "cumulative_return_pct": -29.02395686508152,
    "annualized_return_pct": -76.29029246309373,
    "max_drawdown_pct": 43.75415177554871,
    "sharpe": -1.0223815541828118,
    "win_rate_pct": 41.37931034482759,
    "profit_factor": 0.7480204661572716
  },
  "win019_tr20190701-20240630_te20240701-20240930_va20241001-20241231": {
    "cumulative_return_pct": 73.6780389008747,
    "annualized_return_pct": 839.6470312370418,
    "max_drawdown_pct": 34.815725644343196,
    "sharpe": 7.758275722084079,
    "win_rate_pct": 47.61904761904761,
    "profit_factor": 1.4817493135389785
  },
  "win020_tr20200101-20241231_te20250101-20250331_va20250401-20250630": {
    "cumulative_return_pct": -34.517466605399676,
    "annualized_return_pct": -82.74892198612788,
    "max_drawdown_pct": 37.586206837824776,
    "sharpe": -1.6473799067031227,
    "win_rate_pct": 38.59649122807017,
    "profit_factor": 0.5733198532518923
  },
  "win021_tr20200701-20250630_te20250701-20250930_va20251001-20251231": {
    "cumulative_return_pct": -30.877819070317692,
    "annualized_return_pct": -77.65840987397085,
    "max_drawdown_pct": 34.28633303624638,
    "sharpe": -0.9652639913427329,
    "win_rate_pct": 41.53846153846154,
    "profit_factor": 0.7377231572509104
  }
}