{
  "win000_tr20100101-20141231_te20150101-20150331_va20150401-20150630": {
    "cumulative_return_pct": 24.214911120947217,
    "annualized_return_pct": 153.90430828765807,
    "max_drawdown_pct": 21.03597440193833,
    "sharpe": 2.3159886424661638,
    "win_rate_pct": 56.14035087719298,
    "profit_factor": 1.329840864403531
  },
  "win001_tr20100701-20150630_te20150701-20150930_va20151001-20151231": {
    "cumulative_return_pct": -66.56806405178789,
    "annualized_return_pct": -98.82810457178137,
    "max_drawdown_pct": 72.20509192644695,
    "sharpe": -0.6258126208920497,
    "win_rate_pct": 42.857142857142854,
    "profit_factor": 0.6234430867426828
  },
  "win002_tr20110101-20151231_te20160101-20160331_va20160401-20160630": {
    "cumulative_return_pct": -49.57030533999607,
    "annualized_return_pct": -94.35329327851069,
    "max_drawdown_pct": 57.36173492401574,
    "sharpe": -1.1238909871031508,
    "win_rate_pct": 52.54237288135594,
    "profit_factor": 0.533959098743387
  },
  "win003_tr20110701-20160630_te20160701-20160930_va20161001-20161231": {
    "cumulative_return_pct": -35.7152603310863,
    "annualized_return_pct": -84.02140048438807,
    "max_drawdown_pct": 44.20829477231887,
    "sharpe": -1.4068033262668131,
    "win_rate_pct": 38.095238095238095,
    "profit_factor": 0.5679358549280172
  },
  "win004_tr20120101-20161231_te20170101-20170331_va20170401-20170630": {
    "cumulative_return_pct": -30.865276196897167,
    "annualized_return_pct": -78.76752796010523,
    "max_drawdown_pct": 48.45973214508688,
    "sharpe": -1.1492446437365622,
    "win_rate_pct": 49.152542372881356,
    "profit_factor": 0.6644227245761242
  },
  "win005_tr20120701-20170630_te20170701-20170930_va20171001-20171231": {
    "cumulative_return_pct": -52.653056529798356,
    "annualized_return_pct": -95.50968207995206,
    "max_drawdown_pct": 57.32103720553297,
    "sharpe": -1.7862814193777095,
    "win_rate_pct": 41.53846153846154,
    "profit_factor": 0.2844398982475811
  },
  "win006_tr20130101-20171231_te20180101-20180331_va20180401-20180630": {
    "cumulative_return_pct": 13.10033550804651,
    "annualized_return_pct": 67.67031201492912,
    "max_drawdown_pct": 23.124094713224217,
    "sharpe": 0.8699707899837422,
    "win_rate_pct": 49.152542372881356,
    "profit_factor": 1.1638942092029543
  },
  "win007_tr20130701-20180630_te20180701-20180930_va20181001-20181231": {
    "cumulative_return_pct": -45.19659333170078,
    "annualized_return_pct": -91.76046028035965,
    "max_drawdown_pct": 53.69166894723537,
    "sharpe": -1.5617409858037876,
    "win_rate_pct": 42.1875,
    "profit_factor": 0.4956872103321904
  },
  "win008_tr20140101-20181231_te20190101-20190331_va20190401-20190630": {
    "cumulative_return_pct": 23.207368387354002,
    "annualized_return_pct": 142.62883760000378,
    "max_drawdown_pct": 38.82531706370065,
    "sharpe": 1.2857555655086124,
    "win_rate_pct": 50.0,
    "profit_factor": 1.1646469443421386
  },
  "win009_tr20140701-20190630_te20190701-20190930_va20191001-20191231": {
    "cumulative_return_pct": -38.009189064382554,
    "annualized_return_pct": -85.63865779699536,
    "max_drawdown_pct": 45.652830490676486,
    "sharpe": -1.2120283222649537,
    "win_rate_pct": 45.3125,
    "profit_factor": 0.6265208654089225
  },
  "win010_tr20150101-20191231_te20200101-20200331_va20200401-20200630": {
    "cumulative_return_pct": -19.575068553696877,
    "annualized_return_pct": -59.09938781351989,
    "max_drawdown_pct": 48.19188974961174,
    "sharpe": -0.5534492644618814,
    "win_rate_pct": 44.827586206896555,
    "profit_factor": 0.8878730430033691
  },
  "win011_tr20150701-20200630_te20200701-20200930_va20201001-20201231": {
    "cumulative_return_pct": 30.33978238388456,
    "annualized_return_pct": 193.103355767873,
    "max_drawdown_pct": 37.59392069507955,
    "sharpe": 2.1998296680742135,
    "win_rate_pct": 46.15384615384615,
    "profit_factor": 1.2394463581979471
  },
  "win012_tr20160101-20201231_te20210101-20210331_va20210401-20210630": {
    "cumulative_return_pct": -33.20071715213384,
    "annualized_return_pct": -81.9785581814573,
    "max_drawdown_pct": 43.56142994372789,
    "sharpe": -0.9938545875122851,
    "win_rate_pct": 39.6551724137931,
    "profit_factor": 0.6915196101120775
  },
  "win013_tr20160701-20210630_te20210701-20210930_va20211001-20211231": {
    "cumulative_return_pct": -38.745822651366254,
    "annualized_return_pct": -86.3187505028724,
    "max_drawdown_pct": 50.58271508815246,
    "sharpe": -0.875592844168292,
    "win_rate_pct": 44.44444444444444,
    "profit_factor": 0.720568503524582
  },
  "win014_tr20170101-20211231_te20220101-20220331_va20220401-20220630": {
    "cumulative_return_pct": -14.091529020057642,
    "annualized_return_pct": -47.53801597031695,
    "max_drawdown_pct": 42.70956016039847,
    "sharpe": -0.5984391399661086,
    "win_rate_pct": 48.275862068965516,
    "profit_factor": 0.8581257150696138
  },
  "win015_tr20170701-20220630_te20220701-20220930_va20221001-20221231": {
    "cumulative_return_pct": -43.53501250109842,
    "annualized_return_pct": -90.67298240100055,
    "max_drawdown_pct": 46.29393550816075,
    "sharpe": -1.2311346094543338,
    "win_rate_pct": 35.9375,
    "profit_factor": 0.6294412277431018
  },
  "win016_tr20180101-20221231_te20230101-20230331_va20230401-20230630": {
    "cumulative_return_pct": -55.177380313164804,
    "annualized_return_pct": -96.5573786625576,
    "max_drawdown_pct": 60.13870705645743,
    "sharpe": -1.2820216758489893,
    "win_rate_pct": 32.20338983050847,
    "profit_factor": 0.4058853893748669
  },
  "win017_tr20180701-20230630_te20230701-20230930_va20231001-20231231": {
    "cumulative_return_pct": -49.21703615106083,
    "annualized_return_pct": -94.18535550068783,
    "max_drawdown_pct": 55.18475551808771,
    "sharpe": -1.2214151790053378,
    "win_rate_pct": 45.3125,
    "profit_factor": 0.5309650909098947
  },
  "win018_tr20190101-20231231_te20240101-20240331_va20240401-20240630": {
    "cumulative_return_pct": -43.10118670208731,
    "annualized_return_pct": -90.62749431897082,
    "max_drawdown_pct": 51.387612345088876,
    "sharpe": -0.8638822081325547,
    "win_rate_pct": 46.55172413793103,
    "profit_factor": 0.6558304264551955
  },
  "win019_tr20190701-20240630_te20240701-20240930_va20241001-20241231": {
    "cumulative_return_pct": 59.15742080911579,
    "annualized_return_pct": 559.2965544345648,
    "max_drawdown_pct": 29.345046459530188,
    "sharpe": 6.529124377823934,
    "win_rate_pct": 53.96825396825397,
    "profit_factor": 1.4019992224531848
  },
  "win020_tr20200101-20241231_te20250101-20250331_va20250401-20250630": {
    "cumulative_return_pct": -49.15469644652055,
    "annualized_return_pct": -93.9636543292636,
    "max_drawdown_pct": 50.08711735761818,
    "sharpe": -1.3695336425103877,
    "win_rate_pct": 33.33333333333333,
    "profit_factor": 0.5141391198993321
  },
  "win021_tr20200701-20250630_te20250701-20250930_va20251001-20251231": {
    "cumulative_return_pct": 44.02399455440103,
    "annualized_return_pct": 339.5228328771694,
    "max_drawdown_pct": 21.66285743066282,
    "sharpe": 4.471397629017187,
    "win_rate_pct": 50.76923076923077,
    "profit_factor": 1.3657758473895485
  }
}