{
  "win000_tr20100101-20141231_te20150101-20150331_va20150401-20150630": {
    "cumulative_return_pct": 12.513609412004193,
    "annualized_return_pct": 65.97059155353718,
    "max_drawdown_pct": 21.015282281554303,
    "sharpe": 1.0145444623874655,
    "win_rate_pct": 43.859649122807014,
    "profit_factor": 1.16763172660055
  },
  "win001_tr20100701-20150630_te20150701-20150930_va20151001-20151231": {
    "cumulative_return_pct": -37.857159874117166,
    "annualized_return_pct": -85.49518459604445,
    "max_drawdown_pct": 68.19668361245257,
    "sharpe": -0.5800871492148363,
    "win_rate_pct": 52.38095238095239,
    "profit_factor": 0.8682321754472538
  },
  "win002_tr20110101-20151231_te20160101-20160331_va20160401-20160630": {
    "cumulative_return_pct": -18.72772643643888,
    "annualized_return_pct": -58.12899450822652,
    "max_drawdown_pct": 48.744262139218705,
    "sharpe": -0.6263291099903644,
    "win_rate_pct": 49.152542372881356,
    "profit_factor": 0.8285446798205081
  },
  "win003_tr20110701-20160630_te20160701-20160930_va20161001-20161231": {
    "cumulative_return_pct": -16.604422656231304,
    "annualized_return_pct": -52.93492811367042,
    "max_drawdown_pct": 43.15698619958967,
    "sharpe": -0.7426379272045763,
    "win_rate_pct": 47.61904761904761,
    "profit_factor": 0.8300438399922759
  },
  "win004_tr20120101-20161231_te20170101-20170331_va20170401-20170630": {
    "cumulative_return_pct": -11.096545831497853,
    "annualized_return_pct": -38.9695828912171,
    "max_drawdown_pct": 23.518066865453317,
    "sharpe": -0.8367223920940221,
    "win_rate_pct": 50.847457627118644,
    "profit_factor": 0.8472831110328126
  },
  "win005_tr20120701-20170630_te20170701-20170930_va20171001-20171231": {
    "cumulative_return_pct": -35.50615437820223,
    "annualized_return_pct": -83.80456536469953,
    "max_drawdown_pct": 41.58110299667097,
    "sharpe": -1.5589552335703873,
    "win_rate_pct": 43.07692307692308,
    "profit_factor": 0.5071062627413921
  },
  "win006_tr20130101-20171231_te20180101-20180331_va20180401-20180630": {
    "cumulative_return_pct": 1.6193134592383984,
    "annualized_return_pct": 6.976466609434784,
    "max_drawdown_pct": 25.209768876546846,
    "sharpe": 0.05230101654654923,
    "win_rate_pct": 47.45762711864407,
    "profit_factor": 1.0170500065185046
  },
  "win007_tr20130701-20180630_te20180701-20180930_va20181001-20181231": {
    "cumulative_return_pct": -19.055277405955074,
    "annualized_return_pct": -58.41561611257842,
    "max_drawdown_pct": 34.34730636848558,
    "sharpe": -0.9064308589499093,
    "win_rate_pct": 45.3125,
    "profit_factor": 0.8312488209628816
  },
  "win008_tr20140101-20181231_te20190101-20190331_va20190401-20190630": {
    "cumulative_return_pct": -24.560010206204115,
    "annualized_return_pct": -69.78916712604074,
    "max_drawdown_pct": 45.329354442039424,
    "sharpe": -0.7180859711401503,
    "win_rate_pct": 46.55172413793103,
    "profit_factor": 0.8287583570617425
  },
  "win009_tr20140701-20190630_te20190701-20190930_va20191001-20191231": {
    "cumulative_return_pct": 18.418475151814683,
    "annualized_return_pct": 98.59150175508316,
    "max_drawdown_pct": 27.06181983379113,
    "sharpe": 1.446827212743348,
    "win_rate_pct": 53.125,
    "profit_factor": 1.2053150282319134
  },
  "win010_tr20150101-20191231_te20200101-20200331_va20200401-20200630": {
    "cumulative_return_pct": -52.048591550096205,
    "annualized_return_pct": -95.10186970933461,
    "max_drawdown_pct": 63.867104637927866,
    "sharpe": -0.9133308395176652,
    "win_rate_pct": 43.103448275862064,
    "profit_factor": 0.6705933829036775
  },
  "win011_tr20150701-20200630_te20200701-20200930_va20201001-20201231": {
    "cumulative_return_pct": -22.02730367307479,
    "annualized_return_pct": -63.56935511017981,
    "max_drawdown_pct": 39.20654222952095,
    "sharpe": -1.0617885303156631,
    "win_rate_pct": 47.69230769230769,
    "profit_factor": 0.763719781213882
  },
  "win012_tr20160101-20201231_te20210101-20210331_va20210401-20210630": {
    "cumulative_return_pct": -35.06231796198192,
    "annualized_return_pct": -84.01707018097358,
    "max_drawdown_pct": 57.89263155655144,
    "sharpe": -0.9011971634882978,
    "win_rate_pct": 44.827586206896555,
    "profit_factor": 0.6679971158202953
  },
  "win013_tr20160701-20210630_te20210701-20210930_va20211001-20211231": {
    "cumulative_return_pct": -27.895193714189308,
    "annualized_return_pct": -73.48012718826902,
    "max_drawdown_pct": 41.67794379840245,
    "sharpe": -0.6989381985805655,
    "win_rate_pct": 44.44444444444444,
    "profit_factor": 0.8123143006511142
  },
  "win014_tr20170101-20211231_te20220101-20220331_va20220401-20220630": {
    "cumulative_return_pct": -25.420107113967838,
    "annualized_return_pct": -71.2251713910307,
    "max_drawdown_pct": 38.887450292601756,
    "sharpe": -1.264241855864402,
    "win_rate_pct": 48.275862068965516,
    "profit_factor": 0.681527727334666
  },
  "win015_tr20170701-20220630_te20220701-20220930_va20221001-20221231": {
    "cumulative_return_pct": -36.52136828328477,
    "annualized_return_pct": -84.83675270270761,
    "max_drawdown_pct": 36.08581840214037,
    "sharpe": -1.3022746057612729,
    "win_rate_pct": 40.625,
    "profit_factor": 0.657108790089332
  },
  "win016_tr20180101-20221231_te20230101-20230331_va20230401-20230630": {
    "cumulative_return_pct": -33.82778979049826,
    "annualized_return_pct": -82.33364834916654,
    "max_drawdown_pct": 44.3693284856776,
    "sharpe": -1.645753188751069,
    "win_rate_pct": 37.28813559322034,
    "profit_factor": 0.5905280194135027
  },
  "win017_tr20180701-20230630_te20230701-20230930_va20231001-20231231": {
    "cumulative_return_pct": 0.6766302074777895,
    "annualized_return_pct": 2.871569843547639,
    "max_drawdown_pct": 30.769135056030816,
    "sharpe": -0.0019678088371497715,
    "win_rate_pct": 42.1875,
    "profit_factor": 1.0060855907750417
  },
  "win018_tr20190101-20231231_te20240101-20240331_va20240401-20240630": {
    "cumulative_return_pct": 37.85555997559039,
    "annualized_return_pct": 284.89442224293515,
    "max_drawdown_pct": 29.25949683170414,
    "sharpe": 3.439816724312772,
    "win_rate_pct": 50.0,
    "profit_factor": 1.3365604496882997
  },
  "win019_tr20190701-20240630_te20240701-20240930_va20241001-20241231": {
    "cumulative_return_pct": 215.30445270434348,
    "annualized_return_pct": 10468.491558366719,
    "max_drawdown_pct": 19.690166334350234,
    "sharpe": 121.10395434392369,
    "win_rate_pct": 65.07936507936508,
    "profit_factor": 2.5647777058340906
  },
  "win020_tr20200101-20241231_te20250101-20250331_va20250401-20250630": {
    "cumulative_return_pct": 47.17537961674817,
    "annualized_return_pct": 397.2917957053707,
    "max_drawdown_pct": 12.302549121534712,
    "sharpe": 4.379822898715432,
    "win_rate_pct": 43.859649122807014,
    "profit_factor": 1.4814924219043353
  },
  "win021_tr20200701-20250630_te20250701-20250930_va20251001-20251231": {
    "cumulative_return_pct": -23.085877777863992,
    "annualized_return_pct": -65.53528374611123,
    "max_drawdown_pct": 20.947977647750974,
    "sharpe": -1.083129751388313,
    "win_rate_pct": 44.61538461538462,
    "profit_factor": 0.7559771467143457
  }
}