{
  "size": 4,
  "models": "FiLM,LightTS,TimeMixer,iTransformer",
  "num_windows": 22,
  "mean_test_cumulative_return_pct": -19.379812856958516,
  "std_test_cumulative_return_pct": 38.5056249564334,
  "min_test_cumulative_return_pct": -73.68610572984157,
  "max_test_cumulative_return_pct": 84.7200847342576,
  "mean_test_annualized_return_pct": 35.35649417012246,
  "mean_test_max_drawdown_pct": 44.24000936143758,
  "mean_test_sharpe": 0.6183709163928442,
  "mean_test_win_rate_pct": 46.925920844773124,
  "mean_test_profit_factor": 0.8641432289758366
}