{
  "win000_tr20100101-20141231_te20150101-20150331_va20150401-20150630": {
    "cumulative_return_pct": 84.7200847342576,
    "annualized_return_pct": 1297.0979235925738,
    "max_drawdown_pct": 8.639413717955085,
    "sharpe": 20.82441484191333,
    "win_rate_pct": 64.91228070175438,
    "profit_factor": 2.3754903361403636
  },
  "win001_tr20100701-20150630_te20150701-20150930_va20151001-20151231": {
    "cumulative_return_pct": -64.76794381921383,
    "annualized_return_pct": -98.55014910162217,
    "max_drawdown_pct": 65.81616887894242,
    "sharpe": -0.7317944954601759,
    "win_rate_pct": 52.38095238095239,
    "profit_factor": 0.6328326849635745
  },
  "win002_tr20110101-20151231_te20160101-20160331_va20160401-20160630": {
    "cumulative_return_pct": -68.76087158722932,
    "annualized_return_pct": -99.2438523203221,
    "max_drawdown_pct": 64.61224976100539,
    "sharpe": -1.0953878713420333,
    "win_rate_pct": 40.67796610169492,
    "profit_factor": 0.39345874274012066
  },
  "win003_tr20110701-20160630_te20160701-20160930_va20161001-20161231": {
    "cumulative_return_pct": -6.4583698888068195,
    "annualized_return_pct": -24.20265366483748,
    "max_drawdown_pct": 35.98529703871714,
    "sharpe": -0.38685667178533056,
    "win_rate_pct": 50.79365079365079,
    "profit_factor": 0.9387772838930075
  },
  "win004_tr20120101-20161231_te20170101-20170331_va20170401-20170630": {
    "cumulative_return_pct": -25.474470309320058,
    "annualized_return_pct": -70.89943213568202,
    "max_drawdown_pct": 39.66841813938194,
    "sharpe": -1.2454167899499056,
    "win_rate_pct": 54.23728813559322,
    "profit_factor": 0.6779599908932805
  },
  "win005_tr20120701-20170630_te20170701-20170930_va20171001-20171231": {
    "cumulative_return_pct": -54.88881914534003,
    "annualized_return_pct": -96.32647514857145,
    "max_drawdown_pct": 55.59832465158906,
    "sharpe": -1.3481042279137339,
    "win_rate_pct": 43.07692307692308,
    "profit_factor": 0.3966145092217642
  },
  "win006_tr20130101-20171231_te20180101-20180331_va20180401-20180630": {
    "cumulative_return_pct": -2.0791371439564275,
    "annualized_return_pct": -8.442968029352183,
    "max_drawdown_pct": 45.43631015309284,
    "sharpe": -0.10776753385859571,
    "win_rate_pct": 49.152542372881356,
    "profit_factor": 0.9810683601741678
  },
  "win007_tr20130701-20180630_te20180701-20180930_va20181001-20181231": {
    "cumulative_return_pct": -73.68610572984157,
    "annualized_return_pct": -99.60786208989236,
    "max_drawdown_pct": 73.72953393871394,
    "sharpe": -1.398520662244899,
    "win_rate_pct": 40.625,
    "profit_factor": 0.3079222042001572
  },
  "win008_tr20140101-20181231_te20190101-20190331_va20190401-20190630": {
    "cumulative_return_pct": -6.985609236290177,
    "annualized_return_pct": -26.475929344348113,
    "max_drawdown_pct": 47.823905979481964,
    "sharpe": -0.2780654032074169,
    "win_rate_pct": 51.724137931034484,
    "profit_factor": 0.9616447894811864
  },
  "win009_tr20140701-20190630_te20190701-20190930_va20191001-20191231": {
    "cumulative_return_pct": 34.64889647775698,
    "annualized_return_pct": 234.46295604925038,
    "max_drawdown_pct": 32.038067060029945,
    "sharpe": 3.562196000569484,
    "win_rate_pct": 56.25,
    "profit_factor": 1.4833463690040398
  },
  "win010_tr20150101-20191231_te20200101-20200331_va20200401-20200630": {
    "cumulative_return_pct": -38.81584719535075,
    "annualized_return_pct": -86.68378991170071,
    "max_drawdown_pct": 64.62740729101063,
    "sharpe": -0.6776149378238286,
    "win_rate_pct": 39.6551724137931,
    "profit_factor": 0.8272477850403486
  },
  "win011_tr20150701-20200630_te20200701-20200930_va20201001-20201231": {
    "cumulative_return_pct": -23.45685449685444,
    "annualized_return_pct": -66.20495031200537,
    "max_drawdown_pct": 35.96454240443357,
    "sharpe": -0.824251868521994,
    "win_rate_pct": 46.15384615384615,
    "profit_factor": 0.7741603598695233
  },
  "win012_tr20160101-20201231_te20210101-20210331_va20210401-20210630": {
    "cumulative_return_pct": 7.555443860612764,
    "annualized_return_pct": 36.252892929669976,
    "max_drawdown_pct": 27.679925195988464,
    "sharpe": 0.3887402925121701,
    "win_rate_pct": 48.275862068965516,
    "profit_factor": 1.0676167359650481
  },
  "win013_tr20160701-20210630_te20210701-20210930_va20211001-20211231": {
    "cumulative_return_pct": -49.96345839369902,
    "annualized_return_pct": -93.97984651217624,
    "max_drawdown_pct": 62.92776793828694,
    "sharpe": -0.9090652055397259,
    "win_rate_pct": 42.857142857142854,
    "profit_factor": 0.7003771155940296
  },
  "win014_tr20170101-20211231_te20220101-20220331_va20220401-20220630": {
    "cumulative_return_pct": -49.874444706770085,
    "annualized_return_pct": -94.67740395045472,
    "max_drawdown_pct": 55.466687170876305,
    "sharpe": -1.2108241175383807,
    "win_rate_pct": 37.93103448275862,
    "profit_factor": 0.5917112068011118
  },
  "win015_tr20170701-20220630_te20220701-20220930_va20221001-20221231": {
    "cumulative_return_pct": 2.358350828740257,
    "annualized_return_pct": 10.158335224570525,
    "max_drawdown_pct": 25.941888889335,
    "sharpe": 0.08550933676271148,
    "win_rate_pct": 48.4375,
    "profit_factor": 1.0172161704824945
  },
  "win016_tr20180101-20221231_te20230101-20230331_va20230401-20230630": {
    "cumulative_return_pct": -47.42935213661778,
    "annualized_return_pct": -93.27637536941245,
    "max_drawdown_pct": 51.0066027699709,
    "sharpe": -1.4628686665198092,
    "win_rate_pct": 32.20338983050847,
    "profit_factor": 0.53160038142922
  },
  "win017_tr20180701-20230630_te20230701-20230930_va20231001-20231231": {
    "cumulative_return_pct": -17.722661059220485,
    "annualized_return_pct": -55.91172933820455,
    "max_drawdown_pct": 34.24520837134661,
    "sharpe": -0.9408420648928538,
    "win_rate_pct": 53.125,
    "profit_factor": 0.7974154268329714
  },
  "win018_tr20190101-20231231_te20240101-20240331_va20240401-20240630": {
    "cumulative_return_pct": -29.406004574823964,
    "annualized_return_pct": -76.82149890799656,
    "max_drawdown_pct": 41.26873258209841,
    "sharpe": -1.1014811956109996,
    "win_rate_pct": 43.103448275862064,
    "profit_factor": 0.6830179987612403
  },
  "win019_tr20190701-20240630_te20240701-20240930_va20241001-20241231": {
    "cumulative_return_pct": 48.860834563314896,
    "annualized_return_pct": 402.57474086558875,
    "max_drawdown_pct": 34.389718595497435,
    "sharpe": 4.276900460122369,
    "win_rate_pct": 55.55555555555556,
    "profit_factor": 1.3807218430499304
  },
  "win020_tr20200101-20241231_te20250101-20250331_va20250401-20250630": {
    "cumulative_return_pct": -37.777331517130506,
    "annualized_return_pct": -86.04371757088215,
    "max_drawdown_pct": 39.32636458014087,
    "sharpe": -1.4527433363085338,
    "win_rate_pct": 35.08771929824561,
    "profit_factor": 0.5510478858449743
  },
  "win021_tr20200701-20250630_te20250701-20250930_va20251001-20251231": {
    "cumulative_return_pct": -6.952212377304479,
    "annualized_return_pct": -25.355343211498948,
    "max_drawdown_pct": 31.08767084373179,
    "sharpe": -0.3619957227192775,
    "win_rate_pct": 46.15384615384615,
    "profit_factor": 0.9399028570858532
  }
}