{
  "win000_tr20100101-20141231_te20150101-20150331_va20150401-20150630": {
    "cumulative_return_pct": 27.98549969853526,
    "annualized_return_pct": 188.7195056588277,
    "max_drawdown_pct": 16.141320553068585,
    "sharpe": 3.63474893600069,
    "win_rate_pct": 54.385964912280706,
    "profit_factor": 1.4095271589885223
  },
  "win001_tr20100701-20150630_te20150701-20150930_va20151001-20151231": {
    "cumulative_return_pct": -12.232857101824331,
    "annualized_return_pct": -41.11262328456773,
    "max_drawdown_pct": 51.871278167447976,
    "sharpe": -0.3044736884073531,
    "win_rate_pct": 50.79365079365079,
    "profit_factor": 0.9524850852907161
  },
  "win002_tr20110101-20151231_te20160101-20160331_va20160401-20160630": {
    "cumulative_return_pct": 9.589752569468482,
    "annualized_return_pct": 46.8808597490765,
    "max_drawdown_pct": 30.539934857001178,
    "sharpe": 0.47296974382833334,
    "win_rate_pct": 55.932203389830505,
    "profit_factor": 1.0799550248903407
  },
  "win003_tr20110701-20160630_te20160701-20160930_va20161001-20161231": {
    "cumulative_return_pct": 6.118109389965609,
    "annualized_return_pct": 27.950236956982287,
    "max_drawdown_pct": 31.225264036773936,
    "sharpe": 0.3319711283084251,
    "win_rate_pct": 53.96825396825397,
    "profit_factor": 1.0600755659212964
  },
  "win004_tr20120101-20161231_te20170101-20170331_va20170401-20170630": {
    "cumulative_return_pct": -33.06638125042904,
    "annualized_return_pct": -81.4643979394124,
    "max_drawdown_pct": 35.41029094911365,
    "sharpe": -1.9293569849243906,
    "win_rate_pct": 40.67796610169492,
    "profit_factor": 0.5481364382722616
  },
  "win005_tr20120701-20170630_te20170701-20170930_va20171001-20171231": {
    "cumulative_return_pct": -21.520825994542612,
    "annualized_return_pct": -63.426118060734524,
    "max_drawdown_pct": 40.5640847917019,
    "sharpe": -1.304190306081821,
    "win_rate_pct": 49.23076923076923,
    "profit_factor": 0.6776028568340676
  },
  "win006_tr20130101-20171231_te20180101-20180331_va20180401-20180630": {
    "cumulative_return_pct": 12.939165897317976,
    "annualized_return_pct": 66.66949046928691,
    "max_drawdown_pct": 46.83423269510891,
    "sharpe": 0.73225964916301,
    "win_rate_pct": 55.932203389830505,
    "profit_factor": 1.1507789013810303
  },
  "win007_tr20130701-20180630_te20180701-20180930_va20181001-20181231": {
    "cumulative_return_pct": -54.41958073982659,
    "annualized_return_pct": -96.16525814359618,
    "max_drawdown_pct": 56.42615144968971,
    "sharpe": -1.6711921177912146,
    "win_rate_pct": 40.625,
    "profit_factor": 0.47844325744175215
  },
  "win008_tr20140101-20181231_te20190101-20190331_va20190401-20190630": {
    "cumulative_return_pct": -9.257734277533041,
    "annualized_return_pct": -33.80677717037249,
    "max_drawdown_pct": 40.88883850450789,
    "sharpe": -0.33855312953426725,
    "win_rate_pct": 48.275862068965516,
    "profit_factor": 0.9213459145399547
  },
  "win009_tr20140701-20190630_te20190701-20190930_va20191001-20191231": {
    "cumulative_return_pct": -47.54386802065525,
    "annualized_return_pct": -92.70811458695653,
    "max_drawdown_pct": 47.581235093536904,
    "sharpe": -1.3190788496389456,
    "win_rate_pct": 37.5,
    "profit_factor": 0.5491689945969195
  },
  "win010_tr20150101-20191231_te20200101-20200331_va20200401-20200630": {
    "cumulative_return_pct": 18.627669158576126,
    "annualized_return_pct": 101.5831984077817,
    "max_drawdown_pct": 31.315000080732435,
    "sharpe": 0.8372730783631636,
    "win_rate_pct": 51.724137931034484,
    "profit_factor": 1.1056258591791783
  },
  "win011_tr20150701-20200630_te20200701-20200930_va20201001-20201231": {
    "cumulative_return_pct": -61.455338176215726,
    "annualized_return_pct": -97.91212317979698,
    "max_drawdown_pct": 74.83778903236227,
    "sharpe": -0.6805471487447065,
    "win_rate_pct": 36.92307692307693,
    "profit_factor": 0.6055241710902383
  },
  "win012_tr20160101-20201231_te20210101-20210331_va20210401-20210630": {
    "cumulative_return_pct": -17.94295931418735,
    "annualized_return_pct": -56.82403751358335,
    "max_drawdown_pct": 60.52134851175492,
    "sharpe": -0.4774279105215678,
    "win_rate_pct": 51.724137931034484,
    "profit_factor": 0.8804472526997247
  },
  "win013_tr20160701-20210630_te20210701-20210930_va20211001-20211231": {
    "cumulative_return_pct": -51.22169178141392,
    "annualized_return_pct": -94.57099601521767,
    "max_drawdown_pct": 57.772453203030416,
    "sharpe": -0.7802163191699764,
    "win_rate_pct": 47.61904761904761,
    "profit_factor": 0.6543806151322608
  },
  "win014_tr20170101-20211231_te20220101-20220331_va20220401-20220630": {
    "cumulative_return_pct": -22.14886017337834,
    "annualized_return_pct": -65.47034524553241,
    "max_drawdown_pct": 29.438683634553662,
    "sharpe": -0.6386520093631369,
    "win_rate_pct": 55.172413793103445,
    "profit_factor": 0.8198045483435812
  },
  "win015_tr20170701-20220630_te20220701-20220930_va20221001-20221231": {
    "cumulative_return_pct": -48.698993881029374,
    "annualized_return_pct": -93.7359139988244,
    "max_drawdown_pct": 50.73404719550939,
    "sharpe": -1.4473817745767439,
    "win_rate_pct": 34.375,
    "profit_factor": 0.5058230566081982
  },
  "win016_tr20180101-20221231_te20230101-20230331_va20230401-20230630": {
    "cumulative_return_pct": 39.403129792503805,
    "annualized_return_pct": 303.36281264157867,
    "max_drawdown_pct": 14.869775147667989,
    "sharpe": 5.231893797715605,
    "win_rate_pct": 57.6271186440678,
    "profit_factor": 1.6198762619181701
  },
  "win017_tr20180701-20230630_te20230701-20230930_va20231001-20231231": {
    "cumulative_return_pct": 11.186941806752072,
    "annualized_return_pct": 56.07972619030113,
    "max_drawdown_pct": 35.70778578140501,
    "sharpe": 0.7438421672375515,
    "win_rate_pct": 43.75,
    "profit_factor": 1.0962786066007961
  },
  "win018_tr20190101-20231231_te20240101-20240331_va20240401-20240630": {
    "cumulative_return_pct": -58.27585809736042,
    "annualized_return_pct": -97.45151757904564,
    "max_drawdown_pct": 61.43572791046793,
    "sharpe": -1.1239356856113891,
    "win_rate_pct": 48.275862068965516,
    "profit_factor": 0.39247859444322214
  },
  "win019_tr20190701-20240630_te20240701-20240930_va20241001-20241231": {
    "cumulative_return_pct": 57.57225887765163,
    "annualized_return_pct": 533.050995798604,
    "max_drawdown_pct": 32.52085189227743,
    "sharpe": 3.539939476851727,
    "win_rate_pct": 55.55555555555556,
    "profit_factor": 1.1837454303143584
  },
  "win020_tr20200101-20241231_te20250101-20250331_va20250401-20250630": {
    "cumulative_return_pct": -22.968327395788847,
    "annualized_return_pct": -66.14574054177696,
    "max_drawdown_pct": 28.294693164085317,
    "sharpe": -0.8524694375912764,
    "win_rate_pct": 42.10526315789473,
    "profit_factor": 0.7739283785918214
  },
  "win021_tr20200701-20250630_te20250701-20250930_va20251001-20251231": {
    "cumulative_return_pct": -12.225776578384533,
    "annualized_return_pct": -41.093341070364744,
    "max_drawdown_pct": 20.643006890322443,
    "sharpe": -0.8590978060893937,
    "win_rate_pct": 46.15384615384615,
    "profit_factor": 0.842213996530804
  }
}