{
  "win000_tr20100101-20141231_te20150101-20150331_va20150401-20150630": {
    "cumulative_return_pct": 6.428802176231378,
    "annualized_return_pct": 30.69978217892635,
    "max_drawdown_pct": 20.82515104028383,
    "sharpe": 0.5423950547704339,
    "win_rate_pct": 56.14035087719298,
    "profit_factor": 1.0904515633593836
  },
  "win001_tr20100701-20150630_te20150701-20150930_va20151001-20151231": {
    "cumulative_return_pct": -44.14098435452833,
    "annualized_return_pct": -90.58933701207485,
    "max_drawdown_pct": 71.22393101593387,
    "sharpe": -0.6761486822144124,
    "win_rate_pct": 39.682539682539684,
    "profit_factor": 0.8288827239882613
  },
  "win002_tr20110101-20151231_te20160101-20160331_va20160401-20160630": {
    "cumulative_return_pct": -34.98236702707096,
    "annualized_return_pct": -83.59209211498555,
    "max_drawdown_pct": 33.830058637609866,
    "sharpe": -1.0195585394361508,
    "win_rate_pct": 49.152542372881356,
    "profit_factor": 0.6720800497047266
  },
  "win003_tr20110701-20160630_te20160701-20160930_va20161001-20161231": {
    "cumulative_return_pct": -26.128170857450762,
    "annualized_return_pct": -71.54801894049352,
    "max_drawdown_pct": 49.63128410848339,
    "sharpe": -0.9232007329155756,
    "win_rate_pct": 46.03174603174603,
    "profit_factor": 0.7663373689980231
  },
  "win004_tr20120101-20161231_te20170101-20170331_va20170401-20170630": {
    "cumulative_return_pct": -12.182449743710702,
    "annualized_return_pct": -42.03860773769898,
    "max_drawdown_pct": 23.17604805366898,
    "sharpe": -0.6811388613898784,
    "win_rate_pct": 54.23728813559322,
    "profit_factor": 0.8708886194916864
  },
  "win005_tr20120701-20170630_te20170701-20170930_va20171001-20171231": {
    "cumulative_return_pct": -34.83856100066187,
    "annualized_return_pct": -83.09731963205556,
    "max_drawdown_pct": 39.68268631463039,
    "sharpe": -1.4613876256571554,
    "win_rate_pct": 46.15384615384615,
    "profit_factor": 0.5783070890765686
  },
  "win006_tr20130101-20171231_te20180101-20180331_va20180401-20180630": {
    "cumulative_return_pct": -42.43313874359666,
    "annualized_return_pct": -90.15675694122163,
    "max_drawdown_pct": 52.672433327543445,
    "sharpe": -1.3040284859326148,
    "win_rate_pct": 44.06779661016949,
    "profit_factor": 0.5836846654623992
  },
  "win007_tr20130701-20180630_te20180701-20180930_va20181001-20181231": {
    "cumulative_return_pct": -66.37285402940152,
    "annualized_return_pct": -98.91483791426154,
    "max_drawdown_pct": 64.75136471390017,
    "sharpe": -1.5712483880956054,
    "win_rate_pct": 37.5,
    "profit_factor": 0.3199596275656226
  },
  "win008_tr20140101-20181231_te20190101-20190331_va20190401-20190630": {
    "cumulative_return_pct": -25.685119412626616,
    "annualized_return_pct": -71.65693172767348,
    "max_drawdown_pct": 45.65881156453304,
    "sharpe": -0.6022945398179523,
    "win_rate_pct": 43.103448275862064,
    "profit_factor": 0.7838957523220909
  },
  "win009_tr20140701-20190630_te20190701-20190930_va20191001-20191231": {
    "cumulative_return_pct": 68.81104740603227,
    "annualized_return_pct": 737.2757413895638,
    "max_drawdown_pct": 36.302192967952,
    "sharpe": 6.613882666314793,
    "win_rate_pct": 53.125,
    "profit_factor": 1.3685317314086396
  },
  "win010_tr20150101-20191231_te20200101-20200331_va20200401-20200630": {
    "cumulative_return_pct": -43.491624822307635,
    "annualized_return_pct": -90.39078911740816,
    "max_drawdown_pct": 59.49763845845578,
    "sharpe": -0.7842542576910501,
    "win_rate_pct": 44.827586206896555,
    "profit_factor": 0.8046416928756205
  },
  "win011_tr20150701-20200630_te20200701-20200930_va20201001-20201231": {
    "cumulative_return_pct": -28.89520074868776,
    "annualized_return_pct": -74.94142164858087,
    "max_drawdown_pct": 43.39530161349528,
    "sharpe": -0.9879582867239218,
    "win_rate_pct": 49.23076923076923,
    "profit_factor": 0.799982814621057
  },
  "win012_tr20160101-20201231_te20210101-20210331_va20210401-20210630": {
    "cumulative_return_pct": -36.86136283096425,
    "annualized_return_pct": -85.81481016467396,
    "max_drawdown_pct": 45.74069933442913,
    "sharpe": -1.0354721541083678,
    "win_rate_pct": 43.103448275862064,
    "profit_factor": 0.6877620979327328
  },
  "win013_tr20160701-20210630_te20210701-20210930_va20211001-20211231": {
    "cumulative_return_pct": -55.01196073362159,
    "annualized_return_pct": -96.09022056801615,
    "max_drawdown_pct": 66.8240785836422,
    "sharpe": -0.9276587415782976,
    "win_rate_pct": 41.269841269841265,
    "profit_factor": 0.6562796611039201
  },
  "win014_tr20170101-20211231_te20220101-20220331_va20220401-20220630": {
    "cumulative_return_pct": 24.646141804116336,
    "annualized_return_pct": 154.89242838847215,
    "max_drawdown_pct": 49.1939481991439,
    "sharpe": 1.3887873886611892,
    "win_rate_pct": 51.724137931034484,
    "profit_factor": 1.1920405375792336
  },
  "win015_tr20170701-20220630_te20220701-20220930_va20221001-20221231": {
    "cumulative_return_pct": -52.06670936113697,
    "annualized_return_pct": -95.27433307307396,
    "max_drawdown_pct": 52.60490025714621,
    "sharpe": -0.9326613997472583,
    "win_rate_pct": 40.625,
    "profit_factor": 0.6411428879954169
  },
  "win016_tr20180101-20221231_te20230101-20230331_va20230401-20230630": {
    "cumulative_return_pct": -11.452665047544963,
    "annualized_return_pct": -39.98937444005859,
    "max_drawdown_pct": 26.795833953189828,
    "sharpe": -0.7135305278155856,
    "win_rate_pct": 45.76271186440678,
    "profit_factor": 0.8554865253212414
  },
  "win017_tr20180701-20230630_te20230701-20230930_va20231001-20231231": {
    "cumulative_return_pct": -15.395590010557884,
    "annualized_return_pct": -50.43492253065356,
    "max_drawdown_pct": 31.34934934192728,
    "sharpe": -1.022636031350245,
    "win_rate_pct": 50.0,
    "profit_factor": 0.7808062560992841
  },
  "win018_tr20190101-20231231_te20240101-20240331_va20240401-20240630": {
    "cumulative_return_pct": -55.625990034730265,
    "annualized_return_pct": -96.69973479655638,
    "max_drawdown_pct": 61.67393264350428,
    "sharpe": -1.2384018253892948,
    "win_rate_pct": 41.37931034482759,
    "profit_factor": 0.47747272267740876
  },
  "win019_tr20190701-20240630_te20240701-20240930_va20241001-20241231": {
    "cumulative_return_pct": 131.30860426925432,
    "annualized_return_pct": 2906.157102560377,
    "max_drawdown_pct": 21.693634743278142,
    "sharpe": 27.038811807515366,
    "win_rate_pct": 46.03174603174603,
    "profit_factor": 2.153280099092167
  },
  "win020_tr20200101-20241231_te20250101-20250331_va20250401-20250630": {
    "cumulative_return_pct": -25.492436099892107,
    "annualized_return_pct": -70.5178672822025,
    "max_drawdown_pct": 32.31395789236453,
    "sharpe": -1.1713909111715088,
    "win_rate_pct": 47.368421052631575,
    "profit_factor": 0.6787590972943608
  },
  "win021_tr20200701-20250630_te20250701-20250930_va20251001-20251231": {
    "cumulative_return_pct": 50.368998652026434,
    "annualized_return_pct": 423.5612129954202,
    "max_drawdown_pct": 22.689510768428153,
    "sharpe": 5.2095577988364425,
    "win_rate_pct": 49.23076923076923,
    "profit_factor": 1.420409205064445
  }
}