{
  "win000_tr20100101-20141231_te20150101-20150331_va20150401-20150630": {
    "cumulative_return_pct": 1.460386223143991,
    "annualized_return_pct": 6.428141646716945,
    "max_drawdown_pct": 25.95736539419437,
    "sharpe": 0.05518993209329787,
    "win_rate_pct": 42.10526315789473,
    "profit_factor": 1.0185627128622485
  },
  "win001_tr20100701-20150630_te20150701-20150930_va20151001-20151231": {
    "cumulative_return_pct": -51.900980796760464,
    "annualized_return_pct": -94.87135275307922,
    "max_drawdown_pct": 66.79829842675792,
    "sharpe": -0.6685465446228734,
    "win_rate_pct": 46.03174603174603,
    "profit_factor": 0.7793328611505301
  },
  "win002_tr20110101-20151231_te20160101-20160331_va20160401-20160630": {
    "cumulative_return_pct": -40.35695759719373,
    "annualized_return_pct": -88.57810722597748,
    "max_drawdown_pct": 43.794615098581254,
    "sharpe": -0.9157743381611403,
    "win_rate_pct": 40.67796610169492,
    "profit_factor": 0.6791214613339767
  },
  "win003_tr20110701-20160630_te20160701-20160930_va20161001-20161231": {
    "cumulative_return_pct": -12.825851290592654,
    "annualized_return_pct": -43.43143698888628,
    "max_drawdown_pct": 34.739417792471045,
    "sharpe": -0.7039676182726731,
    "win_rate_pct": 44.44444444444444,
    "profit_factor": 0.8529327391699753
  },
  "win004_tr20120101-20161231_te20170101-20170331_va20170401-20170630": {
    "cumulative_return_pct": 27.747015919650696,
    "annualized_return_pct": 179.56953614546558,
    "max_drawdown_pct": 20.35063949356857,
    "sharpe": 2.826891296628345,
    "win_rate_pct": 54.23728813559322,
    "profit_factor": 1.4204389199235228
  },
  "win005_tr20120701-20170630_te20170701-20170930_va20171001-20171231": {
    "cumulative_return_pct": -11.093911707020027,
    "annualized_return_pct": -38.61860996829169,
    "max_drawdown_pct": 25.99951857051695,
    "sharpe": -0.7262383491920911,
    "win_rate_pct": 40.0,
    "profit_factor": 0.8624284753106229
  },
  "win006_tr20130101-20171231_te20180101-20180331_va20180401-20180630": {
    "cumulative_return_pct": 34.6678530291283,
    "annualized_return_pct": 248.88770408106643,
    "max_drawdown_pct": 20.42086508445539,
    "sharpe": 3.0460299396825445,
    "win_rate_pct": 49.152542372881356,
    "profit_factor": 1.4136018648407327
  },
  "win007_tr20130701-20180630_te20180701-20180930_va20181001-20181231": {
    "cumulative_return_pct": -32.07945123539926,
    "annualized_return_pct": -79.92250767360096,
    "max_drawdown_pct": 34.68159015135722,
    "sharpe": -1.288860537064598,
    "win_rate_pct": 42.1875,
    "profit_factor": 0.6557060375954815
  },
  "win008_tr20140101-20181231_te20190101-20190331_va20190401-20190630": {
    "cumulative_return_pct": -2.524563048460544,
    "annualized_return_pct": -10.290829335570473,
    "max_drawdown_pct": 35.258462018596546,
    "sharpe": -0.14416917655466904,
    "win_rate_pct": 46.55172413793103,
    "profit_factor": 0.9772390951027482
  },
  "win009_tr20140701-20190630_te20190701-20190930_va20191001-20191231": {
    "cumulative_return_pct": -12.322727495583333,
    "annualized_return_pct": -41.356952009679425,
    "max_drawdown_pct": 30.147943342341932,
    "sharpe": -0.6577853276944882,
    "win_rate_pct": 46.875,
    "profit_factor": 0.8786508213532038
  },
  "win010_tr20150101-20191231_te20200101-20200331_va20200401-20200630": {
    "cumulative_return_pct": 6.869739004377857,
    "annualized_return_pct": 31.346330353407904,
    "max_drawdown_pct": 35.630867074256074,
    "sharpe": 0.271487720930641,
    "win_rate_pct": 48.275862068965516,
    "profit_factor": 1.051120819088558
  },
  "win011_tr20150701-20200630_te20200701-20200930_va20201001-20201231": {
    "cumulative_return_pct": 2.8786723797506184,
    "annualized_return_pct": 12.207111716579178,
    "max_drawdown_pct": 45.2059768079999,
    "sharpe": 0.11510724790223953,
    "win_rate_pct": 52.307692307692314,
    "profit_factor": 1.0214404577229337
  },
  "win012_tr20160101-20201231_te20210101-20210331_va20210401-20210630": {
    "cumulative_return_pct": -23.229626507566497,
    "annualized_return_pct": -67.46080783809698,
    "max_drawdown_pct": 45.780484589995645,
    "sharpe": -0.8414347197823255,
    "win_rate_pct": 46.55172413793103,
    "profit_factor": 0.7544423337358328
  },
  "win013_tr20160701-20210630_te20210701-20210930_va20211001-20211231": {
    "cumulative_return_pct": -33.17154138690699,
    "annualized_return_pct": -80.5179257214078,
    "max_drawdown_pct": 48.27161586336784,
    "sharpe": -0.8870880038169295,
    "win_rate_pct": 42.857142857142854,
    "profit_factor": 0.7659223180277194
  },
  "win014_tr20170101-20211231_te20220101-20220331_va20220401-20220630": {
    "cumulative_return_pct": 46.607338316724494,
    "annualized_return_pct": 407.7836967310805,
    "max_drawdown_pct": 21.137838961777074,
    "sharpe": 5.321102611726885,
    "win_rate_pct": 55.172413793103445,
    "profit_factor": 1.5150729323376917
  },
  "win015_tr20170701-20220630_te20220701-20220930_va20221001-20221231": {
    "cumulative_return_pct": -15.959429176765319,
    "annualized_return_pct": -51.4055781659568,
    "max_drawdown_pct": 21.423100809245813,
    "sharpe": -0.6780150725991355,
    "win_rate_pct": 45.3125,
    "profit_factor": 0.8637291213047588
  },
  "win016_tr20180101-20221231_te20230101-20230331_va20230401-20230630": {
    "cumulative_return_pct": -39.46070085237952,
    "annualized_return_pct": -87.8400208299681,
    "max_drawdown_pct": 44.62423778237748,
    "sharpe": -1.2889059193987356,
    "win_rate_pct": 37.28813559322034,
    "profit_factor": 0.6217858933864643
  },
  "win017_tr20180701-20230630_te20230701-20230930_va20231001-20231231": {
    "cumulative_return_pct": -21.422647565657275,
    "annualized_return_pct": -63.65626418260179,
    "max_drawdown_pct": 40.1028809502449,
    "sharpe": -1.1569539583319686,
    "win_rate_pct": 40.625,
    "profit_factor": 0.7940733603330086
  },
  "win018_tr20190101-20231231_te20240101-20240331_va20240401-20240630": {
    "cumulative_return_pct": 38.607705282058404,
    "annualized_return_pct": 293.7880277499168,
    "max_drawdown_pct": 38.883695208795494,
    "sharpe": 3.2467943096221554,
    "win_rate_pct": 53.44827586206896,
    "profit_factor": 1.405266349299522
  },
  "win019_tr20190701-20240630_te20240701-20240930_va20241001-20241231": {
    "cumulative_return_pct": 165.90905674610624,
    "annualized_return_pct": 5193.081938745259,
    "max_drawdown_pct": 15.55748791199025,
    "sharpe": 54.85087631897327,
    "win_rate_pct": 58.730158730158735,
    "profit_factor": 2.2995012481649586
  },
  "win020_tr20200101-20241231_te20250101-20250331_va20250401-20250630": {
    "cumulative_return_pct": -21.61753447466417,
    "annualized_return_pct": -63.612818621418235,
    "max_drawdown_pct": 34.60678343720039,
    "sharpe": -0.8058010110837185,
    "win_rate_pct": 43.859649122807014,
    "profit_factor": 0.8064668855209851
  },
  "win021_tr20200701-20250630_te20250701-20250930_va20251001-20251231": {
    "cumulative_return_pct": -0.49015427228929476,
    "annualized_return_pct": -1.974349824824484,
    "max_drawdown_pct": 22.333693233894483,
    "sharpe": -0.07388705008021776,
    "win_rate_pct": 46.15384615384615,
    "profit_factor": 0.9955091820406032
  }
}