{
  "size": 4,
  "models": "DLinear,LightTS,PatchTST,iTransformer",
  "num_windows": 22,
  "mean_test_cumulative_return_pct": 6.018122853555867,
  "std_test_cumulative_return_pct": 48.790535793575955,
  "min_test_cumulative_return_pct": -71.81819513079975,
  "max_test_cumulative_return_pct": 173.78955220274483,
  "mean_test_annualized_return_pct": 328.4754612902033,
  "mean_test_max_drawdown_pct": 35.45260411939881,
  "mean_test_sharpe": 3.2148462073529527,
  "mean_test_win_rate_pct": 49.08199549725261,
  "mean_test_profit_factor": 1.0782562634902322
}