{
  "win000_tr20100101-20141231_te20150101-20150331_va20150401-20150630": {
    "cumulative_return_pct": 57.83150445955698,
    "annualized_return_pct": 610.6405271747582,
    "max_drawdown_pct": 10.115167391904736,
    "sharpe": 11.165900841813379,
    "win_rate_pct": 63.1578947368421,
    "profit_factor": 1.930726453054647
  },
  "win001_tr20100701-20150630_te20150701-20150930_va20151001-20151231": {
    "cumulative_return_pct": -28.63953049679458,
    "annualized_return_pct": -74.57373938944052,
    "max_drawdown_pct": 66.50055117047626,
    "sharpe": -0.6104587445437559,
    "win_rate_pct": 55.55555555555556,
    "profit_factor": 0.8954263163785144
  },
  "win002_tr20110101-20151231_te20160101-20160331_va20160401-20160630": {
    "cumulative_return_pct": -13.889719226995624,
    "annualized_return_pct": -46.624372175313965,
    "max_drawdown_pct": 41.7241309350568,
    "sharpe": -0.5014415029603508,
    "win_rate_pct": 52.54237288135594,
    "profit_factor": 0.8849664230118618
  },
  "win003_tr20110701-20160630_te20160701-20160930_va20161001-20161231": {
    "cumulative_return_pct": 12.26517965746033,
    "annualized_return_pct": 61.63879809334287,
    "max_drawdown_pct": 17.02981553624576,
    "sharpe": 0.8649803852135055,
    "win_rate_pct": 57.14285714285714,
    "profit_factor": 1.1225622936216262
  },
  "win004_tr20120101-20161231_te20170101-20170331_va20170401-20170630": {
    "cumulative_return_pct": 48.483549564815384,
    "annualized_return_pct": 425.7182276098841,
    "max_drawdown_pct": 8.165006531722925,
    "sharpe": 8.059357054754575,
    "win_rate_pct": 57.6271186440678,
    "profit_factor": 1.9037027722401154
  },
  "win005_tr20120701-20170630_te20170701-20170930_va20171001-20171231": {
    "cumulative_return_pct": 11.643788419702323,
    "annualized_return_pct": 57.95763532173757,
    "max_drawdown_pct": 22.152054050916092,
    "sharpe": 1.2311689156561487,
    "win_rate_pct": 58.46153846153847,
    "profit_factor": 1.2290983214899462
  },
  "win006_tr20130101-20171231_te20180101-20180331_va20180401-20180630": {
    "cumulative_return_pct": 24.598560692907125,
    "annualized_return_pct": 151.76191294513313,
    "max_drawdown_pct": 24.72197409246156,
    "sharpe": 1.6790128511639606,
    "win_rate_pct": 44.06779661016949,
    "profit_factor": 1.2530970407873598
  },
  "win007_tr20130701-20180630_te20180701-20180930_va20181001-20181231": {
    "cumulative_return_pct": -36.78308055572036,
    "annualized_return_pct": -85.09454794309956,
    "max_drawdown_pct": 47.58724189078794,
    "sharpe": -1.5404853484131575,
    "win_rate_pct": 39.0625,
    "profit_factor": 0.5918527057358921
  },
  "win008_tr20140101-20181231_te20190101-20190331_va20190401-20190630": {
    "cumulative_return_pct": -9.538746057998377,
    "annualized_return_pct": -34.67301317615473,
    "max_drawdown_pct": 37.66793811856613,
    "sharpe": -0.42769106492709835,
    "win_rate_pct": 44.827586206896555,
    "profit_factor": 0.9096586022410377
  },
  "win009_tr20140701-20190630_te20190701-20190930_va20191001-20191231": {
    "cumulative_return_pct": 7.004877055897657,
    "annualized_return_pct": 31.62230676757476,
    "max_drawdown_pct": 30.982530961834797,
    "sharpe": 0.4456847670745532,
    "win_rate_pct": 50.0,
    "profit_factor": 1.080790046496384
  },
  "win010_tr20150101-20191231_te20200101-20200331_va20200401-20200630": {
    "cumulative_return_pct": 25.462437694613214,
    "annualized_return_pct": 153.68434739532609,
    "max_drawdown_pct": 44.97010956753893,
    "sharpe": 1.2864836478163073,
    "win_rate_pct": 44.827586206896555,
    "profit_factor": 1.1127906058121928
  },
  "win011_tr20150701-20200630_te20200701-20200930_va20201001-20201231": {
    "cumulative_return_pct": -71.81819513079975,
    "annualized_return_pct": -99.4141451076663,
    "max_drawdown_pct": 72.30086368272129,
    "sharpe": -1.1459062667474726,
    "win_rate_pct": 35.38461538461539,
    "profit_factor": 0.2869665488852595
  },
  "win012_tr20160101-20201231_te20210101-20210331_va20210401-20210630": {
    "cumulative_return_pct": -62.046017283282616,
    "annualized_return_pct": -98.36669666092783,
    "max_drawdown_pct": 63.65539918084031,
    "sharpe": -0.8849171714994927,
    "win_rate_pct": 43.103448275862064,
    "profit_factor": 0.5633465904471129
  },
  "win013_tr20160701-20210630_te20210701-20210930_va20211001-20211231": {
    "cumulative_return_pct": -20.852093997556285,
    "annualized_return_pct": -61.28909267254043,
    "max_drawdown_pct": 57.016973290874475,
    "sharpe": -0.6132542720121896,
    "win_rate_pct": 41.269841269841265,
    "profit_factor": 0.8474673369019858
  },
  "win014_tr20170101-20211231_te20220101-20220331_va20220401-20220630": {
    "cumulative_return_pct": -22.76070452419425,
    "annualized_return_pct": -66.60827596368806,
    "max_drawdown_pct": 47.983920478717145,
    "sharpe": -0.8589084263180625,
    "win_rate_pct": 50.0,
    "profit_factor": 0.7930127972353987
  },
  "win015_tr20170701-20220630_te20220701-20220930_va20221001-20221231": {
    "cumulative_return_pct": -3.649873931306508,
    "annualized_return_pct": -14.300592921466338,
    "max_drawdown_pct": 24.520823306810488,
    "sharpe": -0.27726178124253675,
    "win_rate_pct": 43.75,
    "profit_factor": 0.9606218891292755
  },
  "win016_tr20180101-20221231_te20230101-20230331_va20230401-20230630": {
    "cumulative_return_pct": 48.78896784981541,
    "annualized_return_pct": 430.27302460296715,
    "max_drawdown_pct": 18.203834508794845,
    "sharpe": 6.395820646563516,
    "win_rate_pct": 50.847457627118644,
    "profit_factor": 1.5647030450676154
  },
  "win017_tr20180701-20230630_te20230701-20230930_va20231001-20231231": {
    "cumulative_return_pct": -14.34522011079312,
    "annualized_return_pct": -47.79973836177434,
    "max_drawdown_pct": 21.501128102896082,
    "sharpe": -0.7563919953215178,
    "win_rate_pct": 46.875,
    "profit_factor": 0.8498088791364184
  },
  "win018_tr20190101-20231231_te20240101-20240331_va20240401-20240630": {
    "cumulative_return_pct": -6.860934477808361,
    "annualized_return_pct": -25.79945395647386,
    "max_drawdown_pct": 52.574249801087134,
    "sharpe": -0.36094841250460313,
    "win_rate_pct": 48.275862068965516,
    "profit_factor": 0.9149061504877185
  },
  "win019_tr20190701-20240630_te20240701-20240930_va20241001-20241231": {
    "cumulative_return_pct": 173.78955220274483,
    "annualized_return_pct": 5859.13837300394,
    "max_drawdown_pct": 27.442467992082765,
    "sharpe": 46.052109515669414,
    "win_rate_pct": 61.904761904761905,
    "profit_factor": 1.854787831178121
  },
  "win020_tr20200101-20241231_te20250101-20250331_va20250401-20250630": {
    "cumulative_return_pct": -9.322489728021587,
    "annualized_return_pct": -33.38084205462696,
    "max_drawdown_pct": 25.046485749126575,
    "sharpe": -0.34206865280247895,
    "win_rate_pct": 40.35087719298245,
    "profit_factor": 0.9221072355644467
  },
  "win021_tr20200701-20250630_te20250701-20250930_va20251001-20251231": {
    "cumulative_return_pct": 23.036890701987268,
    "annualized_return_pct": 131.94950585298238,
    "max_drawdown_pct": 18.094624285310694,
    "sharpe": 1.8658315753323267,
    "win_rate_pct": 50.76923076923077,
    "profit_factor": 1.2492379118821755
  }
}