{
  "size": 4,
  "models": "FreTS,TimeMixer,WPMixer,iTransformer",
  "num_windows": 22,
  "mean_test_cumulative_return_pct": 8.150332198576182,
  "std_test_cumulative_return_pct": 76.19432091721389,
  "min_test_cumulative_return_pct": -59.41549500309945,
  "max_test_cumulative_return_pct": 275.3833256944904,
  "mean_test_annualized_return_pct": 1225.560312908039,
  "mean_test_max_drawdown_pct": 36.72982687495619,
  "mean_test_sharpe": 12.73937524644215,
  "mean_test_win_rate_pct": 48.05489637875957,
  "mean_test_profit_factor": 1.0984690837685924
}