{
  "win000_tr20100101-20141231_te20150101-20150331_va20150401-20150630": {
    "cumulative_return_pct": 97.04840637205245,
    "annualized_return_pct": 1744.1540408801206,
    "max_drawdown_pct": 18.062839611881053,
    "sharpe": 24.685140522326765,
    "win_rate_pct": 52.63157894736842,
    "profit_factor": 2.382171265475293
  },
  "win001_tr20100701-20150630_te20150701-20150930_va20151001-20151231": {
    "cumulative_return_pct": -50.826626746554915,
    "annualized_return_pct": -94.3903264363179,
    "max_drawdown_pct": 54.327197772985954,
    "sharpe": -0.6275189833043873,
    "win_rate_pct": 50.79365079365079,
    "profit_factor": 0.7562418202897018
  },
  "win002_tr20110101-20151231_te20160101-20160331_va20160401-20160630": {
    "cumulative_return_pct": -19.92824162459029,
    "annualized_return_pct": -60.66494598353379,
    "max_drawdown_pct": 34.58321689986332,
    "sharpe": -0.6359480638191303,
    "win_rate_pct": 50.847457627118644,
    "profit_factor": 0.8518778520875618
  },
  "win003_tr20110701-20160630_te20160701-20160930_va20161001-20161231": {
    "cumulative_return_pct": 10.656657346983184,
    "annualized_return_pct": 52.24106309097816,
    "max_drawdown_pct": 38.59242638480953,
    "sharpe": 0.6684529052684536,
    "win_rate_pct": 49.2063492063492,
    "profit_factor": 1.106679436208362
  },
  "win004_tr20120101-20161231_te20170101-20170331_va20170401-20170630": {
    "cumulative_return_pct": 2.4833271699337756,
    "annualized_return_pct": 10.847305808142771,
    "max_drawdown_pct": 24.03532927860442,
    "sharpe": 0.11467346604257732,
    "win_rate_pct": 52.54237288135594,
    "profit_factor": 1.0261115699892662
  },
  "win005_tr20120701-20170630_te20170701-20170930_va20171001-20171231": {
    "cumulative_return_pct": 12.682477308432524,
    "annualized_return_pct": 64.14719550134662,
    "max_drawdown_pct": 18.91823613036215,
    "sharpe": 1.1246275648822237,
    "win_rate_pct": 52.307692307692314,
    "profit_factor": 1.193852089512186
  },
  "win006_tr20130101-20171231_te20180101-20180331_va20180401-20180630": {
    "cumulative_return_pct": -44.800403820746745,
    "annualized_return_pct": -91.74768645389116,
    "max_drawdown_pct": 51.92415973198183,
    "sharpe": -1.337683355690023,
    "win_rate_pct": 47.45762711864407,
    "profit_factor": 0.49479084534606765
  },
  "win007_tr20130701-20180630_te20180701-20180930_va20181001-20181231": {
    "cumulative_return_pct": -32.97284043650612,
    "annualized_return_pct": -80.99612508234662,
    "max_drawdown_pct": 40.022140523331984,
    "sharpe": -1.1906261882046538,
    "win_rate_pct": 43.75,
    "profit_factor": 0.7034445801063468
  },
  "win008_tr20140101-20181231_te20190101-20190331_va20190401-20190630": {
    "cumulative_return_pct": -36.25392762187419,
    "annualized_return_pct": -85.22608713653138,
    "max_drawdown_pct": 60.032957999425584,
    "sharpe": -0.7289898090110127,
    "win_rate_pct": 50.0,
    "profit_factor": 0.7563618790628931
  },
  "win009_tr20140701-20190630_te20190701-20190930_va20191001-20191231": {
    "cumulative_return_pct": 15.649785423711895,
    "annualized_return_pct": 80.41090030065166,
    "max_drawdown_pct": 20.922065254121083,
    "sharpe": 1.1496218732628956,
    "win_rate_pct": 53.125,
    "profit_factor": 1.1663360882584384
  },
  "win010_tr20150101-20191231_te20200101-20200331_va20200401-20200630": {
    "cumulative_return_pct": -50.12120172517568,
    "annualized_return_pct": -94.24205445394692,
    "max_drawdown_pct": 51.517732401577575,
    "sharpe": -1.0992921308533297,
    "win_rate_pct": 41.37931034482759,
    "profit_factor": 0.5628625245749946
  },
  "win011_tr20150701-20200630_te20200701-20200930_va20201001-20201231": {
    "cumulative_return_pct": -44.33690516980048,
    "annualized_return_pct": -90.72257414942196,
    "max_drawdown_pct": 53.686362472243474,
    "sharpe": -1.1659521577294776,
    "win_rate_pct": 35.38461538461539,
    "profit_factor": 0.6567155654214254
  },
  "win012_tr20160101-20201231_te20210101-20210331_va20210401-20210630": {
    "cumulative_return_pct": -59.41549500309945,
    "annualized_return_pct": -97.82895130628442,
    "max_drawdown_pct": 61.59483645995129,
    "sharpe": -1.1620633019308617,
    "win_rate_pct": 41.37931034482759,
    "profit_factor": 0.5375257143680535
  },
  "win013_tr20160701-20210630_te20210701-20210930_va20211001-20211231": {
    "cumulative_return_pct": -29.84145938094417,
    "annualized_return_pct": -76.26749660550307,
    "max_drawdown_pct": 46.83493855722248,
    "sharpe": -0.7542860593680479,
    "win_rate_pct": 47.61904761904761,
    "profit_factor": 0.7732442437762851
  },
  "win014_tr20170101-20211231_te20220101-20220331_va20220401-20220630": {
    "cumulative_return_pct": -17.032221677358052,
    "annualized_return_pct": -54.751838582459534,
    "max_drawdown_pct": 43.25284817370678,
    "sharpe": -0.7546818269263785,
    "win_rate_pct": 41.37931034482759,
    "profit_factor": 0.8308216414143742
  },
  "win015_tr20170701-20220630_te20220701-20220930_va20221001-20221231": {
    "cumulative_return_pct": -35.02346993743616,
    "annualized_return_pct": -83.29551276296341,
    "max_drawdown_pct": 48.72566823720946,
    "sharpe": -1.1397862505728549,
    "win_rate_pct": 40.625,
    "profit_factor": 0.723144423143278
  },
  "win016_tr20180101-20221231_te20230101-20230331_va20230401-20230630": {
    "cumulative_return_pct": 62.18266296588092,
    "annualized_return_pct": 661.4765210005246,
    "max_drawdown_pct": 16.450589088407547,
    "sharpe": 8.410793568941331,
    "win_rate_pct": 57.6271186440678,
    "profit_factor": 1.6280718955560853
  },
  "win017_tr20180701-20230630_te20230701-20230930_va20231001-20231231": {
    "cumulative_return_pct": -22.599249192704924,
    "annualized_return_pct": -65.88687173096697,
    "max_drawdown_pct": 43.5964520555023,
    "sharpe": -1.0059546257682275,
    "win_rate_pct": 35.9375,
    "profit_factor": 0.8108924465075125
  },
  "win018_tr20190101-20231231_te20240101-20240331_va20240401-20240630": {
    "cumulative_return_pct": 139.69533362039053,
    "annualized_return_pct": 3825.6867987082605,
    "max_drawdown_pct": 14.60613187543077,
    "sharpe": 38.05905551858164,
    "win_rate_pct": 62.06896551724138,
    "profit_factor": 2.024663381217554
  },
  "win019_tr20190701-20240630_te20240701-20240930_va20241001-20241231": {
    "cumulative_return_pct": 275.3833256944904,
    "annualized_return_pct": 21349.192692615565,
    "max_drawdown_pct": 16.767138934099723,
    "sharpe": 216.4955774747657,
    "win_rate_pct": 58.730158730158735,
    "profit_factor": 3.164636716828416
  },
  "win020_tr20200101-20241231_te20250101-20250331_va20250401-20250630": {
    "cumulative_return_pct": 32.36661102105959,
    "annualized_return_pct": 220.22096271176218,
    "max_drawdown_pct": 17.831344946649924,
    "sharpe": 2.3238507565180098,
    "win_rate_pct": 50.877192982456144,
    "profit_factor": 1.2949823213648843
  },
  "win021_tr20200701-20250630_te20250701-20250930_va20251001-20251231": {
    "cumulative_return_pct": -25.689236217468093,
    "annualized_return_pct": -70.03012595632813,
    "max_drawdown_pct": 31.77157845966801,
    "sharpe": -1.1627554756839098,
    "win_rate_pct": 41.53846153846154,
    "profit_factor": 0.7208915424000548
  }
}