{
  "size": 5,
  "models": "DLinear,FiLM,LightTS,TimeMixer,iTransformer",
  "num_windows": 22,
  "mean_test_cumulative_return_pct": -18.6380258337996,
  "std_test_cumulative_return_pct": 39.19194807877032,
  "min_test_cumulative_return_pct": -77.31556839946661,
  "max_test_cumulative_return_pct": 95.83037101848467,
  "mean_test_annualized_return_pct": 51.68931685141892,
  "mean_test_max_drawdown_pct": 40.39358620352638,
  "mean_test_sharpe": 0.8248583579836921,
  "mean_test_win_rate_pct": 46.025709799448414,
  "mean_test_profit_factor": 0.8501587473080204
}