{
  "win000_tr20100101-20141231_te20150101-20150331_va20150401-20150630": {
    "cumulative_return_pct": 95.83037101848467,
    "annualized_return_pct": 1695.6667054070697,
    "max_drawdown_pct": 9.27429835191697,
    "sharpe": 27.253561870708435,
    "win_rate_pct": 66.66666666666666,
    "profit_factor": 2.278622645146547
  },
  "win001_tr20100701-20150630_te20150701-20150930_va20151001-20151231": {
    "cumulative_return_pct": -59.263157119252575,
    "annualized_return_pct": -97.38664303518935,
    "max_drawdown_pct": 66.00885910120702,
    "sharpe": -0.6948559827230522,
    "win_rate_pct": 47.61904761904761,
    "profit_factor": 0.6859883459733073
  },
  "win002_tr20110101-20151231_te20160101-20160331_va20160401-20160630": {
    "cumulative_return_pct": -46.58113646516382,
    "annualized_return_pct": -92.80903792625078,
    "max_drawdown_pct": 44.19591731917979,
    "sharpe": -1.0628753677073532,
    "win_rate_pct": 45.76271186440678,
    "profit_factor": 0.5936351305118394
  },
  "win003_tr20110701-20160630_te20160701-20160930_va20161001-20161231": {
    "cumulative_return_pct": 3.8732444062949503,
    "annualized_return_pct": 17.08458432535096,
    "max_drawdown_pct": 31.729458066013212,
    "sharpe": 0.1907108231463594,
    "win_rate_pct": 49.2063492063492,
    "profit_factor": 1.032046605523834
  },
  "win004_tr20120101-20161231_te20170101-20170331_va20170401-20170630": {
    "cumulative_return_pct": -17.95657019087919,
    "annualized_return_pct": -56.435554303847965,
    "max_drawdown_pct": 27.65545384988881,
    "sharpe": -1.0562506190220282,
    "win_rate_pct": 54.23728813559322,
    "profit_factor": 0.7665515346131827
  },
  "win005_tr20120701-20170630_te20170701-20170930_va20171001-20171231": {
    "cumulative_return_pct": -48.92449605610547,
    "annualized_return_pct": -93.84941036236903,
    "max_drawdown_pct": 46.9711588441681,
    "sharpe": -1.7138124131246906,
    "win_rate_pct": 50.76923076923077,
    "profit_factor": 0.4074819066063523
  },
  "win006_tr20130101-20171231_te20180101-20180331_va20180401-20180630": {
    "cumulative_return_pct": 6.3161147279972445,
    "annualized_return_pct": 29.32138509519513,
    "max_drawdown_pct": 30.804172471033812,
    "sharpe": 0.26466671097198086,
    "win_rate_pct": 54.23728813559322,
    "profit_factor": 1.0588027864093972
  },
  "win007_tr20130701-20180630_te20180701-20180930_va20181001-20181231": {
    "cumulative_return_pct": -77.31556839946661,
    "annualized_return_pct": -99.78821035208016,
    "max_drawdown_pct": 76.8430362806641,
    "sharpe": -1.616491621094771,
    "win_rate_pct": 31.25,
    "profit_factor": 0.23445936369761453
  },
  "win008_tr20140101-20181231_te20190101-20190331_va20190401-20190630": {
    "cumulative_return_pct": -4.448588148701656,
    "annualized_return_pct": -17.573822232316694,
    "max_drawdown_pct": 48.41938968636668,
    "sharpe": -0.18007875505283388,
    "win_rate_pct": 43.103448275862064,
    "profit_factor": 0.9725487600735734
  },
  "win009_tr20140701-20190630_te20190701-20190930_va20191001-20191231": {
    "cumulative_return_pct": 13.063844101549197,
    "annualized_return_pct": 64.59079403433567,
    "max_drawdown_pct": 20.905515260073468,
    "sharpe": 1.066238538270978,
    "win_rate_pct": 51.5625,
    "profit_factor": 1.1594271662682527
  },
  "win010_tr20150101-20191231_te20200101-20200331_va20200401-20200630": {
    "cumulative_return_pct": -55.25029126530381,
    "annualized_return_pct": -96.31135741238211,
    "max_drawdown_pct": 58.46341734215975,
    "sharpe": -0.9045502190500051,
    "win_rate_pct": 37.93103448275862,
    "profit_factor": 0.6550427261201227
  },
  "win011_tr20150701-20200630_te20200701-20200930_va20201001-20201231": {
    "cumulative_return_pct": -37.718656792017875,
    "annualized_return_pct": -85.36353844760329,
    "max_drawdown_pct": 43.380073556944254,
    "sharpe": -1.4242731770909338,
    "win_rate_pct": 47.69230769230769,
    "profit_factor": 0.6087630213754767
  },
  "win012_tr20160101-20201231_te20210101-20210331_va20210401-20210630": {
    "cumulative_return_pct": -10.472380916243443,
    "annualized_return_pct": -37.48891194231418,
    "max_drawdown_pct": 46.45831002329912,
    "sharpe": -0.47901169670769994,
    "win_rate_pct": 44.827586206896555,
    "profit_factor": 0.900186771500793
  },
  "win013_tr20160701-20210630_te20210701-20210930_va20211001-20211231": {
    "cumulative_return_pct": -68.4569464820507,
    "annualized_return_pct": -99.07448318050665,
    "max_drawdown_pct": 74.28953723904212,
    "sharpe": -0.9290560233983417,
    "win_rate_pct": 39.682539682539684,
    "profit_factor": 0.5126490203271497
  },
  "win014_tr20170101-20211231_te20220101-20220331_va20220401-20220630": {
    "cumulative_return_pct": -30.740847049402458,
    "annualized_return_pct": -78.98682264154941,
    "max_drawdown_pct": 42.67289139515334,
    "sharpe": -1.3129041865689466,
    "win_rate_pct": 43.103448275862064,
    "profit_factor": 0.648169493862999
  },
  "win015_tr20170701-20220630_te20220701-20220930_va20221001-20221231": {
    "cumulative_return_pct": -24.784829373904085,
    "annualized_return_pct": -69.33822333945363,
    "max_drawdown_pct": 28.956636853926838,
    "sharpe": -0.8896889182349418,
    "win_rate_pct": 42.1875,
    "profit_factor": 0.8063434278286328
  },
  "win016_tr20180101-20221231_te20230101-20230331_va20230401-20230630": {
    "cumulative_return_pct": -46.04335133661437,
    "annualized_return_pct": -92.50017977527393,
    "max_drawdown_pct": 49.154401662076275,
    "sharpe": -1.4526431672536029,
    "win_rate_pct": 30.508474576271187,
    "profit_factor": 0.5177812295527071
  },
  "win017_tr20180701-20230630_te20230701-20230930_va20231001-20231231": {
    "cumulative_return_pct": -31.148495042583612,
    "annualized_return_pct": -79.13031484980013,
    "max_drawdown_pct": 41.636651123405535,
    "sharpe": -1.257784844411774,
    "win_rate_pct": 48.4375,
    "profit_factor": 0.6844630461308127
  },
  "win018_tr20190101-20231231_te20240101-20240331_va20240401-20240630": {
    "cumulative_return_pct": -7.032536895944213,
    "annualized_return_pct": -26.3717093308393,
    "max_drawdown_pct": 29.65997459659545,
    "sharpe": -0.4125461402002468,
    "win_rate_pct": 46.55172413793103,
    "profit_factor": 0.9300480049959935
  },
  "win019_tr20190701-20240630_te20240701-20240930_va20241001-20241231": {
    "cumulative_return_pct": 55.14722095691529,
    "annualized_return_pct": 494.43276070920155,
    "max_drawdown_pct": 26.502308803362094,
    "sharpe": 5.616682045247861,
    "win_rate_pct": 55.55555555555556,
    "profit_factor": 1.467463218906119
  },
  "win020_tr20200101-20241231_te20250101-20250331_va20250401-20250630": {
    "cumulative_return_pct": -24.133860712835904,
    "annualized_return_pct": -68.22167668974315,
    "max_drawdown_pct": 25.52842600867952,
    "sharpe": -1.17999060853216,
    "win_rate_pct": 38.59649122807017,
    "profit_factor": 0.7214773672413067
  },
  "win021_tr20200701-20250630_te20250701-20250930_va20251001-20251231": {
    "cumulative_return_pct": 6.004348691637162,
    "annualized_return_pct": 26.698636981582922,
    "max_drawdown_pct": 19.14900864242425,
    "sharpe": 0.321837627468993,
    "win_rate_pct": 43.07692307692308,
    "profit_factor": 1.0615408681104388
  }
}