{
  "win000_tr20100101-20141231_te20150101-20150331_va20150401-20150630": {
    "cumulative_return_pct": 74.4529368522948,
    "annualized_return_pct": 992.7122383022669,
    "max_drawdown_pct": 22.121684259234552,
    "sharpe": 13.366262487637302,
    "win_rate_pct": 54.385964912280706,
    "profit_factor": 1.8049595345906542
  },
  "win001_tr20100701-20150630_te20150701-20150930_va20151001-20151231": {
    "cumulative_return_pct": -43.10704358704367,
    "annualized_return_pct": -89.86215247829816,
    "max_drawdown_pct": 46.236169109060796,
    "sharpe": -0.6495657434441583,
    "win_rate_pct": 50.79365079365079,
    "profit_factor": 0.7753370748646812
  },
  "win002_tr20110101-20151231_te20160101-20160331_va20160401-20160630": {
    "cumulative_return_pct": -19.731836874270137,
    "annualized_return_pct": -60.25829056134155,
    "max_drawdown_pct": 36.61375724294102,
    "sharpe": -0.5667458997579218,
    "win_rate_pct": 49.152542372881356,
    "profit_factor": 0.877998354372833
  },
  "win003_tr20110701-20160630_te20160701-20160930_va20161001-20161231": {
    "cumulative_return_pct": -7.809597949024324,
    "annualized_return_pct": -28.644800070182253,
    "max_drawdown_pct": 37.372277704150335,
    "sharpe": -0.43472383827413424,
    "win_rate_pct": 52.38095238095239,
    "profit_factor": 0.9219688369839565
  },
  "win004_tr20120101-20161231_te20170101-20170331_va20170401-20170630": {
    "cumulative_return_pct": -17.875980253582647,
    "annualized_return_pct": -56.25561653841231,
    "max_drawdown_pct": 39.44276270759588,
    "sharpe": -0.804857633716663,
    "win_rate_pct": 49.152542372881356,
    "profit_factor": 0.8250767459337374
  },
  "win005_tr20120701-20170630_te20170701-20170930_va20171001-20171231": {
    "cumulative_return_pct": -5.162534588921151,
    "annualized_return_pct": -19.74840626265666,
    "max_drawdown_pct": 17.947604295140422,
    "sharpe": -0.4370709919694861,
    "win_rate_pct": 53.84615384615385,
    "profit_factor": 0.9281018156714794
  },
  "win006_tr20130101-20171231_te20180101-20180331_va20180401-20180630": {
    "cumulative_return_pct": -13.55033493339275,
    "annualized_return_pct": -45.73560669026546,
    "max_drawdown_pct": 35.357446452141396,
    "sharpe": -0.4660690339781022,
    "win_rate_pct": 45.76271186440678,
    "profit_factor": 0.9010659563924587
  },
  "win007_tr20130701-20180630_te20180701-20180930_va20181001-20181231": {
    "cumulative_return_pct": -61.61813468363351,
    "annualized_return_pct": -98.12117241382781,
    "max_drawdown_pct": 61.730283153952826,
    "sharpe": -1.6147287468231548,
    "win_rate_pct": 35.9375,
    "profit_factor": 0.3438769604246094
  },
  "win008_tr20140101-20181231_te20190101-20190331_va20190401-20190630": {
    "cumulative_return_pct": -31.313919950312947,
    "annualized_return_pct": -79.71540559051127,
    "max_drawdown_pct": 46.63362895490187,
    "sharpe": -0.71075581385646,
    "win_rate_pct": 44.827586206896555,
    "profit_factor": 0.8281154466106931
  },
  "win009_tr20140701-20190630_te20190701-20190930_va20191001-20191231": {
    "cumulative_return_pct": -2.3510380956707637,
    "annualized_return_pct": -9.203773139625183,
    "max_drawdown_pct": 19.28776907804795,
    "sharpe": -0.16046082103216186,
    "win_rate_pct": 46.875,
    "profit_factor": 0.9795922485154687
  },
  "win010_tr20150101-20191231_te20200101-20200331_va20200401-20200630": {
    "cumulative_return_pct": 11.236124839157588,
    "annualized_return_pct": 54.80673606741251,
    "max_drawdown_pct": 32.25667798249729,
    "sharpe": 0.533947916435642,
    "win_rate_pct": 51.724137931034484,
    "profit_factor": 1.0814817573251971
  },
  "win011_tr20150701-20200630_te20200701-20200930_va20201001-20201231": {
    "cumulative_return_pct": -36.01473331794066,
    "annualized_return_pct": -83.66918208425611,
    "max_drawdown_pct": 51.171799513822236,
    "sharpe": -1.0357140121916537,
    "win_rate_pct": 38.46153846153847,
    "profit_factor": 0.7280957374439653
  },
  "win012_tr20160101-20201231_te20210101-20210331_va20210401-20210630": {
    "cumulative_return_pct": -30.776873137128234,
    "annualized_return_pct": -79.03320540799615,
    "max_drawdown_pct": 48.364643677368164,
    "sharpe": -0.922632561815246,
    "win_rate_pct": 44.827586206896555,
    "profit_factor": 0.7989485698376886
  },
  "win013_tr20160701-20210630_te20210701-20210930_va20211001-20211231": {
    "cumulative_return_pct": -35.29987412277884,
    "annualized_return_pct": -82.9159840546902,
    "max_drawdown_pct": 49.47610621195322,
    "sharpe": -0.8317400684427521,
    "win_rate_pct": 46.03174603174603,
    "profit_factor": 0.73514455446294
  },
  "win014_tr20170101-20211231_te20220101-20220331_va20220401-20220630": {
    "cumulative_return_pct": 1.3834752556231222,
    "annualized_return_pct": 6.009098963424142,
    "max_drawdown_pct": 46.90800507985603,
    "sharpe": 0.029450142954839404,
    "win_rate_pct": 41.37931034482759,
    "profit_factor": 1.01239507348627
  },
  "win015_tr20170701-20220630_te20220701-20220930_va20221001-20221231": {
    "cumulative_return_pct": -31.68333357721893,
    "annualized_return_pct": -79.4320197530591,
    "max_drawdown_pct": 46.51432274498528,
    "sharpe": -1.0191652637624375,
    "win_rate_pct": 43.75,
    "profit_factor": 0.7702549858101112
  },
  "win016_tr20180101-20221231_te20230101-20230331_va20230401-20230630": {
    "cumulative_return_pct": 9.914010129860928,
    "annualized_return_pct": 48.714063904688665,
    "max_drawdown_pct": 29.15560298964477,
    "sharpe": 0.5385181352118671,
    "win_rate_pct": 52.54237288135594,
    "profit_factor": 1.0855775268077612
  },
  "win017_tr20180701-20230630_te20230701-20230930_va20231001-20231231": {
    "cumulative_return_pct": -31.45847854259987,
    "annualized_return_pct": -79.52195238538167,
    "max_drawdown_pct": 39.23906816994191,
    "sharpe": -1.4453896133157542,
    "win_rate_pct": 40.625,
    "profit_factor": 0.6549460220237656
  },
  "win018_tr20190101-20231231_te20240101-20240331_va20240401-20240630": {
    "cumulative_return_pct": -34.61695087732657,
    "annualized_return_pct": -83.20144687203592,
    "max_drawdown_pct": 48.06813256509712,
    "sharpe": -1.0045461931065727,
    "win_rate_pct": 43.103448275862064,
    "profit_factor": 0.6589069133164942
  },
  "win019_tr20190701-20240630_te20240701-20240930_va20241001-20241231": {
    "cumulative_return_pct": 85.5894708337656,
    "annualized_return_pct": 1129.9258942291078,
    "max_drawdown_pct": 16.99766353148167,
    "sharpe": 11.996334611093367,
    "win_rate_pct": 47.61904761904761,
    "profit_factor": 1.8387181530241596
  },
  "win020_tr20200101-20241231_te20250101-20250331_va20250401-20250630": {
    "cumulative_return_pct": 29.126163454012037,
    "annualized_return_pct": 188.91640610906424,
    "max_drawdown_pct": 12.561949105680592,
    "sharpe": 2.5724251377372855,
    "win_rate_pct": 45.614035087719294,
    "profit_factor": 1.3303666511160037
  },
  "win021_tr20200701-20250630_te20250701-20250930_va20251001-20251231": {
    "cumulative_return_pct": -22.87560685457062,
    "annualized_return_pct": -65.15130186454724,
    "max_drawdown_pct": 37.896331924319796,
    "sharpe": -0.9942561614883986,
    "win_rate_pct": 40.0,
    "profit_factor": 0.7588382996493572
  }
}