{
  "size": 2,
  "models": "DLinear,iTransformer",
  "num_windows": 22,
  "mean_test_cumulative_return_pct": 3.9740375522246847,
  "std_test_cumulative_return_pct": 67.0194343397842,
  "min_test_cumulative_return_pct": -85.77261189086393,
  "max_test_cumulative_return_pct": 274.99202972926287,
  "mean_test_annualized_return_pct": 1009.4626334830322,
  "mean_test_max_drawdown_pct": 40.12548290858089,
  "mean_test_sharpe": 6.353126295098815,
  "mean_test_win_rate_pct": 48.23507582355132,
  "mean_test_profit_factor": 1.021914958924187
}