{
  "win000_tr20100101-20141231_te20150101-20150331_va20150401-20150630": {
    "cumulative_return_pct": 86.47914308415798,
    "annualized_return_pct": 1355.1714566568849,
    "max_drawdown_pct": 12.024914069591318,
    "sharpe": 22.64053074507183,
    "win_rate_pct": 64.91228070175438,
    "profit_factor": 2.253836397274914
  },
  "win001_tr20100701-20150630_te20150701-20150930_va20151001-20151231": {
    "cumulative_return_pct": -41.181114278917455,
    "annualized_return_pct": -88.39560995713998,
    "max_drawdown_pct": 69.31055456259013,
    "sharpe": -0.7174909512079234,
    "win_rate_pct": 55.55555555555556,
    "profit_factor": 0.8178078220559113
  },
  "win002_tr20110101-20151231_te20160101-20160331_va20160401-20160630": {
    "cumulative_return_pct": -5.653153961893171,
    "annualized_return_pct": -21.675325834404514,
    "max_drawdown_pct": 40.474317882316036,
    "sharpe": -0.26184085671967383,
    "win_rate_pct": 45.76271186440678,
    "profit_factor": 0.9551914514745732
  },
  "win003_tr20110701-20160630_te20160701-20160930_va20161001-20161231": {
    "cumulative_return_pct": -43.50331861763455,
    "annualized_return_pct": -90.65123383829598,
    "max_drawdown_pct": 51.01017326467103,
    "sharpe": -1.310051821754954,
    "win_rate_pct": 46.03174603174603,
    "profit_factor": 0.5569050673748577
  },
  "win004_tr20120101-20161231_te20170101-20170331_va20170401-20170630": {
    "cumulative_return_pct": 12.36727361520289,
    "annualized_return_pct": 63.15486686340381,
    "max_drawdown_pct": 19.11914593666813,
    "sharpe": 1.2578968454231407,
    "win_rate_pct": 61.016949152542374,
    "profit_factor": 1.2001555254046337
  },
  "win005_tr20120701-20170630_te20170701-20170930_va20171001-20171231": {
    "cumulative_return_pct": -12.002202724885697,
    "annualized_return_pct": -41.17980974797805,
    "max_drawdown_pct": 23.309090576264584,
    "sharpe": -0.9806524990602972,
    "win_rate_pct": 50.76923076923077,
    "profit_factor": 0.8002556192948564
  },
  "win006_tr20130101-20171231_te20180101-20180331_va20180401-20180630": {
    "cumulative_return_pct": 20.510969475760728,
    "annualized_return_pct": 118.86279242811719,
    "max_drawdown_pct": 27.256017906728008,
    "sharpe": 1.275012565224831,
    "win_rate_pct": 45.76271186440678,
    "profit_factor": 1.213985485788167
  },
  "win007_tr20130701-20180630_te20180701-20180930_va20181001-20181231": {
    "cumulative_return_pct": -43.49841690949475,
    "annualized_return_pct": -90.64786681814066,
    "max_drawdown_pct": 53.853090939268014,
    "sharpe": -1.3822434264468146,
    "win_rate_pct": 45.3125,
    "profit_factor": 0.6171711061525591
  },
  "win008_tr20140101-20181231_te20190101-20190331_va20190401-20190630": {
    "cumulative_return_pct": 22.01809513467767,
    "annualized_return_pct": 132.83689017511216,
    "max_drawdown_pct": 35.07846130030103,
    "sharpe": 1.5636444672035337,
    "win_rate_pct": 51.724137931034484,
    "profit_factor": 1.203183061847062
  },
  "win009_tr20140701-20190630_te20190701-20190930_va20191001-20191231": {
    "cumulative_return_pct": 7.028223018979723,
    "annualized_return_pct": 31.738888451904423,
    "max_drawdown_pct": 46.87667030419986,
    "sharpe": 0.3415421786396727,
    "win_rate_pct": 53.125,
    "profit_factor": 1.0749946149291079
  },
  "win010_tr20150101-20191231_te20200101-20200331_va20200401-20200630": {
    "cumulative_return_pct": -7.812878559589945,
    "annualized_return_pct": -28.38415751960931,
    "max_drawdown_pct": 49.211375856259096,
    "sharpe": -0.26594677888143314,
    "win_rate_pct": 46.55172413793103,
    "profit_factor": 0.9625898097922371
  },
  "win011_tr20150701-20200630_te20200701-20200930_va20201001-20201231": {
    "cumulative_return_pct": -85.77261189086393,
    "annualized_return_pct": -99.96343212834947,
    "max_drawdown_pct": 89.01669305357768,
    "sharpe": -0.8020749338958906,
    "win_rate_pct": 23.076923076923077,
    "profit_factor": 0.37658799177383545
  },
  "win012_tr20160101-20201231_te20210101-20210331_va20210401-20210630": {
    "cumulative_return_pct": -7.58832520707635,
    "annualized_return_pct": -28.478155516248126,
    "max_drawdown_pct": 50.93138593409624,
    "sharpe": -0.2640924345890522,
    "win_rate_pct": 55.172413793103445,
    "profit_factor": 0.9621982361188399
  },
  "win013_tr20160701-20210630_te20210701-20210930_va20211001-20211231": {
    "cumulative_return_pct": -3.0507331231832855,
    "annualized_return_pct": -11.815305473763171,
    "max_drawdown_pct": 41.88286630803131,
    "sharpe": -0.14095056425548652,
    "win_rate_pct": 47.61904761904761,
    "profit_factor": 0.9822265998988953
  },
  "win014_tr20170101-20211231_te20220101-20220331_va20220401-20220630": {
    "cumulative_return_pct": -17.39950412199887,
    "annualized_return_pct": -55.59645832562951,
    "max_drawdown_pct": 27.94211872374835,
    "sharpe": -0.6858151348822817,
    "win_rate_pct": 44.827586206896555,
    "profit_factor": 0.845118093376601
  },
  "win015_tr20170701-20220630_te20220701-20220930_va20221001-20221231": {
    "cumulative_return_pct": -17.700914031204405,
    "annualized_return_pct": -55.45066472687709,
    "max_drawdown_pct": 35.926319805205715,
    "sharpe": -0.6515097892186427,
    "win_rate_pct": 39.0625,
    "profit_factor": 0.8737914778132624
  },
  "win016_tr20180101-20221231_te20230101-20230331_va20230401-20230630": {
    "cumulative_return_pct": 10.809389661736693,
    "annualized_return_pct": 53.86672411195836,
    "max_drawdown_pct": 23.667914459259404,
    "sharpe": 0.6623027769657021,
    "win_rate_pct": 47.45762711864407,
    "profit_factor": 1.113633609568561
  },
  "win017_tr20180701-20230630_te20230701-20230930_va20231001-20231231": {
    "cumulative_return_pct": -6.169413866782643,
    "annualized_return_pct": -23.458973047383104,
    "max_drawdown_pct": 16.122014110492266,
    "sharpe": -0.411536767651351,
    "win_rate_pct": 50.0,
    "profit_factor": 0.936131213961197
  },
  "win018_tr20190101-20231231_te20240101-20240331_va20240401-20240630": {
    "cumulative_return_pct": -21.53562278726938,
    "annualized_return_pct": -63.875134937120656,
    "max_drawdown_pct": 44.871753771249985,
    "sharpe": -0.8601739926959109,
    "win_rate_pct": 39.6551724137931,
    "profit_factor": 0.7797743496943987
  },
  "win019_tr20190701-20240630_te20240701-20240930_va20241001-20241231": {
    "cumulative_return_pct": 274.99202972926287,
    "annualized_return_pct": 21258.59925466309,
    "max_drawdown_pct": 45.06318017822445,
    "sharpe": 122.4323441110034,
    "win_rate_pct": 49.2063492063492,
    "profit_factor": 2.313682792693625
  },
  "win020_tr20200101-20241231_te20250101-20250331_va20250401-20250630": {
    "cumulative_return_pct": -15.438123606008,
    "annualized_return_pct": -50.142183078941684,
    "max_drawdown_pct": 46.0142826494316,
    "sharpe": -0.6193559635459489,
    "win_rate_pct": 50.877192982456144,
    "profit_factor": 0.8784088545858574
  },
  "win021_tr20200701-20250630_te20250701-20250930_va20251001-20251231": {
    "cumulative_return_pct": -18.46996388403303,
    "annualized_return_pct": -56.3386257738864,
    "max_drawdown_pct": 33.79828239660533,
    "sharpe": -1.0507592825525038,
    "win_rate_pct": 47.69230769230769,
    "profit_factor": 0.764499915458161
  }
}