{
  "win000_tr20100101-20141231_te20150101-20150331_va20150401-20150630": {
    "cumulative_return_pct": 85.23565758772034,
    "annualized_return_pct": 1313.9313305780877,
    "max_drawdown_pct": 9.274298351916993,
    "sharpe": 22.162588553750812,
    "win_rate_pct": 64.91228070175438,
    "profit_factor": 2.2607750989348823
  },
  "win001_tr20100701-20150630_te20150701-20150930_va20151001-20151231": {
    "cumulative_return_pct": -59.846005246904724,
    "annualized_return_pct": -97.53510054285857,
    "max_drawdown_pct": 68.13557880240951,
    "sharpe": -0.7013926006758047,
    "win_rate_pct": 47.61904761904761,
    "profit_factor": 0.7084543567134047
  },
  "win002_tr20110101-20151231_te20160101-20160331_va20160401-20160630": {
    "cumulative_return_pct": -34.53479416429806,
    "annualized_return_pct": -83.1126508873845,
    "max_drawdown_pct": 45.35670031551185,
    "sharpe": -0.8013960316005251,
    "win_rate_pct": 45.76271186440678,
    "profit_factor": 0.7435185215637483
  },
  "win003_tr20110701-20160630_te20160701-20160930_va20161001-20161231": {
    "cumulative_return_pct": 25.634457732553663,
    "annualized_return_pct": 157.84440116182986,
    "max_drawdown_pct": 27.69072968602093,
    "sharpe": 2.0009717629978794,
    "win_rate_pct": 46.03174603174603,
    "profit_factor": 1.2542132757081355
  },
  "win004_tr20120101-20161231_te20170101-20170331_va20170401-20170630": {
    "cumulative_return_pct": 8.514711983519536,
    "annualized_return_pct": 40.925967594469405,
    "max_drawdown_pct": 24.62027737371729,
    "sharpe": 0.6381042141772107,
    "win_rate_pct": 57.6271186440678,
    "profit_factor": 1.1184909107195653
  },
  "win005_tr20120701-20170630_te20170701-20170930_va20171001-20171231": {
    "cumulative_return_pct": -55.063371166666656,
    "annualized_return_pct": -96.38511371140261,
    "max_drawdown_pct": 55.75175304253792,
    "sharpe": -1.863969000523615,
    "win_rate_pct": 43.07692307692308,
    "profit_factor": 0.30147855387453004
  },
  "win006_tr20130101-20171231_te20180101-20180331_va20180401-20180630": {
    "cumulative_return_pct": 0.7482634015807417,
    "annualized_return_pct": 3.179212185267044,
    "max_drawdown_pct": 45.18631053977663,
    "sharpe": 0.0016842103387879287,
    "win_rate_pct": 50.847457627118644,
    "profit_factor": 1.0069960472912807
  },
  "win007_tr20130701-20180630_te20180701-20180930_va20181001-20181231": {
    "cumulative_return_pct": -73.50166331614189,
    "annualized_return_pct": -99.59632715928028,
    "max_drawdown_pct": 73.88934746161277,
    "sharpe": -1.644610836622772,
    "win_rate_pct": 34.375,
    "profit_factor": 0.21642047438995332
  },
  "win008_tr20140101-20181231_te20190101-20190331_va20190401-20190630": {
    "cumulative_return_pct": 25.065019567492886,
    "annualized_return_pct": 158.55028077903387,
    "max_drawdown_pct": 45.545112557588496,
    "sharpe": 1.3867025368418189,
    "win_rate_pct": 48.275862068965516,
    "profit_factor": 1.1412570562562279
  },
  "win009_tr20140701-20190630_te20190701-20190930_va20191001-20191231": {
    "cumulative_return_pct": -15.605153415883693,
    "annualized_return_pct": -49.769734391078615,
    "max_drawdown_pct": 26.61268674500828,
    "sharpe": -0.887013084073083,
    "win_rate_pct": 50.0,
    "profit_factor": 0.8286532931427527
  },
  "win010_tr20150101-20191231_te20200101-20200331_va20200401-20200630": {
    "cumulative_return_pct": -20.527414036967187,
    "annualized_return_pct": -61.050784931237914,
    "max_drawdown_pct": 53.60914625031068,
    "sharpe": -0.594136957603338,
    "win_rate_pct": 46.55172413793103,
    "profit_factor": 0.9018127220333308
  },
  "win011_tr20150701-20200630_te20200701-20200930_va20201001-20201231": {
    "cumulative_return_pct": -25.60804166390812,
    "annualized_return_pct": -69.89700900211531,
    "max_drawdown_pct": 37.65466830602094,
    "sharpe": -1.0792468795021362,
    "win_rate_pct": 43.07692307692308,
    "profit_factor": 0.7689239823658834
  },
  "win012_tr20160101-20201231_te20210101-20210331_va20210401-20210630": {
    "cumulative_return_pct": -15.70096508539901,
    "annualized_return_pct": -51.5870336545751,
    "max_drawdown_pct": 49.266351663323135,
    "sharpe": -0.6526572645388939,
    "win_rate_pct": 46.55172413793103,
    "profit_factor": 0.8436268973062199
  },
  "win013_tr20160701-20210630_te20210701-20210930_va20211001-20211231": {
    "cumulative_return_pct": -68.49112055405298,
    "annualized_return_pct": -99.07854579360885,
    "max_drawdown_pct": 72.36611853187839,
    "sharpe": -0.8989951904935818,
    "win_rate_pct": 39.682539682539684,
    "profit_factor": 0.5234255799592343
  },
  "win014_tr20170101-20211231_te20220101-20220331_va20220401-20220630": {
    "cumulative_return_pct": -33.71715985681842,
    "annualized_return_pct": -82.56291451143359,
    "max_drawdown_pct": 42.902065114760575,
    "sharpe": -1.2844617104198497,
    "win_rate_pct": 48.275862068965516,
    "profit_factor": 0.6467249336981677
  },
  "win015_tr20170701-20220630_te20220701-20220930_va20221001-20221231": {
    "cumulative_return_pct": -40.390928057040796,
    "annualized_return_pct": -88.32065111322053,
    "max_drawdown_pct": 40.480891058007764,
    "sharpe": -1.1104230304361875,
    "win_rate_pct": 37.5,
    "profit_factor": 0.6618715928444929
  },
  "win016_tr20180101-20221231_te20230101-20230331_va20230401-20230630": {
    "cumulative_return_pct": -54.88977898968893,
    "annualized_return_pct": -96.46368544873266,
    "max_drawdown_pct": 57.67399751020993,
    "sharpe": -1.6176024723180116,
    "win_rate_pct": 30.508474576271187,
    "profit_factor": 0.3992381560968738
  },
  "win017_tr20180701-20230630_te20230701-20230930_va20231001-20231231": {
    "cumulative_return_pct": 0.7261551702697062,
    "annualized_return_pct": 3.084189520023317,
    "max_drawdown_pct": 30.986862175958912,
    "sharpe": 0.0011307753058783106,
    "win_rate_pct": 56.25,
    "profit_factor": 1.0064528983881948
  },
  "win018_tr20190101-20231231_te20240101-20240331_va20240401-20240630": {
    "cumulative_return_pct": -3.117489031577727,
    "annualized_return_pct": -12.450365608057146,
    "max_drawdown_pct": 34.793059479885166,
    "sharpe": -0.16233456491006498,
    "win_rate_pct": 44.827586206896555,
    "profit_factor": 0.9732268270763277
  },
  "win019_tr20190701-20240630_te20240701-20240930_va20241001-20241231": {
    "cumulative_return_pct": 8.913623053426575,
    "annualized_return_pct": 41.413851152085826,
    "max_drawdown_pct": 26.60894895686124,
    "sharpe": 0.4656891013362053,
    "win_rate_pct": 46.03174603174603,
    "profit_factor": 1.085101504435436
  },
  "win020_tr20200101-20241231_te20250101-20250331_va20250401-20250630": {
    "cumulative_return_pct": -37.062932357327234,
    "annualized_return_pct": -85.36651604284332,
    "max_drawdown_pct": 38.219836493761704,
    "sharpe": -1.5029446261264838,
    "win_rate_pct": 35.08771929824561,
    "profit_factor": 0.570580071603143
  },
  "win021_tr20200701-20250630_te20250701-20250930_va20251001-20251231": {
    "cumulative_return_pct": 23.507765684455098,
    "annualized_return_pct": 135.57320624297367,
    "max_drawdown_pct": 21.905997914136933,
    "sharpe": 1.5680516765184302,
    "win_rate_pct": 43.07692307692308,
    "profit_factor": 1.2329585780118442
  }
}