{
  "size": 1,
  "models": "TimeMixer",
  "num_windows": 22,
  "mean_test_cumulative_return_pct": -10.831004856099169,
  "std_test_cumulative_return_pct": 74.3242882880485,
  "min_test_cumulative_return_pct": -60.822729144837076,
  "max_test_cumulative_return_pct": 268.3610414706448,
  "mean_test_annualized_return_pct": 1020.8793134995277,
  "mean_test_max_drawdown_pct": 46.09382565772216,
  "mean_test_sharpe": 7.269839380063434,
  "mean_test_win_rate_pct": 46.838772682457325,
  "mean_test_profit_factor": 0.820354574077043
}