{
  "win000_tr20100101-20141231_te20150101-20150331_va20150401-20150630": {
    "cumulative_return_pct": -10.010555080383794,
    "annualized_return_pct": -36.443716374274906,
    "max_drawdown_pct": 39.172777826563895,
    "sharpe": -0.4817941427760359,
    "win_rate_pct": 50.877192982456144,
    "profit_factor": 0.8951940838058792
  },
  "win001_tr20100701-20150630_te20150701-20150930_va20151001-20151231": {
    "cumulative_return_pct": -31.323931542433996,
    "annualized_return_pct": -78.23783915186017,
    "max_drawdown_pct": 53.801729895581374,
    "sharpe": -0.5073733906056256,
    "win_rate_pct": 52.38095238095239,
    "profit_factor": 0.8510223966908065
  },
  "win002_tr20110101-20151231_te20160101-20160331_va20160401-20160630": {
    "cumulative_return_pct": -75.25664439661249,
    "annualized_return_pct": -99.71583416149966,
    "max_drawdown_pct": 74.82705079946696,
    "sharpe": -1.2284889203289668,
    "win_rate_pct": 37.28813559322034,
    "profit_factor": 0.2425833602560558
  },
  "win003_tr20110701-20160630_te20160701-20160930_va20161001-20161231": {
    "cumulative_return_pct": 33.331934663700544,
    "annualized_return_pct": 230.02575689281497,
    "max_drawdown_pct": 42.02267626599336,
    "sharpe": 2.8193418713442595,
    "win_rate_pct": 57.14285714285714,
    "profit_factor": 1.3329446177821804
  },
  "win004_tr20120101-20161231_te20170101-20170331_va20170401-20170630": {
    "cumulative_return_pct": -34.107750018530155,
    "annualized_return_pct": -82.64532154248052,
    "max_drawdown_pct": 44.15699283925275,
    "sharpe": -1.6319515522136319,
    "win_rate_pct": 52.54237288135594,
    "profit_factor": 0.5177641797436897
  },
  "win005_tr20120701-20170630_te20170701-20170930_va20171001-20171231": {
    "cumulative_return_pct": -27.553094648475074,
    "annualized_return_pct": -73.75764555666187,
    "max_drawdown_pct": 32.18553146661179,
    "sharpe": -1.2794936279837823,
    "win_rate_pct": 41.53846153846154,
    "profit_factor": 0.6949422891622375
  },
  "win006_tr20130101-20171231_te20180101-20180331_va20180401-20180630": {
    "cumulative_return_pct": 23.466355631540438,
    "annualized_return_pct": 142.29608687815238,
    "max_drawdown_pct": 35.78221181339032,
    "sharpe": 1.7392122915938406,
    "win_rate_pct": 45.76271186440678,
    "profit_factor": 1.283446899664411
  },
  "win007_tr20130701-20180630_te20180701-20180930_va20181001-20181231": {
    "cumulative_return_pct": -55.367348121904655,
    "annualized_return_pct": -96.48553187524399,
    "max_drawdown_pct": 62.561675565723405,
    "sharpe": -1.274008674752014,
    "win_rate_pct": 35.9375,
    "profit_factor": 0.5577177905850691
  },
  "win008_tr20140101-20181231_te20190101-20190331_va20190401-20190630": {
    "cumulative_return_pct": 12.051663887858298,
    "annualized_return_pct": 62.13775640329342,
    "max_drawdown_pct": 34.10900064947739,
    "sharpe": 0.5266044375832875,
    "win_rate_pct": 46.55172413793103,
    "profit_factor": 1.0858159526698328
  },
  "win009_tr20140701-20190630_te20190701-20190930_va20191001-20191231": {
    "cumulative_return_pct": -47.42740814644815,
    "annualized_return_pct": -92.64219085885279,
    "max_drawdown_pct": 48.85152712126246,
    "sharpe": -1.6076820746230043,
    "win_rate_pct": 39.0625,
    "profit_factor": 0.5376589640398449
  },
  "win010_tr20150101-20191231_te20200101-20200331_va20200401-20200630": {
    "cumulative_return_pct": -30.368604184796013,
    "annualized_return_pct": -77.35967107864721,
    "max_drawdown_pct": 68.48012238393734,
    "sharpe": -0.652761226948345,
    "win_rate_pct": 48.275862068965516,
    "profit_factor": 0.883208126987608
  },
  "win011_tr20150701-20200630_te20200701-20200930_va20201001-20201231": {
    "cumulative_return_pct": -37.97988146524759,
    "annualized_return_pct": -85.61108317090734,
    "max_drawdown_pct": 46.648839986218995,
    "sharpe": -1.0827458267629546,
    "win_rate_pct": 46.15384615384615,
    "profit_factor": 0.6991497057302271
  },
  "win012_tr20160101-20201231_te20210101-20210331_va20210401-20210630": {
    "cumulative_return_pct": -29.381714704593016,
    "annualized_return_pct": -77.17886927274603,
    "max_drawdown_pct": 48.87368904145856,
    "sharpe": -0.8018535025507875,
    "win_rate_pct": 48.275862068965516,
    "profit_factor": 0.7543880013596889
  },
  "win013_tr20160701-20210630_te20210701-20210930_va20211001-20211231": {
    "cumulative_return_pct": -50.36568579257238,
    "annualized_return_pct": -94.17384473686323,
    "max_drawdown_pct": 54.11773207143404,
    "sharpe": -0.8514274725332555,
    "win_rate_pct": 41.269841269841265,
    "profit_factor": 0.7054674091340045
  },
  "win014_tr20170101-20211231_te20220101-20220331_va20220401-20220630": {
    "cumulative_return_pct": 4.308645400874549,
    "annualized_return_pct": 19.62116883649827,
    "max_drawdown_pct": 33.08952639327579,
    "sharpe": 0.14202360584925347,
    "win_rate_pct": 51.724137931034484,
    "profit_factor": 1.0261702993697455
  },
  "win015_tr20170701-20220630_te20220701-20220930_va20221001-20221231": {
    "cumulative_return_pct": -7.766435099070904,
    "annualized_return_pct": -28.50603572821131,
    "max_drawdown_pct": 39.428665526387555,
    "sharpe": -0.3746400217861927,
    "win_rate_pct": 46.875,
    "profit_factor": 0.9286090731696545
  },
  "win016_tr20180101-20221231_te20230101-20230331_va20230401-20230630": {
    "cumulative_return_pct": -35.313805811101254,
    "annualized_return_pct": -83.94039320852106,
    "max_drawdown_pct": 42.880257717446135,
    "sharpe": -1.0764759189091953,
    "win_rate_pct": 40.67796610169492,
    "profit_factor": 0.6407254260726486
  },
  "win017_tr20180701-20230630_te20230701-20230930_va20231001-20231231": {
    "cumulative_return_pct": -4.142131772034266,
    "annualized_return_pct": -16.272466874404156,
    "max_drawdown_pct": 34.20800087989693,
    "sharpe": -0.28451420432093355,
    "win_rate_pct": 56.25,
    "profit_factor": 0.9547875477565119
  },
  "win018_tr20190101-20231231_te20240101-20240331_va20240401-20240630": {
    "cumulative_return_pct": -52.14738492180852,
    "annualized_return_pct": -95.46939992946712,
    "max_drawdown_pct": 55.05838710589997,
    "sharpe": -1.2061603694411753,
    "win_rate_pct": 39.6551724137931,
    "profit_factor": 0.48280847491082457
  },
  "win019_tr20190701-20240630_te20240701-20240930_va20241001-20241231": {
    "cumulative_return_pct": 22.996638554677645,
    "annualized_return_pct": 131.64169948481108,
    "max_drawdown_pct": 38.30308847914115,
    "sharpe": 1.4469586585151037,
    "win_rate_pct": 49.2063492063492,
    "profit_factor": 1.1774341223168698
  },
  "win020_tr20200101-20241231_te20250101-20250331_va20250401-20250630": {
    "cumulative_return_pct": -38.03170675004582,
    "annualized_return_pct": -86.27900885376486,
    "max_drawdown_pct": 52.24543507187134,
    "sharpe": -1.3360950422299493,
    "win_rate_pct": 29.82456140350877,
    "profit_factor": 0.5988140720041303
  },
  "win021_tr20200701-20250630_te20250701-20250930_va20251001-20251231": {
    "cumulative_return_pct": 23.058404254319402,
    "annualized_return_pct": 132.11414536396293,
    "max_drawdown_pct": 28.42032968485543,
    "sharpe": 2.1105481661951573,
    "win_rate_pct": 56.92307692307692,
    "profit_factor": 1.1883131447976927
  }
}