{
  "size": 4,
  "models": "FiLM,LightTS,PatchTST,iTransformer",
  "num_windows": 22,
  "mean_test_cumulative_return_pct": -12.940800471267426,
  "std_test_cumulative_return_pct": 52.17747071707498,
  "min_test_cumulative_return_pct": -63.17417995112543,
  "max_test_cumulative_return_pct": 158.50978344912286,
  "mean_test_annualized_return_pct": 237.71527379135966,
  "mean_test_max_drawdown_pct": 41.8333386026563,
  "mean_test_sharpe": 2.4306798960276743,
  "mean_test_win_rate_pct": 46.76495340194239,
  "mean_test_profit_factor": 0.9278355969192162
}