{
  "win000_tr20100101-20141231_te20150101-20150331_va20150401-20150630": {
    "cumulative_return_pct": 35.36808014129056,
    "annualized_return_pct": 267.3949196767839,
    "max_drawdown_pct": 13.518038578447001,
    "sharpe": 4.137030140479052,
    "win_rate_pct": 56.14035087719298,
    "profit_factor": 1.5210800045882586
  },
  "win001_tr20100701-20150630_te20150701-20150930_va20151001-20151231": {
    "cumulative_return_pct": -63.17417995112543,
    "annualized_return_pct": -98.26499020318877,
    "max_drawdown_pct": 62.764621301380295,
    "sharpe": -0.7128792519787182,
    "win_rate_pct": 55.55555555555556,
    "profit_factor": 0.6629120112736026
  },
  "win002_tr20110101-20151231_te20160101-20160331_va20160401-20160630": {
    "cumulative_return_pct": -53.04728040168837,
    "annualized_return_pct": -95.81648565094723,
    "max_drawdown_pct": 57.28178738993493,
    "sharpe": -0.9353144162404216,
    "win_rate_pct": 47.45762711864407,
    "profit_factor": 0.6360733990153697
  },
  "win003_tr20110701-20160630_te20160701-20160930_va20161001-20161231": {
    "cumulative_return_pct": 19.68224776192722,
    "annualized_return_pct": 110.7986106247925,
    "max_drawdown_pct": 25.15794282079199,
    "sharpe": 1.7591334944198218,
    "win_rate_pct": 60.317460317460316,
    "profit_factor": 1.2285930928102002
  },
  "win004_tr20120101-20161231_te20170101-20170331_va20170401-20170630": {
    "cumulative_return_pct": -11.279251013637602,
    "annualized_return_pct": -39.49441704293304,
    "max_drawdown_pct": 25.69829029291204,
    "sharpe": -0.6683671360240795,
    "win_rate_pct": 52.54237288135594,
    "profit_factor": 0.8739967659540558
  },
  "win005_tr20120701-20170630_te20170701-20170930_va20171001-20171231": {
    "cumulative_return_pct": -15.463710498217528,
    "annualized_return_pct": -50.204769011438955,
    "max_drawdown_pct": 37.97262224814049,
    "sharpe": -0.7734422301424531,
    "win_rate_pct": 47.69230769230769,
    "profit_factor": 0.8158655630226773
  },
  "win006_tr20130101-20171231_te20180101-20180331_va20180401-20180630": {
    "cumulative_return_pct": -37.683207020928734,
    "annualized_return_pct": -86.2692098943055,
    "max_drawdown_pct": 51.92558788281143,
    "sharpe": -0.8408908619325867,
    "win_rate_pct": 38.983050847457626,
    "profit_factor": 0.7316615625031668
  },
  "win007_tr20130701-20180630_te20180701-20180930_va20181001-20181231": {
    "cumulative_return_pct": -58.578519168339994,
    "annualized_return_pct": -97.42208352668726,
    "max_drawdown_pct": 58.64688079900142,
    "sharpe": -1.5849901363638261,
    "win_rate_pct": 39.0625,
    "profit_factor": 0.399029677648961
  },
  "win008_tr20140101-20181231_te20190101-20190331_va20190401-20190630": {
    "cumulative_return_pct": 20.493600143620604,
    "annualized_return_pct": 120.73009842416008,
    "max_drawdown_pct": 33.02480551999378,
    "sharpe": 1.325279459867605,
    "win_rate_pct": 44.827586206896555,
    "profit_factor": 1.1902069434468225
  },
  "win009_tr20140701-20190630_te20190701-20190930_va20191001-20191231": {
    "cumulative_return_pct": 95.20022287906347,
    "annualized_return_pct": 1409.6140234837874,
    "max_drawdown_pct": 22.660625608260176,
    "sharpe": 18.331889259828557,
    "win_rate_pct": 54.6875,
    "profit_factor": 2.1857397274554358
  },
  "win010_tr20150101-20191231_te20200101-20200331_va20200401-20200630": {
    "cumulative_return_pct": -25.14789274863119,
    "annualized_return_pct": -69.53916356202174,
    "max_drawdown_pct": 51.22551758789802,
    "sharpe": -0.5340061912597882,
    "win_rate_pct": 43.103448275862064,
    "profit_factor": 0.8824553087479992
  },
  "win011_tr20150701-20200630_te20200701-20200930_va20201001-20201231": {
    "cumulative_return_pct": -47.64927267168171,
    "annualized_return_pct": -92.76739570706366,
    "max_drawdown_pct": 61.23516597012439,
    "sharpe": -1.1631934240207515,
    "win_rate_pct": 50.76923076923077,
    "profit_factor": 0.5267954073234252
  },
  "win012_tr20160101-20201231_te20210101-20210331_va20210401-20210630": {
    "cumulative_return_pct": -29.456957121467436,
    "annualized_return_pct": -77.28196084984,
    "max_drawdown_pct": 39.62279933761606,
    "sharpe": -0.9233306915304857,
    "win_rate_pct": 48.275862068965516,
    "profit_factor": 0.7616966400967002
  },
  "win013_tr20160701-20210630_te20210701-20210930_va20211001-20211231": {
    "cumulative_return_pct": -59.98204387432388,
    "annualized_return_pct": -97.5688160629355,
    "max_drawdown_pct": 66.45139574418964,
    "sharpe": -0.887027050370949,
    "win_rate_pct": 38.095238095238095,
    "profit_factor": 0.6097933263654978
  },
  "win014_tr20170101-20211231_te20220101-20220331_va20220401-20220630": {
    "cumulative_return_pct": -51.772504146695084,
    "annualized_return_pct": -95.48223972370636,
    "max_drawdown_pct": 52.601399476344966,
    "sharpe": -1.0872835912513652,
    "win_rate_pct": 43.103448275862064,
    "profit_factor": 0.5791134517009104
  },
  "win015_tr20170701-20220630_te20220701-20220930_va20221001-20221231": {
    "cumulative_return_pct": -42.92518740878352,
    "annualized_return_pct": -90.24771764412122,
    "max_drawdown_pct": 49.82727816751502,
    "sharpe": -1.105753946210202,
    "win_rate_pct": 46.875,
    "profit_factor": 0.6774115095626055
  },
  "win016_tr20180101-20221231_te20230101-20230331_va20230401-20230630": {
    "cumulative_return_pct": -27.054560056806586,
    "annualized_return_pct": -73.40325855865434,
    "max_drawdown_pct": 39.12925873451194,
    "sharpe": -1.009991565631764,
    "win_rate_pct": 32.20338983050847,
    "profit_factor": 0.7475831410842396
  },
  "win017_tr20180701-20230630_te20230701-20230930_va20231001-20231231": {
    "cumulative_return_pct": -1.2636763145525243,
    "annualized_return_pct": -5.1990423855436285,
    "max_drawdown_pct": 29.721947603366672,
    "sharpe": -0.1472348661134158,
    "win_rate_pct": 53.125,
    "profit_factor": 0.9826042639543653
  },
  "win018_tr20190101-20231231_te20240101-20240331_va20240401-20240630": {
    "cumulative_return_pct": -29.175697627602183,
    "annualized_return_pct": -76.50237390153505,
    "max_drawdown_pct": 40.27464448012724,
    "sharpe": -1.0200749803960898,
    "win_rate_pct": 41.37931034482759,
    "profit_factor": 0.732009823568446
  },
  "win019_tr20190701-20240630_te20240701-20240930_va20241001-20241231": {
    "cumulative_return_pct": 158.50978344912286,
    "annualized_return_pct": 4620.2944744583265,
    "max_drawdown_pct": 26.436264770854823,
    "sharpe": 43.673603283191646,
    "win_rate_pct": 57.14285714285714,
    "profit_factor": 2.2883305941294685
  },
  "win020_tr20200101-20241231_te20250101-20250331_va20250401-20250630": {
    "cumulative_return_pct": -32.92207293533877,
    "annualized_return_pct": -80.93631108365136,
    "max_drawdown_pct": 35.132099184038665,
    "sharpe": -1.3953583060503028,
    "win_rate_pct": 42.10526315789473,
    "profit_factor": 0.6305230893819301
  },
  "win021_tr20200701-20250630_te20250701-20250930_va20251001-20251231": {
    "cumulative_return_pct": -27.375531783087588,
    "annualized_return_pct": -72.69586844936484,
    "max_drawdown_pct": 40.024475760177644,
    "sharpe": -0.9628392796606396,
    "win_rate_pct": 35.38461538461539,
    "profit_factor": 0.7489078285886178
  }
}