{
  "win000_tr20100101-20141231_te20150101-20150331_va20150401-20150630": {
    "cumulative_return_pct": 39.217764336665184,
    "annualized_return_pct": 314.44259682557885,
    "max_drawdown_pct": 27.357073534555067,
    "sharpe": 4.134267395667335,
    "win_rate_pct": 49.122807017543856,
    "profit_factor": 1.4431743108939663
  },
  "win001_tr20100701-20150630_te20150701-20150930_va20151001-20151231": {
    "cumulative_return_pct": -72.35199382165827,
    "annualized_return_pct": -99.45789219414594,
    "max_drawdown_pct": 69.23261635277761,
    "sharpe": -0.7289170451820938,
    "win_rate_pct": 49.2063492063492,
    "profit_factor": 0.5906190141360875
  },
  "win002_tr20110101-20151231_te20160101-20160331_va20160401-20160630": {
    "cumulative_return_pct": -1.26279239534582,
    "annualized_return_pct": -5.195479305886741,
    "max_drawdown_pct": 35.75532954761268,
    "sharpe": -0.0705609849481761,
    "win_rate_pct": 49.152542372881356,
    "profit_factor": 0.9921187920322353
  },
  "win003_tr20110701-20160630_te20160701-20160930_va20161001-20161231": {
    "cumulative_return_pct": 13.315888939869009,
    "annualized_return_pct": 68.01099696719939,
    "max_drawdown_pct": 29.942457527277906,
    "sharpe": 1.0094367683453123,
    "win_rate_pct": 53.96825396825397,
    "profit_factor": 1.161825784609998
  },
  "win004_tr20120101-20161231_te20170101-20170331_va20170401-20170630": {
    "cumulative_return_pct": -43.8448126159107,
    "annualized_return_pct": -91.13110352092933,
    "max_drawdown_pct": 59.134083685088335,
    "sharpe": -1.009611900383783,
    "win_rate_pct": 47.45762711864407,
    "profit_factor": 0.6301356349349084
  },
  "win005_tr20120701-20170630_te20170701-20170930_va20171001-20171231": {
    "cumulative_return_pct": 23.054991682764747,
    "annualized_return_pct": 136.57182470912167,
    "max_drawdown_pct": 14.601793210926168,
    "sharpe": 2.0596747998113574,
    "win_rate_pct": 55.38461538461539,
    "profit_factor": 1.2685158121342428
  },
  "win006_tr20130101-20171231_te20180101-20180331_va20180401-20180630": {
    "cumulative_return_pct": 57.20874377344549,
    "annualized_return_pct": 568.1336972872432,
    "max_drawdown_pct": 13.677864096806926,
    "sharpe": 6.343103637002569,
    "win_rate_pct": 54.23728813559322,
    "profit_factor": 1.4964782444788554
  },
  "win007_tr20130701-20180630_te20180701-20180930_va20181001-20181231": {
    "cumulative_return_pct": -57.747046128875,
    "annualized_return_pct": -97.20041097530301,
    "max_drawdown_pct": 60.4966353183456,
    "sharpe": -1.6516644805961347,
    "win_rate_pct": 35.9375,
    "profit_factor": 0.37904186324472633
  },
  "win008_tr20140101-20181231_te20190101-20190331_va20190401-20190630": {
    "cumulative_return_pct": -45.88708671275319,
    "annualized_return_pct": -92.63277082184825,
    "max_drawdown_pct": 53.55438923144822,
    "sharpe": -0.835430029721849,
    "win_rate_pct": 43.103448275862064,
    "profit_factor": 0.6846448678755758
  },
  "win009_tr20140701-20190630_te20190701-20190930_va20191001-20191231": {
    "cumulative_return_pct": 24.208953520795795,
    "annualized_return_pct": 141.04818394956777,
    "max_drawdown_pct": 20.40093535984895,
    "sharpe": 1.7766089011015438,
    "win_rate_pct": 48.4375,
    "profit_factor": 1.2159722194638187
  },
  "win010_tr20150101-20191231_te20200101-20200331_va20200401-20200630": {
    "cumulative_return_pct": -29.613911736971264,
    "annualized_return_pct": -76.33556002848628,
    "max_drawdown_pct": 52.11472508291825,
    "sharpe": -0.8236451287426722,
    "win_rate_pct": 48.275862068965516,
    "profit_factor": 0.796492265614107
  },
  "win011_tr20150701-20200630_te20200701-20200930_va20201001-20201231": {
    "cumulative_return_pct": -15.222934197867675,
    "annualized_return_pct": -48.84009093744236,
    "max_drawdown_pct": 40.107870200952924,
    "sharpe": -0.6565980544280475,
    "win_rate_pct": 43.07692307692308,
    "profit_factor": 0.8845615506122195
  },
  "win012_tr20160101-20201231_te20210101-20210331_va20210401-20210630": {
    "cumulative_return_pct": -51.239020159632474,
    "annualized_return_pct": -95.26614917066645,
    "max_drawdown_pct": 57.60366888097461,
    "sharpe": -1.277765080341826,
    "win_rate_pct": 41.37931034482759,
    "profit_factor": 0.5769989706302516
  },
  "win013_tr20160701-20210630_te20210701-20210930_va20211001-20211231": {
    "cumulative_return_pct": -42.06773735548637,
    "annualized_return_pct": -89.0893072561144,
    "max_drawdown_pct": 51.8431235084024,
    "sharpe": -0.8756787640528728,
    "win_rate_pct": 44.44444444444444,
    "profit_factor": 0.6751961580064746
  },
  "win014_tr20170101-20211231_te20220101-20220331_va20220401-20220630": {
    "cumulative_return_pct": 1.568918545592623,
    "annualized_return_pct": 6.835076869038281,
    "max_drawdown_pct": 36.450765905227435,
    "sharpe": 0.04617540594438674,
    "win_rate_pct": 43.103448275862064,
    "profit_factor": 1.0136587280215397
  },
  "win015_tr20170701-20220630_te20220701-20220930_va20221001-20221231": {
    "cumulative_return_pct": -33.25438348405832,
    "annualized_return_pct": -81.32525638298009,
    "max_drawdown_pct": 50.73569969117451,
    "sharpe": -0.998400036749003,
    "win_rate_pct": 46.875,
    "profit_factor": 0.7663046566134487
  },
  "win016_tr20180101-20221231_te20230101-20230331_va20230401-20230630": {
    "cumulative_return_pct": 46.48842618942336,
    "annualized_return_pct": 396.69300916634205,
    "max_drawdown_pct": 17.18382269803829,
    "sharpe": 4.935870413316721,
    "win_rate_pct": 55.932203389830505,
    "profit_factor": 1.4469571536511068
  },
  "win017_tr20180701-20230630_te20230701-20230930_va20231001-20231231": {
    "cumulative_return_pct": -2.633377669292979,
    "annualized_return_pct": -10.598990773718864,
    "max_drawdown_pct": 25.71320065309172,
    "sharpe": -0.24770201381285858,
    "win_rate_pct": 50.0,
    "profit_factor": 0.969790080295441
  },
  "win018_tr20190101-20231231_te20240101-20240331_va20240401-20240630": {
    "cumulative_return_pct": -5.293646430384891,
    "annualized_return_pct": -20.414671940615115,
    "max_drawdown_pct": 27.342058938322772,
    "sharpe": -0.26787472760656217,
    "win_rate_pct": 44.827586206896555,
    "profit_factor": 0.9555956992648186
  },
  "win019_tr20190701-20240630_te20240701-20240930_va20241001-20241231": {
    "cumulative_return_pct": 81.14391636002713,
    "annualized_return_pct": 1014.6702179415895,
    "max_drawdown_pct": 16.602999102442503,
    "sharpe": 11.88897691383811,
    "win_rate_pct": 47.61904761904761,
    "profit_factor": 1.9424019113757398
  },
  "win020_tr20200101-20241231_te20250101-20250331_va20250401-20250630": {
    "cumulative_return_pct": 64.21445551840583,
    "annualized_return_pct": 683.5733181731027,
    "max_drawdown_pct": 19.829005566124966,
    "sharpe": 8.964245548421523,
    "win_rate_pct": 50.877192982456144,
    "profit_factor": 1.5097633411863622
  },
  "win021_tr20200701-20250630_te20250701-20250930_va20251001-20251231": {
    "cumulative_return_pct": -10.181674275413284,
    "annualized_return_pct": -35.324552343243894,
    "max_drawdown_pct": 21.871512278103562,
    "sharpe": -0.5686486056409485,
    "win_rate_pct": 44.61538461538462,
    "profit_factor": 0.9017363445490256
  }
}