{
  "win000_tr20100101-20141231_te20150101-20150331_va20150401-20150630": {
    "cumulative_return_pct": 16.770062419404507,
    "annualized_return_pct": 94.68274866769436,
    "max_drawdown_pct": 14.013367671260218,
    "sharpe": 1.6113337512881605,
    "win_rate_pct": 49.122807017543856,
    "profit_factor": 1.2358893930654358
  },
  "win001_tr20100701-20150630_te20150701-20150930_va20151001-20151231": {
    "cumulative_return_pct": -34.91349545461567,
    "annualized_return_pct": -82.49814428150157,
    "max_drawdown_pct": 69.64072104945332,
    "sharpe": -0.705793054761309,
    "win_rate_pct": 53.96825396825397,
    "profit_factor": 0.8674414538058934
  },
  "win002_tr20110101-20151231_te20160101-20160331_va20160401-20160630": {
    "cumulative_return_pct": -21.562465279063918,
    "annualized_return_pct": -63.926989850279384,
    "max_drawdown_pct": 45.49097008834898,
    "sharpe": -0.6769367751638095,
    "win_rate_pct": 49.152542372881356,
    "profit_factor": 0.8030193892584961
  },
  "win003_tr20110701-20160630_te20160701-20160930_va20161001-20161231": {
    "cumulative_return_pct": -5.266188582177518,
    "annualized_return_pct": -20.11183521495663,
    "max_drawdown_pct": 24.462334054246078,
    "sharpe": -0.33645084349003773,
    "win_rate_pct": 49.2063492063492,
    "profit_factor": 0.9499551550612174
  },
  "win004_tr20120101-20161231_te20170101-20170331_va20170401-20170630": {
    "cumulative_return_pct": -8.50760359614105,
    "annualized_return_pct": -31.153226802617397,
    "max_drawdown_pct": 25.600970813463853,
    "sharpe": -0.6570557157794005,
    "win_rate_pct": 47.45762711864407,
    "profit_factor": 0.8834078870865277
  },
  "win005_tr20120701-20170630_te20170701-20170930_va20171001-20171231": {
    "cumulative_return_pct": -12.312381021112111,
    "annualized_return_pct": -42.0355885176764,
    "max_drawdown_pct": 32.73568133356196,
    "sharpe": -0.789447593435828,
    "win_rate_pct": 60.0,
    "profit_factor": 0.821678268599742
  },
  "win006_tr20130101-20171231_te20180101-20180331_va20180401-20180630": {
    "cumulative_return_pct": -2.484934466295608,
    "annualized_return_pct": -10.025373378015779,
    "max_drawdown_pct": 37.3915652598394,
    "sharpe": -0.15265773115919476,
    "win_rate_pct": 49.152542372881356,
    "profit_factor": 0.9723788704698969
  },
  "win007_tr20130701-20180630_te20180701-20180930_va20181001-20181231": {
    "cumulative_return_pct": -25.431698886148734,
    "annualized_return_pct": -70.41798726358044,
    "max_drawdown_pct": 39.06626256605901,
    "sharpe": -1.098909873183976,
    "win_rate_pct": 40.625,
    "profit_factor": 0.7540788922761272
  },
  "win008_tr20140101-20181231_te20190101-20190331_va20190401-20190630": {
    "cumulative_return_pct": -16.002963692048063,
    "annualized_return_pct": -52.319367743599265,
    "max_drawdown_pct": 43.64418575791728,
    "sharpe": -0.601915916452925,
    "win_rate_pct": 44.827586206896555,
    "profit_factor": 0.8671041364470161
  },
  "win009_tr20140701-20190630_te20190701-20190930_va20191001-20191231": {
    "cumulative_return_pct": -6.8478514757013995,
    "annualized_return_pct": -25.014995370816596,
    "max_drawdown_pct": 25.3910180209099,
    "sharpe": -0.3204976849428375,
    "win_rate_pct": 48.4375,
    "profit_factor": 0.9428442627543159
  },
  "win010_tr20150101-20191231_te20200101-20200331_va20200401-20200630": {
    "cumulative_return_pct": 3.075617567250016,
    "annualized_return_pct": 13.237719230132283,
    "max_drawdown_pct": 42.695074211728475,
    "sharpe": 0.09528548140873412,
    "win_rate_pct": 48.275862068965516,
    "profit_factor": 1.0173066942857312
  },
  "win011_tr20150701-20200630_te20200701-20200930_va20201001-20201231": {
    "cumulative_return_pct": -45.617209537458145,
    "annualized_return_pct": -91.55859884768452,
    "max_drawdown_pct": 52.08771948715012,
    "sharpe": -1.022231474822637,
    "win_rate_pct": 44.61538461538462,
    "profit_factor": 0.5872165953961714
  },
  "win012_tr20160101-20201231_te20210101-20210331_va20210401-20210630": {
    "cumulative_return_pct": -5.779103738620493,
    "annualized_return_pct": -22.339374261342225,
    "max_drawdown_pct": 46.4315453454861,
    "sharpe": -0.19392503317175386,
    "win_rate_pct": 46.55172413793103,
    "profit_factor": 0.9695648843926068
  },
  "win013_tr20160701-20210630_te20210701-20210930_va20211001-20211231": {
    "cumulative_return_pct": -28.360222182304444,
    "annualized_return_pct": -74.16743180819037,
    "max_drawdown_pct": 61.60625572265733,
    "sharpe": -0.7244973740327846,
    "win_rate_pct": 39.682539682539684,
    "profit_factor": 0.8087362784347597
  },
  "win014_tr20170101-20211231_te20220101-20220331_va20220401-20220630": {
    "cumulative_return_pct": -29.815925965187585,
    "annualized_return_pct": -77.7689015265972,
    "max_drawdown_pct": 48.92474138369123,
    "sharpe": -1.0578699741912239,
    "win_rate_pct": 43.103448275862064,
    "profit_factor": 0.7055802026181568
  },
  "win015_tr20170701-20220630_te20220701-20220930_va20221001-20221231": {
    "cumulative_return_pct": -31.326527126631813,
    "annualized_return_pct": -78.98247075615096,
    "max_drawdown_pct": 36.675257800114785,
    "sharpe": -1.3148399161603586,
    "win_rate_pct": 42.1875,
    "profit_factor": 0.7174549895038793
  },
  "win016_tr20180101-20221231_te20230101-20230331_va20230401-20230630": {
    "cumulative_return_pct": 21.633477055326196,
    "annualized_return_pct": 127.54980531708333,
    "max_drawdown_pct": 23.60761164141524,
    "sharpe": 1.9484552593289821,
    "win_rate_pct": 47.45762711864407,
    "profit_factor": 1.2425598898055672
  },
  "win017_tr20180701-20230630_te20230701-20230930_va20231001-20231231": {
    "cumulative_return_pct": -3.475434652388597,
    "annualized_return_pct": -13.800355241048933,
    "max_drawdown_pct": 21.79586154779748,
    "sharpe": -0.23809139780208674,
    "win_rate_pct": 48.4375,
    "profit_factor": 0.966884582919175
  },
  "win018_tr20190101-20231231_te20240101-20240331_va20240401-20240630": {
    "cumulative_return_pct": -20.408305757459882,
    "annualized_return_pct": -61.64557595217879,
    "max_drawdown_pct": 48.3297320873798,
    "sharpe": -0.5978051199867439,
    "win_rate_pct": 51.724137931034484,
    "profit_factor": 0.824053393388206
  },
  "win019_tr20190701-20240630_te20240701-20240930_va20241001-20241231": {
    "cumulative_return_pct": 101.84323032445732,
    "annualized_return_pct": 1629.2160051008175,
    "max_drawdown_pct": 34.08601930461428,
    "sharpe": 13.469009806695041,
    "win_rate_pct": 55.55555555555556,
    "profit_factor": 1.5051831849348656
  },
  "win020_tr20200101-20241231_te20250101-20250331_va20250401-20250630": {
    "cumulative_return_pct": -27.493644204305145,
    "annualized_return_pct": -73.66814886334447,
    "max_drawdown_pct": 33.42605086084716,
    "sharpe": -0.8313214017608311,
    "win_rate_pct": 36.84210526315789,
    "profit_factor": 0.7692566004084016
  },
  "win021_tr20200701-20250630_te20250701-20250930_va20251001-20251231": {
    "cumulative_return_pct": 10.830731787726142,
    "annualized_return_pct": 51.790985809197544,
    "max_drawdown_pct": 27.225477673230152,
    "sharpe": 0.9038866855800873,
    "win_rate_pct": 46.15384615384615,
    "profit_factor": 1.1281465030979172
  }
}