{
  "win000_tr20100101-20141231_te20150101-20150331_va20150401-20150630": {
    "cumulative_return_pct": 51.72951298558112,
    "annualized_return_pct": 499.8859847175007,
    "max_drawdown_pct": 29.250192177076805,
    "sharpe": 5.659800360111982,
    "win_rate_pct": 52.63157894736842,
    "profit_factor": 1.4379180900845856
  },
  "win001_tr20100701-20150630_te20150701-20150930_va20151001-20151231": {
    "cumulative_return_pct": -54.80860261083214,
    "annualized_return_pct": -96.01799926624666,
    "max_drawdown_pct": 56.363607809355706,
    "sharpe": -0.6911271376620253,
    "win_rate_pct": 58.730158730158735,
    "profit_factor": 0.6881447478203946
  },
  "win002_tr20110101-20151231_te20160101-20160331_va20160401-20160630": {
    "cumulative_return_pct": 7.449806590189295,
    "annualized_return_pct": 35.21033138099878,
    "max_drawdown_pct": 32.18136219238767,
    "sharpe": 0.3494373269605093,
    "win_rate_pct": 49.152542372881356,
    "profit_factor": 1.0610958642493074
  },
  "win003_tr20110701-20160630_te20160701-20160930_va20161001-20161231": {
    "cumulative_return_pct": 41.365340945944304,
    "annualized_return_pct": 320.73500212443014,
    "max_drawdown_pct": 23.402332554962058,
    "sharpe": 4.011663294550427,
    "win_rate_pct": 55.55555555555556,
    "profit_factor": 1.4078252637014366
  },
  "win004_tr20120101-20161231_te20170101-20170331_va20170401-20170630": {
    "cumulative_return_pct": 4.174366093646165,
    "annualized_return_pct": 18.73124364811849,
    "max_drawdown_pct": 27.524753349969327,
    "sharpe": 0.2317968580972165,
    "win_rate_pct": 50.847457627118644,
    "profit_factor": 1.0406714700540585
  },
  "win005_tr20120701-20170630_te20170701-20170930_va20171001-20171231": {
    "cumulative_return_pct": -28.606265062563903,
    "annualized_return_pct": -75.30515652690161,
    "max_drawdown_pct": 34.110707548398125,
    "sharpe": -1.4207376632279638,
    "win_rate_pct": 47.69230769230769,
    "profit_factor": 0.6214774746285708
  },
  "win006_tr20130101-20171231_te20180101-20180331_va20180401-20180630": {
    "cumulative_return_pct": -17.14523839115354,
    "annualized_return_pct": -54.59808045762185,
    "max_drawdown_pct": 56.20190965368169,
    "sharpe": -0.6355123301068285,
    "win_rate_pct": 52.54237288135594,
    "profit_factor": 0.7904900995887503
  },
  "win007_tr20130701-20180630_te20180701-20180930_va20181001-20181231": {
    "cumulative_return_pct": -31.871007069049778,
    "annualized_return_pct": -79.66552449363583,
    "max_drawdown_pct": 45.39451750295273,
    "sharpe": -1.2197823179826661,
    "win_rate_pct": 40.625,
    "profit_factor": 0.7137876095868676
  },
  "win008_tr20140101-20181231_te20190101-20190331_va20190401-20190630": {
    "cumulative_return_pct": -11.852686341737863,
    "annualized_return_pct": -41.48086848621314,
    "max_drawdown_pct": 47.769545087052244,
    "sharpe": -0.3997071160626159,
    "win_rate_pct": 53.44827586206896,
    "profit_factor": 0.9168293269852145
  },
  "win009_tr20140701-20190630_te20190701-20190930_va20191001-20191231": {
    "cumulative_return_pct": -1.2703307663394372,
    "annualized_return_pct": -5.056149034737811,
    "max_drawdown_pct": 42.856190367834266,
    "sharpe": -0.09550416968310683,
    "win_rate_pct": 43.75,
    "profit_factor": 0.9864389316038307
  },
  "win010_tr20150101-20191231_te20200101-20200331_va20200401-20200630": {
    "cumulative_return_pct": 9.145620361034478,
    "annualized_return_pct": 43.21066090943364,
    "max_drawdown_pct": 19.814641759175032,
    "sharpe": 0.4394797077215208,
    "win_rate_pct": 56.896551724137936,
    "profit_factor": 1.0685123807856542
  },
  "win011_tr20150701-20200630_te20200701-20200930_va20201001-20201231": {
    "cumulative_return_pct": 2.753021473937214,
    "annualized_return_pct": 11.651978538342567,
    "max_drawdown_pct": 33.89874139649229,
    "sharpe": 0.0862024379347063,
    "win_rate_pct": 43.07692307692308,
    "profit_factor": 1.0169209493958038
  },
  "win012_tr20160101-20201231_te20210101-20210331_va20210401-20210630": {
    "cumulative_return_pct": -31.074789392930906,
    "annualized_return_pct": -79.41377269519012,
    "max_drawdown_pct": 40.852151234848364,
    "sharpe": -0.7800109870951265,
    "win_rate_pct": 48.275862068965516,
    "profit_factor": 0.7658970717642553
  },
  "win013_tr20160701-20210630_te20210701-20210930_va20211001-20211231": {
    "cumulative_return_pct": -37.51574883592202,
    "annualized_return_pct": -85.16905261143586,
    "max_drawdown_pct": 54.269039396201954,
    "sharpe": -0.7511235000898975,
    "win_rate_pct": 41.269841269841265,
    "profit_factor": 0.6991871572931313
  },
  "win014_tr20170101-20211231_te20220101-20220331_va20220401-20220630": {
    "cumulative_return_pct": 55.47134233030187,
    "annualized_return_pct": 551.5636641778206,
    "max_drawdown_pct": 36.312790217398316,
    "sharpe": 5.675963946864607,
    "win_rate_pct": 46.55172413793103,
    "profit_factor": 1.4002141998235715
  },
  "win015_tr20170701-20220630_te20220701-20220930_va20221001-20221231": {
    "cumulative_return_pct": -53.20035672560677,
    "annualized_return_pct": -95.72122755713241,
    "max_drawdown_pct": 56.77817252527638,
    "sharpe": -1.619493329484445,
    "win_rate_pct": 35.9375,
    "profit_factor": 0.5113886057084673
  },
  "win016_tr20180101-20221231_te20230101-20230331_va20230401-20230630": {
    "cumulative_return_pct": 49.638412068039294,
    "annualized_return_pct": 443.0992254008997,
    "max_drawdown_pct": 23.87793132456057,
    "sharpe": 4.464111539748352,
    "win_rate_pct": 44.06779661016949,
    "profit_factor": 1.373402003012743
  },
  "win017_tr20180701-20230630_te20230701-20230930_va20231001-20231231": {
    "cumulative_return_pct": -14.539293174236942,
    "annualized_return_pct": -48.2944857498463,
    "max_drawdown_pct": 33.31074660384484,
    "sharpe": -0.9159543143974436,
    "win_rate_pct": 39.0625,
    "profit_factor": 0.8322176790215012
  },
  "win018_tr20190101-20231231_te20240101-20240331_va20240401-20240630": {
    "cumulative_return_pct": 73.81021353649902,
    "annualized_return_pct": 918.3622881534518,
    "max_drawdown_pct": 21.847783091593108,
    "sharpe": 9.335904646708647,
    "win_rate_pct": 56.896551724137936,
    "profit_factor": 1.508612534016458
  },
  "win019_tr20190701-20240630_te20240701-20240930_va20241001-20241231": {
    "cumulative_return_pct": 212.37570436481974,
    "annualized_return_pct": 10075.720427693117,
    "max_drawdown_pct": 23.446433270570814,
    "sharpe": 95.35824788229296,
    "win_rate_pct": 55.55555555555556,
    "profit_factor": 2.510163466398726
  },
  "win020_tr20200101-20241231_te20250101-20250331_va20250401-20250630": {
    "cumulative_return_pct": -30.89035351032885,
    "annualized_return_pct": -78.4228383407201,
    "max_drawdown_pct": 37.27269000317662,
    "sharpe": -1.0273896629952937,
    "win_rate_pct": 52.63157894736842,
    "profit_factor": 0.6852141230389435
  },
  "win021_tr20200701-20250630_te20250701-20250930_va20251001-20251231": {
    "cumulative_return_pct": -48.79488003022426,
    "annualized_return_pct": -93.38854824810205,
    "max_drawdown_pct": 46.94402985717111,
    "sharpe": -1.7280250866447104,
    "win_rate_pct": 35.38461538461539,
    "profit_factor": 0.4487819598459272
  }
}