{
  "win000_tr20100101-20141231_te20150101-20150331_va20150401-20150630": {
    "cumulative_return_pct": -8.515504871264927,
    "annualized_return_pct": -31.780596867804235,
    "max_drawdown_pct": 34.280440735280436,
    "sharpe": -0.4593308965536267,
    "win_rate_pct": 49.122807017543856,
    "profit_factor": 0.903964394526781
  },
  "win001_tr20100701-20150630_te20150701-20150930_va20151001-20151231": {
    "cumulative_return_pct": -27.227848752419792,
    "annualized_return_pct": -72.46983434384491,
    "max_drawdown_pct": 56.18286184561002,
    "sharpe": -0.5551569897775793,
    "win_rate_pct": 53.96825396825397,
    "profit_factor": 0.8744407951058709
  },
  "win002_tr20110101-20151231_te20160101-20160331_va20160401-20160630": {
    "cumulative_return_pct": -6.509259915835003,
    "annualized_return_pct": -24.616116072450435,
    "max_drawdown_pct": 35.6306835024062,
    "sharpe": -0.2655839596547927,
    "win_rate_pct": 50.847457627118644,
    "profit_factor": 0.9465542673357867
  },
  "win003_tr20110701-20160630_te20160701-20160930_va20161001-20161231": {
    "cumulative_return_pct": 91.65101494646866,
    "annualized_return_pct": 1387.9271911156704,
    "max_drawdown_pct": 14.43505207791337,
    "sharpe": 17.28921898390162,
    "win_rate_pct": 55.55555555555556,
    "profit_factor": 1.8959792714530779
  },
  "win004_tr20120101-20161231_te20170101-20170331_va20170401-20170630": {
    "cumulative_return_pct": -25.20976546846743,
    "annualized_return_pct": -70.46302140531682,
    "max_drawdown_pct": 36.04837207590395,
    "sharpe": -1.009166001705993,
    "win_rate_pct": 38.983050847457626,
    "profit_factor": 0.764491399723853
  },
  "win005_tr20120701-20170630_te20170701-20170930_va20171001-20171231": {
    "cumulative_return_pct": -36.595731144227436,
    "annualized_return_pct": -84.91034405706992,
    "max_drawdown_pct": 37.841672269156234,
    "sharpe": -1.5258063564811608,
    "win_rate_pct": 43.07692307692308,
    "profit_factor": 0.5827074670645577
  },
  "win006_tr20130101-20171231_te20180101-20180331_va20180401-20180630": {
    "cumulative_return_pct": -39.537127177176814,
    "annualized_return_pct": -87.90433883507478,
    "max_drawdown_pct": 55.910189139547214,
    "sharpe": -1.140451952619415,
    "win_rate_pct": 45.76271186440678,
    "profit_factor": 0.562789160046002
  },
  "win007_tr20130701-20180630_te20180701-20180930_va20181001-20181231": {
    "cumulative_return_pct": -42.71364216739409,
    "annualized_return_pct": -90.09681125030347,
    "max_drawdown_pct": 52.29137423559235,
    "sharpe": -1.4499766349857741,
    "win_rate_pct": 39.0625,
    "profit_factor": 0.581546505739935
  },
  "win008_tr20140101-20181231_te20190101-20190331_va20190401-20190630": {
    "cumulative_return_pct": 86.20396942949877,
    "annualized_return_pct": 1301.7421145755018,
    "max_drawdown_pct": 36.12336334198812,
    "sharpe": 10.801912847954124,
    "win_rate_pct": 58.620689655172406,
    "profit_factor": 1.4834446271404156
  },
  "win009_tr20140701-20190630_te20190701-20190930_va20191001-20191231": {
    "cumulative_return_pct": -62.240128233769674,
    "annualized_return_pct": -98.07934738104024,
    "max_drawdown_pct": 63.63718904628786,
    "sharpe": -0.9713179372170736,
    "win_rate_pct": 39.0625,
    "profit_factor": 0.4569115281756823
  },
  "win010_tr20150101-20191231_te20200101-20200331_va20200401-20200630": {
    "cumulative_return_pct": -1.7618892553822603,
    "annualized_return_pct": -7.035390836259392,
    "max_drawdown_pct": 47.66117435832181,
    "sharpe": -0.09586587957527223,
    "win_rate_pct": 48.275862068965516,
    "profit_factor": 0.9902551884337546
  },
  "win011_tr20150701-20200630_te20200701-20200930_va20201001-20201231": {
    "cumulative_return_pct": -15.360356621689489,
    "annualized_return_pct": -49.17581313297872,
    "max_drawdown_pct": 51.18831295950274,
    "sharpe": -0.5341270921338183,
    "win_rate_pct": 46.15384615384615,
    "profit_factor": 0.8937686718405848
  },
  "win012_tr20160101-20201231_te20210101-20210331_va20210401-20210630": {
    "cumulative_return_pct": -14.069132939442316,
    "annualized_return_pct": -47.47990524038642,
    "max_drawdown_pct": 40.09246193469008,
    "sharpe": -0.5001556470359009,
    "win_rate_pct": 46.55172413793103,
    "profit_factor": 0.8972852812362584
  },
  "win013_tr20160701-20210630_te20210701-20210930_va20211001-20211231": {
    "cumulative_return_pct": -30.176549698182995,
    "annualized_return_pct": -76.72416347918133,
    "max_drawdown_pct": 48.12750513583538,
    "sharpe": -0.7098199325547294,
    "win_rate_pct": 50.79365079365079,
    "profit_factor": 0.7789943734140478
  },
  "win014_tr20170101-20211231_te20220101-20220331_va20220401-20220630": {
    "cumulative_return_pct": 25.833277954559286,
    "annualized_return_pct": 165.3632727617416,
    "max_drawdown_pct": 27.067854609363994,
    "sharpe": 1.8580511320006798,
    "win_rate_pct": 44.827586206896555,
    "profit_factor": 1.1847189304497283
  },
  "win015_tr20170701-20220630_te20220701-20220930_va20221001-20221231": {
    "cumulative_return_pct": -20.149714726323204,
    "annualized_return_pct": -60.7000648044378,
    "max_drawdown_pct": 32.49258668483922,
    "sharpe": -0.9090304453726874,
    "win_rate_pct": 46.875,
    "profit_factor": 0.8106627787504451
  },
  "win016_tr20180101-20221231_te20230101-20230331_va20230401-20230630": {
    "cumulative_return_pct": 21.062875140321488,
    "annualized_return_pct": 123.10176684446468,
    "max_drawdown_pct": 25.39954440990884,
    "sharpe": 1.4339478558037262,
    "win_rate_pct": 52.54237288135594,
    "profit_factor": 1.1659493064303612
  },
  "win017_tr20180701-20230630_te20230701-20230930_va20231001-20231231": {
    "cumulative_return_pct": -37.667971291005195,
    "annualized_return_pct": -86.25511069452246,
    "max_drawdown_pct": 47.89636673805949,
    "sharpe": -1.2807341339058462,
    "win_rate_pct": 37.5,
    "profit_factor": 0.6486364311907756
  },
  "win018_tr20190101-20231231_te20240101-20240331_va20240401-20240630": {
    "cumulative_return_pct": 49.75933326761867,
    "annualized_return_pct": 444.94411633370794,
    "max_drawdown_pct": 27.851164384932346,
    "sharpe": 4.154394921518229,
    "win_rate_pct": 55.172413793103445,
    "profit_factor": 1.3207097993920336
  },
  "win019_tr20190701-20240630_te20240701-20240930_va20241001-20241231": {
    "cumulative_return_pct": 103.10316904429895,
    "annualized_return_pct": 1673.4417979339262,
    "max_drawdown_pct": 22.268784592566618,
    "sharpe": 17.671742662104126,
    "win_rate_pct": 52.38095238095239,
    "profit_factor": 1.807791674252597
  },
  "win020_tr20200101-20241231_te20250101-20250331_va20250401-20250630": {
    "cumulative_return_pct": -38.88049659817538,
    "annualized_return_pct": -87.04239456061094,
    "max_drawdown_pct": 40.32039784990633,
    "sharpe": -1.0439272872017102,
    "win_rate_pct": 45.614035087719294,
    "profit_factor": 0.6301208783654321
  },
  "win021_tr20200701-20250630_te20250701-20250930_va20251001-20251231": {
    "cumulative_return_pct": -21.69333563782573,
    "annualized_return_pct": -62.93194281924107,
    "max_drawdown_pct": 35.006158009450935,
    "sharpe": -0.8400851927870175,
    "win_rate_pct": 47.69230769230769,
    "profit_factor": 0.827230470241086
  }
}