{
  "size": 2,
  "models": "DLinear,PatchTST",
  "num_windows": 22,
  "mean_test_cumulative_return_pct": -18.932173548555635,
  "std_test_cumulative_return_pct": 31.54150172134932,
  "min_test_cumulative_return_pct": -73.72998296834272,
  "max_test_cumulative_return_pct": 53.0066415100253,
  "mean_test_annualized_return_pct": -6.462049708356282,
  "mean_test_max_drawdown_pct": 42.079996680441056,
  "mean_test_sharpe": 0.010046814711571832,
  "mean_test_win_rate_pct": 45.93380806203121,
  "mean_test_profit_factor": 0.8556140577117599
}