{
  "win000_tr20100101-20141231_te20150101-20150331_va20150401-20150630": {
    "cumulative_return_pct": 56.86625805007489,
    "annualized_return_pct": 592.1527066549188,
    "max_drawdown_pct": 12.401382678889352,
    "sharpe": 10.18591382312847,
    "win_rate_pct": 59.64912280701754,
    "profit_factor": 1.811085704226191
  },
  "win001_tr20100701-20150630_te20150701-20150930_va20151001-20151231": {
    "cumulative_return_pct": -56.257357004421785,
    "annualized_return_pct": -96.51122570606626,
    "max_drawdown_pct": 65.66766872522858,
    "sharpe": -0.6821689796522332,
    "win_rate_pct": 52.38095238095239,
    "profit_factor": 0.695866423049519
  },
  "win002_tr20110101-20151231_te20160101-20160331_va20160401-20160630": {
    "cumulative_return_pct": -49.25546126497785,
    "annualized_return_pct": -94.20380419943498,
    "max_drawdown_pct": 54.6064343597092,
    "sharpe": -1.1206845299523704,
    "win_rate_pct": 47.45762711864407,
    "profit_factor": 0.5385360347334047
  },
  "win003_tr20110701-20160630_te20160701-20160930_va20161001-20161231": {
    "cumulative_return_pct": -12.63000478027903,
    "annualized_return_pct": -42.90208132108597,
    "max_drawdown_pct": 32.69549270411494,
    "sharpe": -0.7981608239814864,
    "win_rate_pct": 50.79365079365079,
    "profit_factor": 0.8608954226042971
  },
  "win004_tr20120101-20161231_te20170101-20170331_va20170401-20170630": {
    "cumulative_return_pct": 42.851156026093705,
    "annualized_return_pct": 346.93539298852664,
    "max_drawdown_pct": 17.353820968812336,
    "sharpe": 6.535555297103023,
    "win_rate_pct": 61.016949152542374,
    "profit_factor": 1.7895108254474004
  },
  "win005_tr20120701-20170630_te20170701-20170930_va20171001-20171231": {
    "cumulative_return_pct": -24.09820968825355,
    "annualized_return_pct": -68.15964922330863,
    "max_drawdown_pct": 28.706068816198055,
    "sharpe": -1.4452582986353049,
    "win_rate_pct": 49.23076923076923,
    "profit_factor": 0.6615815122830031
  },
  "win006_tr20130101-20171231_te20180101-20180331_va20180401-20180630": {
    "cumulative_return_pct": -3.7315221476041014,
    "annualized_return_pct": -14.756412898210602,
    "max_drawdown_pct": 29.35885846285093,
    "sharpe": -0.21841853707484613,
    "win_rate_pct": 45.76271186440678,
    "profit_factor": 0.9613966461693455
  },
  "win007_tr20130701-20180630_te20180701-20180930_va20181001-20181231": {
    "cumulative_return_pct": -53.46354213597213,
    "annualized_return_pct": -95.82021888132121,
    "max_drawdown_pct": 63.83973376295346,
    "sharpe": -1.368095531672486,
    "win_rate_pct": 39.0625,
    "profit_factor": 0.5065235931035077
  },
  "win008_tr20140101-20181231_te20190101-20190331_va20190401-20190630": {
    "cumulative_return_pct": 16.646721297663753,
    "annualized_return_pct": 92.31531996341946,
    "max_drawdown_pct": 29.57551484544922,
    "sharpe": 0.8265418543447277,
    "win_rate_pct": 46.55172413793103,
    "profit_factor": 1.1266758685481375
  },
  "win009_tr20140701-20190630_te20190701-20190930_va20191001-20191231": {
    "cumulative_return_pct": -14.841903850160259,
    "annualized_return_pct": -47.90049216276867,
    "max_drawdown_pct": 28.54546343345476,
    "sharpe": -0.919611087048769,
    "win_rate_pct": 45.3125,
    "profit_factor": 0.8247607681369011
  },
  "win010_tr20150101-20191231_te20200101-20200331_va20200401-20200630": {
    "cumulative_return_pct": -52.103149925451596,
    "annualized_return_pct": -95.12470064282216,
    "max_drawdown_pct": 60.100567409086466,
    "sharpe": -0.8146657348845361,
    "win_rate_pct": 36.206896551724135,
    "profit_factor": 0.7049237506692645
  },
  "win011_tr20150701-20200630_te20200701-20200930_va20201001-20201231": {
    "cumulative_return_pct": -25.888708006142398,
    "annualized_return_pct": -70.35527265881214,
    "max_drawdown_pct": 26.41056027295588,
    "sharpe": -1.352196554341442,
    "win_rate_pct": 47.69230769230769,
    "profit_factor": 0.6917198412198481
  },
  "win012_tr20160101-20201231_te20210101-20210331_va20210401-20210630": {
    "cumulative_return_pct": -55.639664407276555,
    "annualized_return_pct": -96.83222610490603,
    "max_drawdown_pct": 61.53707156912467,
    "sharpe": -1.0806006316727959,
    "win_rate_pct": 36.206896551724135,
    "profit_factor": 0.5300605967869392
  },
  "win013_tr20160701-20210630_te20210701-20210930_va20211001-20211231": {
    "cumulative_return_pct": -39.54393396428797,
    "annualized_return_pct": -87.02790279886091,
    "max_drawdown_pct": 51.17472369768542,
    "sharpe": -0.8979269862628401,
    "win_rate_pct": 42.857142857142854,
    "profit_factor": 0.705581092996722
  },
  "win014_tr20170101-20211231_te20220101-20220331_va20220401-20220630": {
    "cumulative_return_pct": -33.86597766510604,
    "annualized_return_pct": -82.72858157063811,
    "max_drawdown_pct": 38.11034921652309,
    "sharpe": -1.484653130466127,
    "win_rate_pct": 51.724137931034484,
    "profit_factor": 0.5879888899668703
  },
  "win015_tr20170701-20220630_te20220701-20220930_va20221001-20221231": {
    "cumulative_return_pct": -12.452102228585211,
    "annualized_return_pct": -42.417975246167735,
    "max_drawdown_pct": 26.041303600774025,
    "sharpe": -0.6060977130152059,
    "win_rate_pct": 42.1875,
    "profit_factor": 0.8955853021785638
  },
  "win016_tr20180101-20221231_te20230101-20230331_va20230401-20230630": {
    "cumulative_return_pct": 10.004201093318057,
    "annualized_return_pct": 49.227046737422576,
    "max_drawdown_pct": 28.625428039501564,
    "sharpe": 0.695608725981186,
    "win_rate_pct": 47.45762711864407,
    "profit_factor": 1.1044385410315993
  },
  "win017_tr20180701-20230630_te20230701-20230930_va20231001-20231231": {
    "cumulative_return_pct": -27.28540763356448,
    "annualized_return_pct": -73.75484188137047,
    "max_drawdown_pct": 31.837161021630365,
    "sharpe": -0.9875114646062083,
    "win_rate_pct": 39.0625,
    "profit_factor": 0.7294371485529089
  },
  "win018_tr20190101-20231231_te20240101-20240331_va20240401-20240630": {
    "cumulative_return_pct": 11.51931543882098,
    "annualized_return_pct": 58.04791112267888,
    "max_drawdown_pct": 44.98258442723376,
    "sharpe": 0.5279757885112943,
    "win_rate_pct": 39.6551724137931,
    "profit_factor": 1.1000897717613425
  },
  "win019_tr20190701-20240630_te20240701-20240930_va20241001-20241231": {
    "cumulative_return_pct": 176.22633460368965,
    "annualized_return_pct": 6077.32975611542,
    "max_drawdown_pct": 19.9760022345922,
    "sharpe": 72.70530704207694,
    "win_rate_pct": 65.07936507936508,
    "profit_factor": 2.497278035177874
  },
  "win020_tr20200101-20241231_te20250101-20250331_va20250401-20250630": {
    "cumulative_return_pct": -6.67159862421559,
    "annualized_return_pct": -24.917220087884072,
    "max_drawdown_pct": 23.690827989794904,
    "sharpe": -0.2920313965368877,
    "win_rate_pct": 38.59649122807017,
    "profit_factor": 0.9380111809819769
  },
  "win021_tr20200701-20250630_te20250701-20250930_va20251001-20251231": {
    "cumulative_return_pct": 8.07875098119683,
    "annualized_return_pct": 37.06590992469068,
    "max_drawdown_pct": 27.03189140603931,
    "sharpe": 0.44790529568408344,
    "win_rate_pct": 46.15384615384615,
    "profit_factor": 1.0825084149077746
  }
}