{
  "win000_tr20100101-20141231_te20150101-20150331_va20150401-20150630": {
    "cumulative_return_pct": 24.11427014946493,
    "annualized_return_pct": 153.02150822228776,
    "max_drawdown_pct": 38.90195159399089,
    "sharpe": 1.951891889698382,
    "win_rate_pct": 54.385964912280706,
    "profit_factor": 1.2797658518282358
  },
  "win001_tr20100701-20150630_te20150701-20150930_va20151001-20151231": {
    "cumulative_return_pct": 16.772680609928212,
    "annualized_return_pct": 87.62609471371721,
    "max_drawdown_pct": 53.328155504599636,
    "sharpe": 0.6508606429945597,
    "win_rate_pct": 61.904761904761905,
    "profit_factor": 1.0605403722213715
  },
  "win002_tr20110101-20151231_te20160101-20160331_va20160401-20160630": {
    "cumulative_return_pct": 42.264504309677775,
    "annualized_return_pct": 339.2801423390315,
    "max_drawdown_pct": 25.36966292159995,
    "sharpe": 3.586494897437342,
    "win_rate_pct": 50.847457627118644,
    "profit_factor": 1.346717413806375
  },
  "win003_tr20110701-20160630_te20160701-20160930_va20161001-20161231": {
    "cumulative_return_pct": -11.026955247135868,
    "annualized_return_pct": -38.42651302298277,
    "max_drawdown_pct": 22.241843650692118,
    "sharpe": -0.6184849584970259,
    "win_rate_pct": 42.857142857142854,
    "profit_factor": 0.8777771825376629
  },
  "win004_tr20120101-20161231_te20170101-20170331_va20170401-20170630": {
    "cumulative_return_pct": -14.66269846801106,
    "annualized_return_pct": -48.60721765709965,
    "max_drawdown_pct": 36.57992305556345,
    "sharpe": -0.8809943567638739,
    "win_rate_pct": 47.45762711864407,
    "profit_factor": 0.8449944878931904
  },
  "win005_tr20120701-20170630_te20170701-20170930_va20171001-20171231": {
    "cumulative_return_pct": -49.40072102855362,
    "annualized_return_pct": -94.08396325786025,
    "max_drawdown_pct": 50.52346100860207,
    "sharpe": -2.043438180406178,
    "win_rate_pct": 38.46153846153847,
    "profit_factor": 0.38139255443387277
  },
  "win006_tr20130101-20171231_te20180101-20180331_va20180401-20180630": {
    "cumulative_return_pct": -50.61504975584348,
    "annualized_return_pct": -94.82839089439419,
    "max_drawdown_pct": 62.390214621420824,
    "sharpe": -1.1577178965690451,
    "win_rate_pct": 42.3728813559322,
    "profit_factor": 0.4701088520296387
  },
  "win007_tr20130701-20180630_te20180701-20180930_va20181001-20181231": {
    "cumulative_return_pct": -24.79797541419809,
    "annualized_return_pct": -69.36046026838525,
    "max_drawdown_pct": 43.29901499176761,
    "sharpe": -1.024221249290205,
    "win_rate_pct": 42.1875,
    "profit_factor": 0.7713158221519875
  },
  "win008_tr20140101-20181231_te20190101-20190331_va20190401-20190630": {
    "cumulative_return_pct": 28.061392004981663,
    "annualized_return_pct": 185.90066476827448,
    "max_drawdown_pct": 30.739865317093475,
    "sharpe": 1.707738906233644,
    "win_rate_pct": 50.0,
    "profit_factor": 1.1635193875683572
  },
  "win009_tr20140701-20190630_te20190701-20190930_va20191001-20191231": {
    "cumulative_return_pct": -8.779876719064928,
    "annualized_return_pct": -31.12928777992774,
    "max_drawdown_pct": 40.492235460946624,
    "sharpe": -0.4087980271719985,
    "win_rate_pct": 45.3125,
    "profit_factor": 0.9048372420942068
  },
  "win010_tr20150101-20191231_te20200101-20200331_va20200401-20200630": {
    "cumulative_return_pct": 63.66718771774866,
    "annualized_return_pct": 655.2384012329557,
    "max_drawdown_pct": 20.883565562126382,
    "sharpe": 6.671926789081184,
    "win_rate_pct": 56.896551724137936,
    "profit_factor": 1.3763356483607387
  },
  "win011_tr20150701-20200630_te20200701-20200930_va20201001-20201231": {
    "cumulative_return_pct": -80.27738616422113,
    "annualized_return_pct": -99.86236438962653,
    "max_drawdown_pct": 82.49193863741318,
    "sharpe": -0.8500792112044139,
    "win_rate_pct": 30.76923076923077,
    "profit_factor": 0.2729633021800723
  },
  "win012_tr20160101-20201231_te20210101-20210331_va20210401-20210630": {
    "cumulative_return_pct": -43.06106711713388,
    "annualized_return_pct": -90.85464339375172,
    "max_drawdown_pct": 50.0182168371072,
    "sharpe": -0.8665127330649064,
    "win_rate_pct": 46.55172413793103,
    "profit_factor": 0.7005855149728033
  },
  "win013_tr20160701-20210630_te20210701-20210930_va20211001-20211231": {
    "cumulative_return_pct": -23.14060606291947,
    "annualized_return_pct": -65.63469958938713,
    "max_drawdown_pct": 39.76505419449492,
    "sharpe": -0.6812190267867421,
    "win_rate_pct": 46.03174603174603,
    "profit_factor": 0.8271217843464853
  },
  "win014_tr20170101-20211231_te20220101-20220331_va20220401-20220630": {
    "cumulative_return_pct": 9.450663469791552,
    "annualized_return_pct": 46.74529537891215,
    "max_drawdown_pct": 30.426548209321307,
    "sharpe": 0.6613861992261448,
    "win_rate_pct": 43.103448275862064,
    "profit_factor": 1.0960384800251466
  },
  "win015_tr20170701-20220630_te20220701-20220930_va20221001-20221231": {
    "cumulative_return_pct": 28.584804556707244,
    "annualized_return_pct": 183.922024650909,
    "max_drawdown_pct": 26.851351727605692,
    "sharpe": 1.8035065658781189,
    "win_rate_pct": 46.875,
    "profit_factor": 1.2115161498543612
  },
  "win016_tr20180101-20221231_te20230101-20230331_va20230401-20230630": {
    "cumulative_return_pct": -11.76035043037918,
    "annualized_return_pct": -40.85997049078113,
    "max_drawdown_pct": 36.62932619417139,
    "sharpe": -0.5718961368840021,
    "win_rate_pct": 44.06779661016949,
    "profit_factor": 0.9106717170897091
  },
  "win017_tr20180701-20230630_te20230701-20230930_va20231001-20231231": {
    "cumulative_return_pct": -1.7071511959865455,
    "annualized_return_pct": -6.9738672441961524,
    "max_drawdown_pct": 20.966655370082094,
    "sharpe": -0.19180010708881803,
    "win_rate_pct": 43.75,
    "profit_factor": 0.9782934146818791
  },
  "win018_tr20190101-20231231_te20240101-20240331_va20240401-20240630": {
    "cumulative_return_pct": 13.319566142682707,
    "annualized_return_pct": 69.03901908707365,
    "max_drawdown_pct": 25.13501120634063,
    "sharpe": 0.6136454062531412,
    "win_rate_pct": 48.275862068965516,
    "profit_factor": 1.0821901783409003
  },
  "win019_tr20190701-20240630_te20240701-20240930_va20241001-20241231": {
    "cumulative_return_pct": 308.96935565000246,
    "annualized_return_pct": 30270.016677855794,
    "max_drawdown_pct": 32.303972438016835,
    "sharpe": 212.53099189795054,
    "win_rate_pct": 47.61904761904761,
    "profit_factor": 2.2668206837753857
  },
  "win020_tr20200101-20241231_te20250101-20250331_va20250401-20250630": {
    "cumulative_return_pct": -18.177378139117735,
    "annualized_return_pct": -56.511435610567716,
    "max_drawdown_pct": 39.46123298544282,
    "sharpe": -0.6640398696914733,
    "win_rate_pct": 50.877192982456144,
    "profit_factor": 0.8667220561886383
  },
  "win021_tr20200701-20250630_te20250701-20250930_va20251001-20251231": {
    "cumulative_return_pct": -27.719304772311183,
    "annualized_return_pct": -73.21660744597317,
    "max_drawdown_pct": 28.402561782130963,
    "sharpe": -1.0995071888802312,
    "win_rate_pct": 43.07692307692308,
    "profit_factor": 0.698545956021027
  }
}