{
  "win000_tr20100101-20141231_te20150101-20150331_va20150401-20150630": {
    "cumulative_return_pct": 50.18497981365416,
    "annualized_return_pct": 474.08270382851435,
    "max_drawdown_pct": 13.089591483780671,
    "sharpe": 7.289779920637241,
    "win_rate_pct": 54.385964912280706,
    "profit_factor": 1.7013804007533042
  },
  "win001_tr20100701-20150630_te20150701-20150930_va20151001-20151231": {
    "cumulative_return_pct": -72.36400875465166,
    "annualized_return_pct": -99.458847631686,
    "max_drawdown_pct": 82.8792003422914,
    "sharpe": -0.6954359652404845,
    "win_rate_pct": 46.03174603174603,
    "profit_factor": 0.7169537291338771
  },
  "win002_tr20110101-20151231_te20160101-20160331_va20160401-20160630": {
    "cumulative_return_pct": -44.177417615282614,
    "annualized_return_pct": -91.3495597128628,
    "max_drawdown_pct": 51.49752461894551,
    "sharpe": -1.0402758719975,
    "win_rate_pct": 49.152542372881356,
    "profit_factor": 0.5919351495746381
  },
  "win003_tr20110701-20160630_te20160701-20160930_va20161001-20161231": {
    "cumulative_return_pct": -7.381148181976134,
    "annualized_return_pct": -27.258281090642487,
    "max_drawdown_pct": 33.02070748460098,
    "sharpe": -0.4721254943270097,
    "win_rate_pct": 49.2063492063492,
    "profit_factor": 0.9044678855008577
  },
  "win004_tr20120101-20161231_te20170101-20170331_va20170401-20170630": {
    "cumulative_return_pct": 62.34745241401733,
    "annualized_return_pct": 664.7300754024236,
    "max_drawdown_pct": 13.037901473287002,
    "sharpe": 11.233493924348506,
    "win_rate_pct": 64.40677966101694,
    "profit_factor": 2.261843920743558
  },
  "win005_tr20120701-20170630_te20170701-20170930_va20171001-20171231": {
    "cumulative_return_pct": -37.78185498739119,
    "annualized_return_pct": -86.0479282357171,
    "max_drawdown_pct": 41.37043707536107,
    "sharpe": -1.5187583978041366,
    "win_rate_pct": 46.15384615384615,
    "profit_factor": 0.5218760830924801
  },
  "win006_tr20130101-20171231_te20180101-20180331_va20180401-20180630": {
    "cumulative_return_pct": 51.98277220729744,
    "annualized_return_pct": 479.7261375285962,
    "max_drawdown_pct": 19.501371825801613,
    "sharpe": 6.40446883636283,
    "win_rate_pct": 52.54237288135594,
    "profit_factor": 1.6807268418284986
  },
  "win007_tr20130701-20180630_te20180701-20180930_va20181001-20181231": {
    "cumulative_return_pct": -45.73401876711037,
    "annualized_return_pct": -92.09068351821274,
    "max_drawdown_pct": 52.13805495515436,
    "sharpe": -1.416411168746545,
    "win_rate_pct": 39.0625,
    "profit_factor": 0.5719881894466927
  },
  "win008_tr20140101-20181231_te20190101-20190331_va20190401-20190630": {
    "cumulative_return_pct": 1.8209556503120812,
    "annualized_return_pct": 7.965545918361583,
    "max_drawdown_pct": 30.718939691882575,
    "sharpe": 0.04915368699744457,
    "win_rate_pct": 43.103448275862064,
    "profit_factor": 1.0133156642435852
  },
  "win009_tr20140701-20190630_te20190701-20190930_va20191001-20191231": {
    "cumulative_return_pct": -25.55745066520858,
    "annualized_return_pct": -69.81384100652193,
    "max_drawdown_pct": 37.93487776475508,
    "sharpe": -1.2812873422785427,
    "win_rate_pct": 40.625,
    "profit_factor": 0.6849806793515487
  },
  "win010_tr20150101-20191231_te20200101-20200331_va20200401-20200630": {
    "cumulative_return_pct": -28.214115601288164,
    "annualized_return_pct": -74.34370219979016,
    "max_drawdown_pct": 53.41479669818918,
    "sharpe": -0.7802041115965548,
    "win_rate_pct": 50.0,
    "profit_factor": 0.8309339966879554
  },
  "win011_tr20150701-20200630_te20200701-20200930_va20201001-20201231": {
    "cumulative_return_pct": -9.702252520170958,
    "annualized_return_pct": -33.91206928084923,
    "max_drawdown_pct": 32.03101471445527,
    "sharpe": -0.5492535948405862,
    "win_rate_pct": 44.61538461538462,
    "profit_factor": 0.9083715208306296
  },
  "win012_tr20160101-20201231_te20210101-20210331_va20210401-20210630": {
    "cumulative_return_pct": -15.345249356365775,
    "annualized_return_pct": -50.71344209051662,
    "max_drawdown_pct": 51.70795427213317,
    "sharpe": -0.5522505082605018,
    "win_rate_pct": 44.827586206896555,
    "profit_factor": 0.8639429806266363
  },
  "win013_tr20160701-20210630_te20210701-20210930_va20211001-20211231": {
    "cumulative_return_pct": -33.33158817872579,
    "annualized_return_pct": -80.70658478461736,
    "max_drawdown_pct": 53.69048813976022,
    "sharpe": -0.7819488282244345,
    "win_rate_pct": 39.682539682539684,
    "profit_factor": 0.7677322756874825
  },
  "win014_tr20170101-20211231_te20220101-20220331_va20220401-20220630": {
    "cumulative_return_pct": -6.72085490806828,
    "annualized_return_pct": -25.582992270295414,
    "max_drawdown_pct": 39.12279802610589,
    "sharpe": -0.4450263218383672,
    "win_rate_pct": 46.55172413793103,
    "profit_factor": 0.9220450604802258
  },
  "win015_tr20170701-20220630_te20220701-20220930_va20221001-20221231": {
    "cumulative_return_pct": -34.07155412801688,
    "annualized_return_pct": -82.25608373808444,
    "max_drawdown_pct": 31.547144967641433,
    "sharpe": -1.1633092660791395,
    "win_rate_pct": 43.75,
    "profit_factor": 0.6909154018247187
  },
  "win016_tr20180101-20221231_te20230101-20230331_va20230401-20230630": {
    "cumulative_return_pct": -23.176242635123618,
    "annualized_return_pct": -66.94183772729076,
    "max_drawdown_pct": 34.18221082792503,
    "sharpe": -1.0547907854751584,
    "win_rate_pct": 37.28813559322034,
    "profit_factor": 0.7605615826254862
  },
  "win017_tr20180701-20230630_te20230701-20230930_va20231001-20231231": {
    "cumulative_return_pct": 24.970235830287052,
    "annualized_return_pct": 154.92989521850248,
    "max_drawdown_pct": 25.776791634265706,
    "sharpe": 1.8338686556581905,
    "win_rate_pct": 51.5625,
    "profit_factor": 1.2147728029149505
  },
  "win018_tr20190101-20231231_te20240101-20240331_va20240401-20240630": {
    "cumulative_return_pct": 21.975130897961137,
    "annualized_return_pct": 130.24525369380262,
    "max_drawdown_pct": 38.23960124575415,
    "sharpe": 1.1095931594486959,
    "win_rate_pct": 48.275862068965516,
    "profit_factor": 1.1562458863641158
  },
  "win019_tr20190701-20240630_te20240701-20240930_va20241001-20241231": {
    "cumulative_return_pct": 251.0979837660525,
    "annualized_return_pct": 16250.460725673101,
    "max_drawdown_pct": 19.092236639685215,
    "sharpe": 157.30428133483704,
    "win_rate_pct": 60.317460317460316,
    "profit_factor": 2.75465527874889
  },
  "win020_tr20200101-20241231_te20250101-20250331_va20250401-20250630": {
    "cumulative_return_pct": 43.45845099907315,
    "annualized_return_pct": 347.2007449628058,
    "max_drawdown_pct": 22.320390793338863,
    "sharpe": 3.231024306713719,
    "win_rate_pct": 42.10526315789473,
    "profit_factor": 1.351563387931171
  },
  "win021_tr20200701-20250630_te20250701-20250930_va20251001-20251231": {
    "cumulative_return_pct": -10.060866792620404,
    "annualized_return_pct": -34.9707919696901,
    "max_drawdown_pct": 22.888691794880557,
    "sharpe": -0.4934108538722311,
    "win_rate_pct": 43.07692307692308,
    "profit_factor": 0.8966562084684765
  }
}