{
  "size": 6,
  "models": "FiLM,FreTS,LightTS,PatchTST,WPMixer,iTransformer",
  "num_windows": 22,
  "mean_test_cumulative_return_pct": -14.91593984431917,
  "std_test_cumulative_return_pct": 33.694375078152625,
  "min_test_cumulative_return_pct": -77.48663176591951,
  "max_test_cumulative_return_pct": 50.59775015081321,
  "mean_test_annualized_return_pct": 9.412340992202319,
  "mean_test_max_drawdown_pct": 40.03285164970779,
  "mean_test_sharpe": 0.03475808092047224,
  "mean_test_win_rate_pct": 45.989813312573936,
  "mean_test_profit_factor": 0.8875063797980961
}