{
  "win000_tr20100101-20141231_te20150101-20150331_va20150401-20150630": {
    "cumulative_return_pct": 8.780303139809636,
    "annualized_return_pct": 43.56832633996215,
    "max_drawdown_pct": 24.203736839191052,
    "sharpe": 0.5987623419416552,
    "win_rate_pct": 47.368421052631575,
    "profit_factor": 1.1089678344578329
  },
  "win001_tr20100701-20150630_te20150701-20150930_va20151001-20151231": {
    "cumulative_return_pct": -77.48663176591951,
    "annualized_return_pct": -99.76450179908035,
    "max_drawdown_pct": 80.12028746291573,
    "sharpe": -0.7410552385162692,
    "win_rate_pct": 52.38095238095239,
    "profit_factor": 0.607487028847988
  },
  "win002_tr20110101-20151231_te20160101-20160331_va20160401-20160630": {
    "cumulative_return_pct": -14.760279271686763,
    "annualized_return_pct": -48.85348361901289,
    "max_drawdown_pct": 28.30299368407764,
    "sharpe": -0.5045594982690542,
    "win_rate_pct": 54.23728813559322,
    "profit_factor": 0.8974921489198529
  },
  "win003_tr20110701-20160630_te20160701-20160930_va20161001-20161231": {
    "cumulative_return_pct": 17.77864910732566,
    "annualized_return_pct": 97.22712276209127,
    "max_drawdown_pct": 36.190767113408654,
    "sharpe": 1.4106206128717058,
    "win_rate_pct": 60.317460317460316,
    "profit_factor": 1.2243483168438054
  },
  "win004_tr20120101-20161231_te20170101-20170331_va20170401-20170630": {
    "cumulative_return_pct": 18.255389294165095,
    "annualized_return_pct": 102.17264992722339,
    "max_drawdown_pct": 17.03764991496754,
    "sharpe": 1.5448837747393283,
    "win_rate_pct": 57.6271186440678,
    "profit_factor": 1.2349169256887107
  },
  "win005_tr20120701-20170630_te20170701-20170930_va20171001-20171231": {
    "cumulative_return_pct": 3.369761968615558,
    "annualized_return_pct": 14.7469816313494,
    "max_drawdown_pct": 27.78935285008321,
    "sharpe": 0.17011170151099717,
    "win_rate_pct": 50.76923076923077,
    "profit_factor": 1.0391214591362956
  },
  "win006_tr20130101-20171231_te20180101-20180331_va20180401-20180630": {
    "cumulative_return_pct": 1.2653564877876546,
    "annualized_return_pct": 5.4208096814095885,
    "max_drawdown_pct": 42.183910082451575,
    "sharpe": 0.024580608675476914,
    "win_rate_pct": 44.06779661016949,
    "profit_factor": 1.0094447974829623
  },
  "win007_tr20130701-20180630_te20180701-20180930_va20181001-20181231": {
    "cumulative_return_pct": -60.62970930217948,
    "annualized_return_pct": -97.91205160122347,
    "max_drawdown_pct": 61.60488404605701,
    "sharpe": -1.622967990215884,
    "win_rate_pct": 34.375,
    "profit_factor": 0.36948769458192465
  },
  "win008_tr20140101-20181231_te20190101-20190331_va20190401-20190630": {
    "cumulative_return_pct": 44.50862658078894,
    "annualized_return_pct": 377.6213478466513,
    "max_drawdown_pct": 38.847457756586046,
    "sharpe": 3.9692745248015338,
    "win_rate_pct": 46.55172413793103,
    "profit_factor": 1.4011684743412718
  },
  "win009_tr20140701-20190630_te20190701-20190930_va20191001-20191231": {
    "cumulative_return_pct": 25.43022828185307,
    "annualized_return_pct": 150.81238607100528,
    "max_drawdown_pct": 19.846611991892882,
    "sharpe": 2.3396341231085325,
    "win_rate_pct": 50.0,
    "profit_factor": 1.2665755509532945
  },
  "win010_tr20150101-20191231_te20200101-20200331_va20200401-20200630": {
    "cumulative_return_pct": -54.65050914418031,
    "annualized_return_pct": -96.10420275776673,
    "max_drawdown_pct": 55.18765778476653,
    "sharpe": -0.9216883033903612,
    "win_rate_pct": 41.37931034482759,
    "profit_factor": 0.5377826513844076
  },
  "win011_tr20150701-20200630_te20200701-20200930_va20201001-20201231": {
    "cumulative_return_pct": -42.76594655074382,
    "annualized_return_pct": -89.61321365250305,
    "max_drawdown_pct": 53.68059614662766,
    "sharpe": -1.2250449419298708,
    "win_rate_pct": 40.0,
    "profit_factor": 0.5815541849826363
  },
  "win012_tr20160101-20201231_te20210101-20210331_va20210401-20210630": {
    "cumulative_return_pct": -48.525933052810124,
    "annualized_return_pct": -94.04215145814366,
    "max_drawdown_pct": 58.47149955471826,
    "sharpe": -1.1452634905493075,
    "win_rate_pct": 44.827586206896555,
    "profit_factor": 0.5892559867796273
  },
  "win013_tr20160701-20210630_te20210701-20210930_va20211001-20211231": {
    "cumulative_return_pct": -44.33906707458516,
    "annualized_return_pct": -90.7240363893116,
    "max_drawdown_pct": 54.328606019999235,
    "sharpe": -0.9865863568042983,
    "win_rate_pct": 39.682539682539684,
    "profit_factor": 0.6586971642598535
  },
  "win014_tr20170101-20211231_te20220101-20220331_va20220401-20220630": {
    "cumulative_return_pct": -18.372906927138825,
    "annualized_return_pct": -57.776697331908814,
    "max_drawdown_pct": 40.973934878106604,
    "sharpe": -0.7690129125428122,
    "win_rate_pct": 48.275862068965516,
    "profit_factor": 0.8377092229626201
  },
  "win015_tr20170701-20220630_te20220701-20220930_va20221001-20221231": {
    "cumulative_return_pct": -28.748463598314896,
    "annualized_return_pct": -75.50866665592936,
    "max_drawdown_pct": 48.98942550831592,
    "sharpe": -1.0670591032822792,
    "win_rate_pct": 45.3125,
    "profit_factor": 0.7742586577439556
  },
  "win016_tr20180101-20221231_te20230101-20230331_va20230401-20230630": {
    "cumulative_return_pct": -41.784130531122095,
    "annualized_return_pct": -89.68239419309779,
    "max_drawdown_pct": 48.23334449485871,
    "sharpe": -1.4014061847782608,
    "win_rate_pct": 37.28813559322034,
    "profit_factor": 0.585352988647768
  },
  "win017_tr20180701-20230630_te20230701-20230930_va20231001-20231231": {
    "cumulative_return_pct": -6.172937139507615,
    "annualized_return_pct": -23.47103842757391,
    "max_drawdown_pct": 21.09539590884403,
    "sharpe": -0.5999502216835211,
    "win_rate_pct": 51.5625,
    "profit_factor": 0.9162052386927306
  },
  "win018_tr20190101-20231231_te20240101-20240331_va20240401-20240630": {
    "cumulative_return_pct": 0.5758419060136075,
    "annualized_return_pct": 2.4398992331587044,
    "max_drawdown_pct": 28.742571077330936,
    "sharpe": -0.007679327747552517,
    "win_rate_pct": 39.6551724137931,
    "profit_factor": 1.00560369308704
  },
  "win019_tr20190701-20240630_te20240701-20240930_va20241001-20241231": {
    "cumulative_return_pct": 50.59775015081321,
    "annualized_return_pct": 426.80110838022995,
    "max_drawdown_pct": 30.25440531713144,
    "sharpe": 4.492848024585304,
    "win_rate_pct": 50.79365079365079,
    "profit_factor": 1.5701638236700066
  },
  "win020_tr20200101-20241231_te20250101-20250331_va20250401-20250630": {
    "cumulative_return_pct": -38.38925434287345,
    "annualized_return_pct": -86.60462684557996,
    "max_drawdown_pct": 40.62284821917269,
    "sharpe": -1.5816799022217947,
    "win_rate_pct": 36.84210526315789,
    "profit_factor": 0.5723840728146116
  },
  "win021_tr20200701-20250630_te20250701-20250930_va20251001-20251231": {
    "cumulative_return_pct": -22.086814791132127,
    "annualized_return_pct": -63.682065313498484,
    "max_drawdown_pct": 24.014799642068002,
    "sharpe": -1.2120844600528788,
    "win_rate_pct": 38.46153846153847,
    "profit_factor": 0.737162439278917
  }
}