{
  "win000_tr20100101-20141231_te20150101-20150331_va20150401-20150630": {
    "cumulative_return_pct": 87.88387813829375,
    "annualized_return_pct": 1402.8628918423935,
    "max_drawdown_pct": 13.983792811418894,
    "sharpe": 22.469188356875375,
    "win_rate_pct": 66.66666666666666,
    "profit_factor": 2.3511120093246114
  },
  "win001_tr20100701-20150630_te20150701-20150930_va20151001-20151231": {
    "cumulative_return_pct": -55.61846391404903,
    "annualized_return_pct": -96.29976374682663,
    "max_drawdown_pct": 57.92777479990294,
    "sharpe": -0.7362128111199947,
    "win_rate_pct": 46.03174603174603,
    "profit_factor": 0.6896032869024213
  },
  "win002_tr20110101-20151231_te20160101-20160331_va20160401-20160630": {
    "cumulative_return_pct": -43.99719895223508,
    "annualized_return_pct": -91.2317067066129,
    "max_drawdown_pct": 40.12683037626543,
    "sharpe": -1.0528756834355368,
    "win_rate_pct": 38.983050847457626,
    "profit_factor": 0.6058528397994298
  },
  "win003_tr20110701-20160630_te20160701-20160930_va20161001-20161231": {
    "cumulative_return_pct": -15.03459718846766,
    "annualized_return_pct": -49.14723196806866,
    "max_drawdown_pct": 37.10172497374418,
    "sharpe": -0.809264034030127,
    "win_rate_pct": 49.2063492063492,
    "profit_factor": 0.8452104601536238
  },
  "win004_tr20120101-20161231_te20170101-20170331_va20170401-20170630": {
    "cumulative_return_pct": 6.202844618088077,
    "annualized_return_pct": 28.743930862861266,
    "max_drawdown_pct": 26.278069839384177,
    "sharpe": 0.4253650549231141,
    "win_rate_pct": 47.45762711864407,
    "profit_factor": 1.075664421806137
  },
  "win005_tr20120701-20170630_te20170701-20170930_va20171001-20171231": {
    "cumulative_return_pct": 25.516097486756834,
    "annualized_return_pct": 156.83766011012133,
    "max_drawdown_pct": 14.122199285002152,
    "sharpe": 2.5324057445718164,
    "win_rate_pct": 53.84615384615385,
    "profit_factor": 1.269814132007865
  },
  "win006_tr20130101-20171231_te20180101-20180331_va20180401-20180630": {
    "cumulative_return_pct": -14.239202084318933,
    "annualized_return_pct": -47.52794972422693,
    "max_drawdown_pct": 31.812138818188345,
    "sharpe": -0.6952215175915026,
    "win_rate_pct": 47.45762711864407,
    "profit_factor": 0.846721417959045
  },
  "win007_tr20130701-20180630_te20180701-20180930_va20181001-20181231": {
    "cumulative_return_pct": -51.85789143784951,
    "annualized_return_pct": -95.188296984361,
    "max_drawdown_pct": 50.71150884611109,
    "sharpe": -1.7211489912814633,
    "win_rate_pct": 35.9375,
    "profit_factor": 0.4506752196829485
  },
  "win008_tr20140101-20181231_te20190101-20190331_va20190401-20190630": {
    "cumulative_return_pct": -47.70296800088507,
    "annualized_return_pct": -93.62697224518053,
    "max_drawdown_pct": 66.39306024910276,
    "sharpe": -0.808764351139538,
    "win_rate_pct": 39.6551724137931,
    "profit_factor": 0.690504703279896
  },
  "win009_tr20140701-20190630_te20190701-20190930_va20191001-20191231": {
    "cumulative_return_pct": -30.93206304326686,
    "annualized_return_pct": -77.72947796646366,
    "max_drawdown_pct": 35.83693756595757,
    "sharpe": -0.9045616618664303,
    "win_rate_pct": 45.3125,
    "profit_factor": 0.7571634317321592
  },
  "win010_tr20150101-20191231_te20200101-20200331_va20200401-20200630": {
    "cumulative_return_pct": -59.1723116272046,
    "annualized_return_pct": -97.4684605994816,
    "max_drawdown_pct": 65.67531986289575,
    "sharpe": -1.0148058547291394,
    "win_rate_pct": 36.206896551724135,
    "profit_factor": 0.6068811521872527
  },
  "win011_tr20150701-20200630_te20200701-20200930_va20201001-20201231": {
    "cumulative_return_pct": -20.51995184336073,
    "annualized_return_pct": -60.62557632496235,
    "max_drawdown_pct": 44.32358406663485,
    "sharpe": -0.9371489958158725,
    "win_rate_pct": 47.69230769230769,
    "profit_factor": 0.8245562603939238
  },
  "win012_tr20160101-20201231_te20210101-20210331_va20210401-20210630": {
    "cumulative_return_pct": -26.963452082601552,
    "annualized_return_pct": -73.6704948429833,
    "max_drawdown_pct": 56.09719267212587,
    "sharpe": -0.7454731620465405,
    "win_rate_pct": 44.827586206896555,
    "profit_factor": 0.8204538367283641
  },
  "win013_tr20160701-20210630_te20210701-20210930_va20211001-20211231": {
    "cumulative_return_pct": -2.559668112571316,
    "annualized_return_pct": -9.988476573492255,
    "max_drawdown_pct": 25.02915585376393,
    "sharpe": -0.1351549263702265,
    "win_rate_pct": 49.2063492063492,
    "profit_factor": 0.9829526250894352
  },
  "win014_tr20170101-20211231_te20220101-20220331_va20220401-20220630": {
    "cumulative_return_pct": -38.88128546175795,
    "annualized_return_pct": -87.64445276255002,
    "max_drawdown_pct": 46.641091459356616,
    "sharpe": -1.0759433923853996,
    "win_rate_pct": 48.275862068965516,
    "profit_factor": 0.6082696275219472
  },
  "win015_tr20170701-20220630_te20220701-20220930_va20221001-20221231": {
    "cumulative_return_pct": -26.308976159892662,
    "annualized_return_pct": -71.83594277762127,
    "max_drawdown_pct": 39.07879511788485,
    "sharpe": -0.9366144530496303,
    "win_rate_pct": 42.1875,
    "profit_factor": 0.7747123489626104
  },
  "win016_tr20180101-20221231_te20230101-20230331_va20230401-20230630": {
    "cumulative_return_pct": 30.674985099156782,
    "annualized_return_pct": 207.4737163017343,
    "max_drawdown_pct": 16.594847599532923,
    "sharpe": 2.9541237362241084,
    "win_rate_pct": 47.45762711864407,
    "profit_factor": 1.3318433445809121
  },
  "win017_tr20180701-20230630_te20230701-20230930_va20231001-20231231": {
    "cumulative_return_pct": 39.25603098337478,
    "annualized_return_pct": 301.57891236271786,
    "max_drawdown_pct": 12.966256702937972,
    "sharpe": 5.702939844188212,
    "win_rate_pct": 54.6875,
    "profit_factor": 1.5728553408936121
  },
  "win018_tr20190101-20231231_te20240101-20240331_va20240401-20240630": {
    "cumulative_return_pct": -46.92184449070058,
    "annualized_return_pct": -92.9996341479008,
    "max_drawdown_pct": 49.11613307644973,
    "sharpe": -1.272459244848789,
    "win_rate_pct": 50.0,
    "profit_factor": 0.5233816888458073
  },
  "win019_tr20190701-20240630_te20240701-20240930_va20241001-20241231": {
    "cumulative_return_pct": 12.601991066642803,
    "annualized_return_pct": 61.87923143009289,
    "max_drawdown_pct": 35.45783563671512,
    "sharpe": 0.5401948192803029,
    "win_rate_pct": 50.79365079365079,
    "profit_factor": 1.0952786000638828
  },
  "win020_tr20200101-20241231_te20250101-20250331_va20250401-20250630": {
    "cumulative_return_pct": -3.314553981578478,
    "annualized_return_pct": -13.05586957428334,
    "max_drawdown_pct": 18.01207331712113,
    "sharpe": -0.2572306395747786,
    "win_rate_pct": 49.122807017543856,
    "profit_factor": 0.9578128134545892
  },
  "win021_tr20200701-20250630_te20250701-20250930_va20251001-20251231": {
    "cumulative_return_pct": -30.776345814989796,
    "annualized_return_pct": -77.52500528379325,
    "max_drawdown_pct": 34.80692361401137,
    "sharpe": -1.3883592664009863,
    "win_rate_pct": 35.38461538461539,
    "profit_factor": 0.6552706393576999
  }
}