{
  "win000_tr20100101-20141231_te20150101-20150331_va20150401-20150630": {
    "cumulative_return_pct": -23.118971050881804,
    "annualized_return_pct": -67.68840991126415,
    "max_drawdown_pct": 34.513094938927,
    "sharpe": -0.8901907601910086,
    "win_rate_pct": 47.368421052631575,
    "profit_factor": 0.7650250267081024
  },
  "win001_tr20100701-20150630_te20150701-20150930_va20151001-20151231": {
    "cumulative_return_pct": -64.98225352850751,
    "annualized_return_pct": -98.58560866277658,
    "max_drawdown_pct": 66.512448882856,
    "sharpe": -0.6565370497055775,
    "win_rate_pct": 52.38095238095239,
    "profit_factor": 0.6441225366934236
  },
  "win002_tr20110101-20151231_te20160101-20160331_va20160401-20160630": {
    "cumulative_return_pct": -70.64370013041142,
    "annualized_return_pct": -99.41754378916202,
    "max_drawdown_pct": 70.36097945262259,
    "sharpe": -1.1538732042330406,
    "win_rate_pct": 38.983050847457626,
    "profit_factor": 0.3553960343212276
  },
  "win003_tr20110701-20160630_te20160701-20160930_va20161001-20161231": {
    "cumulative_return_pct": 13.430962200354923,
    "annualized_return_pct": 68.72028652638463,
    "max_drawdown_pct": 28.65627197624343,
    "sharpe": 0.8539502299792021,
    "win_rate_pct": 52.38095238095239,
    "profit_factor": 1.1214688459067712
  },
  "win004_tr20120101-20161231_te20170101-20170331_va20170401-20170630": {
    "cumulative_return_pct": -21.485844835191813,
    "annualized_return_pct": -63.77882252269534,
    "max_drawdown_pct": 37.315941507748995,
    "sharpe": -1.0515929774096702,
    "win_rate_pct": 54.23728813559322,
    "profit_factor": 0.6948164601862158
  },
  "win005_tr20120701-20170630_te20170701-20170930_va20171001-20171231": {
    "cumulative_return_pct": -15.208609180206176,
    "annualized_return_pct": -49.578113488784915,
    "max_drawdown_pct": 31.504898123763535,
    "sharpe": -1.0424105367511085,
    "win_rate_pct": 41.53846153846154,
    "profit_factor": 0.7692471625166633
  },
  "win006_tr20130101-20171231_te20180101-20180331_va20180401-20180630": {
    "cumulative_return_pct": -12.917032858029998,
    "annualized_return_pct": -44.04703828097778,
    "max_drawdown_pct": 30.54803561437619,
    "sharpe": -0.5201435087676499,
    "win_rate_pct": 47.45762711864407,
    "profit_factor": 0.8806395448023523
  },
  "win007_tr20130701-20180630_te20180701-20180930_va20181001-20181231": {
    "cumulative_return_pct": -65.18124034114774,
    "annualized_return_pct": -98.74609438776477,
    "max_drawdown_pct": 68.71006939425067,
    "sharpe": -1.4448211096085934,
    "win_rate_pct": 39.0625,
    "profit_factor": 0.418248852266684
  },
  "win008_tr20140101-20181231_te20190101-20190331_va20190401-20190630": {
    "cumulative_return_pct": -54.955876207870894,
    "annualized_return_pct": -96.61959313434672,
    "max_drawdown_pct": 53.74362976728268,
    "sharpe": -0.991371333569671,
    "win_rate_pct": 44.827586206896555,
    "profit_factor": 0.5703182791216116
  },
  "win009_tr20140701-20190630_te20190701-20190930_va20191001-20191231": {
    "cumulative_return_pct": -42.66001322539392,
    "annualized_return_pct": -89.5349723592473,
    "max_drawdown_pct": 44.21327435067361,
    "sharpe": -1.7939144582928428,
    "win_rate_pct": 37.5,
    "profit_factor": 0.48857726516178623
  },
  "win010_tr20150101-20191231_te20200101-20200331_va20200401-20200630": {
    "cumulative_return_pct": -17.197008289907885,
    "annualized_return_pct": -53.90366201666779,
    "max_drawdown_pct": 49.4799263881178,
    "sharpe": -0.5426747176114599,
    "win_rate_pct": 46.55172413793103,
    "profit_factor": 0.9102102984875374
  },
  "win011_tr20150701-20200630_te20200701-20200930_va20201001-20201231": {
    "cumulative_return_pct": -10.144769862160272,
    "annualized_return_pct": -35.2166394423626,
    "max_drawdown_pct": 46.68837246357813,
    "sharpe": -0.47228448833970404,
    "win_rate_pct": 47.69230769230769,
    "profit_factor": 0.9138244331908852
  },
  "win012_tr20160101-20201231_te20210101-20210331_va20210401-20210630": {
    "cumulative_return_pct": -37.86228665140906,
    "annualized_return_pct": -86.74558399130102,
    "max_drawdown_pct": 53.70302549125081,
    "sharpe": -0.865033579988738,
    "win_rate_pct": 39.6551724137931,
    "profit_factor": 0.6693895102151075
  },
  "win013_tr20160701-20210630_te20210701-20210930_va20211001-20211231": {
    "cumulative_return_pct": -46.20983579310411,
    "annualized_return_pct": -91.92574462989079,
    "max_drawdown_pct": 50.8715718362115,
    "sharpe": -0.7948417768019965,
    "win_rate_pct": 42.857142857142854,
    "profit_factor": 0.7544488481671234
  },
  "win014_tr20170101-20211231_te20220101-20220331_va20220401-20220630": {
    "cumulative_return_pct": -3.701881856056722,
    "annualized_return_pct": -14.803201818121392,
    "max_drawdown_pct": 29.40707274559179,
    "sharpe": -0.15187076881042236,
    "win_rate_pct": 50.0,
    "profit_factor": 0.9774588007233197
  },
  "win015_tr20170701-20220630_te20220701-20220930_va20221001-20221231": {
    "cumulative_return_pct": 30.10259087776167,
    "annualized_return_pct": 198.09288341359044,
    "max_drawdown_pct": 27.30192435623358,
    "sharpe": 2.461413526963897,
    "win_rate_pct": 50.0,
    "profit_factor": 1.2692889855452862
  },
  "win016_tr20180101-20221231_te20230101-20230331_va20230401-20230630": {
    "cumulative_return_pct": -39.10097465119584,
    "annualized_return_pct": -87.53377967643272,
    "max_drawdown_pct": 46.109576143490436,
    "sharpe": -1.1374467686119085,
    "win_rate_pct": 38.983050847457626,
    "profit_factor": 0.6100089136342445
  },
  "win017_tr20180701-20230630_te20230701-20230930_va20231001-20231231": {
    "cumulative_return_pct": -28.44777251293934,
    "annualized_return_pct": -75.47167372229531,
    "max_drawdown_pct": 36.02722113757405,
    "sharpe": -1.1863498397080277,
    "win_rate_pct": 42.1875,
    "profit_factor": 0.682603613888812
  },
  "win018_tr20190101-20231231_te20240101-20240331_va20240401-20240630": {
    "cumulative_return_pct": -4.66412945172647,
    "annualized_return_pct": -18.17003248170851,
    "max_drawdown_pct": 48.95198622138048,
    "sharpe": -0.19545872376758927,
    "win_rate_pct": 44.827586206896555,
    "profit_factor": 0.9612432382697715
  },
  "win019_tr20190701-20240630_te20240701-20240930_va20241001-20241231": {
    "cumulative_return_pct": 75.34671581878773,
    "annualized_return_pct": 876.8275653107544,
    "max_drawdown_pct": 37.02365675258951,
    "sharpe": 8.573991464101772,
    "win_rate_pct": 55.55555555555556,
    "profit_factor": 1.4194848440655885
  },
  "win020_tr20200101-20241231_te20250101-20250331_va20250401-20250630": {
    "cumulative_return_pct": -22.25478271167866,
    "annualized_return_pct": -64.82503598473907,
    "max_drawdown_pct": 50.9511397931786,
    "sharpe": -0.9009543412853299,
    "win_rate_pct": 40.35087719298245,
    "profit_factor": 0.8269938851455693
  },
  "win021_tr20200701-20250630_te20250701-20250930_va20251001-20251231": {
    "cumulative_return_pct": 33.43132920198003,
    "annualized_return_pct": 222.3576307400183,
    "max_drawdown_pct": 25.083469638639666,
    "sharpe": 3.465326737205629,
    "win_rate_pct": 55.38461538461539,
    "profit_factor": 1.2776905007991979
  }
}