{
  "win000_tr20100101-20141231_te20150101-20150331_va20150401-20150630": {
    "cumulative_return_pct": 39.75778450940787,
    "annualized_return_pct": 321.3948808885424,
    "max_drawdown_pct": 12.55670897960359,
    "sharpe": 4.936542419763303,
    "win_rate_pct": 49.122807017543856,
    "profit_factor": 1.519130121109078
  },
  "win001_tr20100701-20150630_te20150701-20150930_va20151001-20151231": {
    "cumulative_return_pct": -69.77601661202885,
    "annualized_return_pct": -99.22179504788386,
    "max_drawdown_pct": 71.44901721178665,
    "sharpe": -0.6533726359739694,
    "win_rate_pct": 49.2063492063492,
    "profit_factor": 0.609824213701031
  },
  "win002_tr20110101-20151231_te20160101-20160331_va20160401-20160630": {
    "cumulative_return_pct": -73.87678795858251,
    "annualized_return_pct": -99.64312449176093,
    "max_drawdown_pct": 72.43888459477073,
    "sharpe": -1.3118226114515956,
    "win_rate_pct": 37.28813559322034,
    "profit_factor": 0.27654537408617436
  },
  "win003_tr20110701-20160630_te20160701-20160930_va20161001-20161231": {
    "cumulative_return_pct": -3.7020376184411576,
    "annualized_return_pct": -14.49300439243516,
    "max_drawdown_pct": 30.478149231129375,
    "sharpe": -0.22391055017388148,
    "win_rate_pct": 44.44444444444444,
    "profit_factor": 0.969715467616159
  },
  "win004_tr20120101-20161231_te20170101-20170331_va20170401-20170630": {
    "cumulative_return_pct": -29.186362650431647,
    "annualized_return_pct": -76.51722538594375,
    "max_drawdown_pct": 34.41723420706967,
    "sharpe": -1.5094226176096737,
    "win_rate_pct": 45.76271186440678,
    "profit_factor": 0.6186726587417931
  },
  "win005_tr20120701-20170630_te20170701-20170930_va20171001-20171231": {
    "cumulative_return_pct": -23.80700061551592,
    "annualized_return_pct": -67.64954095816073,
    "max_drawdown_pct": 30.256920860502568,
    "sharpe": -1.1277324624036111,
    "win_rate_pct": 46.15384615384615,
    "profit_factor": 0.7454445984612156
  },
  "win006_tr20130101-20171231_te20180101-20180331_va20180401-20180630": {
    "cumulative_return_pct": 53.99711942845607,
    "annualized_return_pct": 512.6742262597586,
    "max_drawdown_pct": 42.26212611424842,
    "sharpe": 4.976602047877592,
    "win_rate_pct": 49.152542372881356,
    "profit_factor": 1.4897410734321128
  },
  "win007_tr20130701-20180630_te20180701-20180930_va20181001-20181231": {
    "cumulative_return_pct": -68.41213254199565,
    "annualized_return_pct": -99.16300105455534,
    "max_drawdown_pct": 68.47294105849052,
    "sharpe": -1.504916751900465,
    "win_rate_pct": 42.1875,
    "profit_factor": 0.32593170783207603
  },
  "win008_tr20140101-20181231_te20190101-20190331_va20190401-20190630": {
    "cumulative_return_pct": -37.567966635287284,
    "annualized_return_pct": -86.476891426503,
    "max_drawdown_pct": 49.28604799849727,
    "sharpe": -0.8539924407037849,
    "win_rate_pct": 43.103448275862064,
    "profit_factor": 0.739160823607506
  },
  "win009_tr20140701-20190630_te20190701-20190930_va20191001-20191231": {
    "cumulative_return_pct": -29.45534337745212,
    "annualized_return_pct": -75.73295459606496,
    "max_drawdown_pct": 38.111357932941544,
    "sharpe": -0.9618869950105738,
    "win_rate_pct": 46.875,
    "profit_factor": 0.750911528993651
  },
  "win010_tr20150101-20191231_te20200101-20200331_va20200401-20200630": {
    "cumulative_return_pct": -48.76612369614283,
    "annualized_return_pct": -93.57249545462567,
    "max_drawdown_pct": 60.34924850621783,
    "sharpe": -0.8527263336290334,
    "win_rate_pct": 39.6551724137931,
    "profit_factor": 0.7112203286761177
  },
  "win011_tr20150701-20200630_te20200701-20200930_va20201001-20201231": {
    "cumulative_return_pct": -54.925723115789815,
    "annualized_return_pct": -96.05971546491011,
    "max_drawdown_pct": 58.87632338554069,
    "sharpe": -1.2130683313902761,
    "win_rate_pct": 41.53846153846154,
    "profit_factor": 0.5688211139711918
  },
  "win012_tr20160101-20201231_te20210101-20210331_va20210401-20210630": {
    "cumulative_return_pct": -30.978532343539083,
    "annualized_return_pct": -79.29139350000835,
    "max_drawdown_pct": 59.40625277335455,
    "sharpe": -0.7695966961534797,
    "win_rate_pct": 43.103448275862064,
    "profit_factor": 0.799923167946748
  },
  "win013_tr20160701-20210630_te20210701-20210930_va20211001-20211231": {
    "cumulative_return_pct": 34.102832713500945,
    "annualized_return_pct": 228.99226515244376,
    "max_drawdown_pct": 26.99360006405679,
    "sharpe": 2.386877088816308,
    "win_rate_pct": 57.14285714285714,
    "profit_factor": 1.2220773190275869
  },
  "win014_tr20170101-20211231_te20220101-20220331_va20220401-20220630": {
    "cumulative_return_pct": -22.785780494075397,
    "annualized_return_pct": -66.65429326385367,
    "max_drawdown_pct": 42.10162460322443,
    "sharpe": -0.7423466896473391,
    "win_rate_pct": 51.724137931034484,
    "profit_factor": 0.8103247872790097
  },
  "win015_tr20170701-20220630_te20220701-20220930_va20221001-20221231": {
    "cumulative_return_pct": -27.820551438990325,
    "annualized_return_pct": -74.15742256201291,
    "max_drawdown_pct": 39.22843273984263,
    "sharpe": -0.9356850135284203,
    "win_rate_pct": 42.1875,
    "profit_factor": 0.751011011641795
  },
  "win016_tr20180101-20221231_te20230101-20230331_va20230401-20230630": {
    "cumulative_return_pct": -10.692141144840118,
    "annualized_return_pct": -37.79556958116457,
    "max_drawdown_pct": 33.43586359912605,
    "sharpe": -0.5303187092559858,
    "win_rate_pct": 45.76271186440678,
    "profit_factor": 0.900713548735691
  },
  "win017_tr20180701-20230630_te20230701-20230930_va20231001-20231231": {
    "cumulative_return_pct": 20.537975744484644,
    "annualized_return_pct": 119.0687778785553,
    "max_drawdown_pct": 12.841459988768076,
    "sharpe": 2.8945005437403974,
    "win_rate_pct": 56.25,
    "profit_factor": 1.3373103429275839
  },
  "win018_tr20190101-20231231_te20240101-20240331_va20240401-20240630": {
    "cumulative_return_pct": -63.31430065170491,
    "annualized_return_pct": -98.51530434249824,
    "max_drawdown_pct": 62.060295329311586,
    "sharpe": -1.3571751279220516,
    "win_rate_pct": 44.827586206896555,
    "profit_factor": 0.3785602763389881
  },
  "win019_tr20190701-20240630_te20240701-20240930_va20241001-20241231": {
    "cumulative_return_pct": -23.496634844664204,
    "annualized_return_pct": -66.27617292717018,
    "max_drawdown_pct": 41.87919099279002,
    "sharpe": -0.8379318831437073,
    "win_rate_pct": 49.2063492063492,
    "profit_factor": 0.7663673168208346
  },
  "win020_tr20200101-20241231_te20250101-20250331_va20250401-20250630": {
    "cumulative_return_pct": -18.499909327400406,
    "annualized_return_pct": -57.21853985672218,
    "max_drawdown_pct": 19.991585831675607,
    "sharpe": -0.9395071407772938,
    "win_rate_pct": 38.59649122807017,
    "profit_factor": 0.7693922804314178
  },
  "win021_tr20200701-20250630_te20250701-20250930_va20251001-20251231": {
    "cumulative_return_pct": -27.437485489748898,
    "annualized_return_pct": -72.79027319883116,
    "max_drawdown_pct": 32.76004035398885,
    "sharpe": -1.2827833823909145,
    "win_rate_pct": 36.92307692307693,
    "profit_factor": 0.7319180671606238
  }
}