{
  "win000_tr20100101-20141231_te20150101-20150331_va20150401-20150630": {
    "cumulative_return_pct": 123.79778599332836,
    "annualized_return_pct": 3086.7712560681,
    "max_drawdown_pct": 10.849542564358709,
    "sharpe": 47.00714484642412,
    "win_rate_pct": 64.91228070175438,
    "profit_factor": 2.753722497019501
  },
  "win001_tr20100701-20150630_te20150701-20150930_va20151001-20151231": {
    "cumulative_return_pct": -55.63955219619731,
    "annualized_return_pct": -96.3068939265065,
    "max_drawdown_pct": 59.49548901760985,
    "sharpe": -0.6654056997728135,
    "win_rate_pct": 52.38095238095239,
    "profit_factor": 0.7414652034737014
  },
  "win002_tr20110101-20151231_te20160101-20160331_va20160401-20160630": {
    "cumulative_return_pct": -66.53240069662523,
    "annualized_return_pct": -98.99018279067441,
    "max_drawdown_pct": 65.40776837925229,
    "sharpe": -0.9844935663705496,
    "win_rate_pct": 42.3728813559322,
    "profit_factor": 0.4290001352042671
  },
  "win003_tr20110701-20160630_te20160701-20160930_va20161001-20161231": {
    "cumulative_return_pct": 44.67515273301711,
    "annualized_return_pct": 363.15464442406113,
    "max_drawdown_pct": 24.55031537398981,
    "sharpe": 5.344048028588172,
    "win_rate_pct": 58.730158730158735,
    "profit_factor": 1.5025656698998742
  },
  "win004_tr20120101-20161231_te20170101-20170331_va20170401-20170630": {
    "cumulative_return_pct": -28.939591556364636,
    "annualized_return_pct": -76.17174978643682,
    "max_drawdown_pct": 36.142723919974614,
    "sharpe": -1.615048271888686,
    "win_rate_pct": 49.152542372881356,
    "profit_factor": 0.6599965708987989
  },
  "win005_tr20120701-20170630_te20170701-20170930_va20171001-20171231": {
    "cumulative_return_pct": -50.19975965413753,
    "annualized_return_pct": -94.46218500088152,
    "max_drawdown_pct": 54.96039692637991,
    "sharpe": -1.601439061759831,
    "win_rate_pct": 44.61538461538462,
    "profit_factor": 0.3773990127928275
  },
  "win006_tr20130101-20171231_te20180101-20180331_va20180401-20180630": {
    "cumulative_return_pct": -16.20599734073579,
    "annualized_return_pct": -52.397832996197245,
    "max_drawdown_pct": 40.043573478398436,
    "sharpe": -0.5339544821101234,
    "win_rate_pct": 45.76271186440678,
    "profit_factor": 0.8794828341245721
  },
  "win007_tr20130701-20180630_te20180701-20180930_va20181001-20181231": {
    "cumulative_return_pct": -76.66003057173693,
    "annualized_return_pct": -99.76162695737642,
    "max_drawdown_pct": 76.7049613958217,
    "sharpe": -1.3453310816987223,
    "win_rate_pct": 34.375,
    "profit_factor": 0.2649941370661849
  },
  "win008_tr20140101-20181231_te20190101-20190331_va20190401-20190630": {
    "cumulative_return_pct": 0.14398524922998623,
    "annualized_return_pct": 0.6129498173817582,
    "max_drawdown_pct": 44.032062028538036,
    "sharpe": -0.02030603669693268,
    "win_rate_pct": 44.827586206896555,
    "profit_factor": 1.000807861241359
  },
  "win009_tr20140701-20190630_te20190701-20190930_va20191001-20191231": {
    "cumulative_return_pct": 59.02970851707302,
    "annualized_return_pct": 557.1521761766265,
    "max_drawdown_pct": 19.00973526953881,
    "sharpe": 8.327700966562613,
    "win_rate_pct": 51.5625,
    "profit_factor": 1.7358843615439201
  },
  "win010_tr20150101-20191231_te20200101-20200331_va20200401-20200630": {
    "cumulative_return_pct": -36.12929015761536,
    "annualized_return_pct": -84.1155757377424,
    "max_drawdown_pct": 63.27480957025394,
    "sharpe": -0.6346731273007922,
    "win_rate_pct": 36.206896551724135,
    "profit_factor": 0.8447575190061374
  },
  "win011_tr20150701-20200630_te20200701-20200930_va20201001-20201231": {
    "cumulative_return_pct": -28.387705463336022,
    "annualized_return_pct": -74.20762707052798,
    "max_drawdown_pct": 46.26963336135437,
    "sharpe": -0.9105357995681973,
    "win_rate_pct": 47.69230769230769,
    "profit_factor": 0.7278363442043431
  },
  "win012_tr20160101-20201231_te20210101-20210331_va20210401-20210630": {
    "cumulative_return_pct": -24.561566409490176,
    "annualized_return_pct": -69.79181382553128,
    "max_drawdown_pct": 46.38814566193458,
    "sharpe": -0.7608076322874804,
    "win_rate_pct": 44.827586206896555,
    "profit_factor": 0.8341365574186114
  },
  "win013_tr20160701-20210630_te20210701-20210930_va20211001-20211231": {
    "cumulative_return_pct": -47.80019276497188,
    "annualized_return_pct": -92.85164219355909,
    "max_drawdown_pct": 57.70950404825174,
    "sharpe": -0.8935164017678947,
    "win_rate_pct": 38.095238095238095,
    "profit_factor": 0.6796843622551644
  },
  "win014_tr20170101-20211231_te20220101-20220331_va20220401-20220630": {
    "cumulative_return_pct": -47.83749434394756,
    "annualized_return_pct": -93.69630745404626,
    "max_drawdown_pct": 51.47321386259394,
    "sharpe": -1.0738848363993256,
    "win_rate_pct": 36.206896551724135,
    "profit_factor": 0.5983984513208336
  },
  "win015_tr20170701-20220630_te20220701-20220930_va20221001-20221231": {
    "cumulative_return_pct": -38.7970793107865,
    "annualized_return_pct": -86.96883448182103,
    "max_drawdown_pct": 51.763048480524745,
    "sharpe": -0.9961893405157138,
    "win_rate_pct": 42.1875,
    "profit_factor": 0.7471596061198009
  },
  "win016_tr20180101-20221231_te20230101-20230331_va20230401-20230630": {
    "cumulative_return_pct": 7.1751688904149225,
    "annualized_return_pct": 33.76535764214865,
    "max_drawdown_pct": 27.739336507043543,
    "sharpe": 0.37123569787665867,
    "win_rate_pct": 42.3728813559322,
    "profit_factor": 1.061325853861148
  },
  "win017_tr20180701-20230630_te20230701-20230930_va20231001-20231231": {
    "cumulative_return_pct": -23.671298869132563,
    "annualized_return_pct": -67.82701730922255,
    "max_drawdown_pct": 39.576818660860695,
    "sharpe": -1.2476544253113793,
    "win_rate_pct": 53.125,
    "profit_factor": 0.7061360768903819
  },
  "win018_tr20190101-20231231_te20240101-20240331_va20240401-20240630": {
    "cumulative_return_pct": -35.186220158500845,
    "annualized_return_pct": -83.8069901618155,
    "max_drawdown_pct": 45.79557203090907,
    "sharpe": -1.1672335141858126,
    "win_rate_pct": 39.6551724137931,
    "profit_factor": 0.6712632441429075
  },
  "win019_tr20190701-20240630_te20240701-20240930_va20241001-20241231": {
    "cumulative_return_pct": 120.53992271163763,
    "annualized_return_pct": 2377.3400659670974,
    "max_drawdown_pct": 29.093206723199856,
    "sharpe": 22.207069271014937,
    "win_rate_pct": 55.55555555555556,
    "profit_factor": 2.008866770269731
  },
  "win020_tr20200101-20241231_te20250101-20250331_va20250401-20250630": {
    "cumulative_return_pct": -40.142657068220295,
    "annualized_return_pct": -88.11742085195637,
    "max_drawdown_pct": 44.333109402279774,
    "sharpe": -1.7272874053262852,
    "win_rate_pct": 38.59649122807017,
    "profit_factor": 0.516989822380084
  },
  "win021_tr20200701-20250630_te20250701-20250930_va20251001-20251231": {
    "cumulative_return_pct": -24.581743232997542,
    "annualized_return_pct": -68.17570771567273,
    "max_drawdown_pct": 39.384782316085584,
    "sharpe": -0.8358480691345775,
    "win_rate_pct": 38.46153846153847,
    "profit_factor": 0.7849281949426585
  }
}