{
  "size": 3,
  "models": "FreTS,TimeMixer,WPMixer",
  "num_windows": 22,
  "mean_test_cumulative_return_pct": -7.717201714834427,
  "std_test_cumulative_return_pct": 50.20178472342441,
  "min_test_cumulative_return_pct": -72.25570114254027,
  "max_test_cumulative_return_pct": 115.06820138154723,
  "mean_test_annualized_return_pct": 189.8092293102476,
  "mean_test_max_drawdown_pct": 40.29654999246235,
  "mean_test_sharpe": 1.9498903418528208,
  "mean_test_win_rate_pct": 45.88026870318409,
  "mean_test_profit_factor": 0.93964281037887
}