{
  "win000_tr20100101-20141231_te20150101-20150331_va20150401-20150630": {
    "cumulative_return_pct": 63.14272930480321,
    "annualized_return_pct": 719.2491740815639,
    "max_drawdown_pct": 14.01056335995835,
    "sharpe": 10.1406633604404,
    "win_rate_pct": 50.877192982456144,
    "profit_factor": 1.7228635458975465
  },
  "win001_tr20100701-20150630_te20150701-20150930_va20151001-20151231": {
    "cumulative_return_pct": -68.266796492515,
    "annualized_return_pct": -99.05163108016512,
    "max_drawdown_pct": 65.6462594832926,
    "sharpe": -0.7191518242097682,
    "win_rate_pct": 44.44444444444444,
    "profit_factor": 0.5812363429514419
  },
  "win002_tr20110101-20151231_te20160101-20160331_va20160401-20160630": {
    "cumulative_return_pct": -22.962167943654396,
    "annualized_return_pct": -66.5533705203569,
    "max_drawdown_pct": 40.10125807049821,
    "sharpe": -0.6630378179467912,
    "win_rate_pct": 50.847457627118644,
    "profit_factor": 0.8461630234007339
  },
  "win003_tr20110701-20160630_te20160701-20160930_va20161001-20161231": {
    "cumulative_return_pct": -20.369768160260747,
    "annualized_return_pct": -61.1476393051013,
    "max_drawdown_pct": 40.375234639330834,
    "sharpe": -0.8531560819001746,
    "win_rate_pct": 47.61904761904761,
    "profit_factor": 0.7958899764493815
  },
  "win004_tr20120101-20161231_te20170101-20170331_va20170401-20170630": {
    "cumulative_return_pct": -20.90208307651073,
    "annualized_return_pct": -62.63467431160489,
    "max_drawdown_pct": 36.36171856621411,
    "sharpe": -0.7677844187384805,
    "win_rate_pct": 47.45762711864407,
    "profit_factor": 0.8037913405593894
  },
  "win005_tr20120701-20170630_te20170701-20170930_va20171001-20171231": {
    "cumulative_return_pct": -0.8524882464662193,
    "annualized_return_pct": -3.4910838889858686,
    "max_drawdown_pct": 18.926849872355564,
    "sharpe": -0.11857439575251044,
    "win_rate_pct": 52.307692307692314,
    "profit_factor": 0.9891610908012999
  },
  "win006_tr20130101-20171231_te20180101-20180331_va20180401-20180630": {
    "cumulative_return_pct": -30.912227657630538,
    "annualized_return_pct": -78.82799973757105,
    "max_drawdown_pct": 41.80943485088579,
    "sharpe": -1.3883422553161857,
    "win_rate_pct": 42.3728813559322,
    "profit_factor": 0.5900880029489911
  },
  "win007_tr20130701-20180630_te20180701-20180930_va20181001-20181231": {
    "cumulative_return_pct": -47.93250997552415,
    "annualized_return_pct": -93.33821634436664,
    "max_drawdown_pct": 52.67286130517156,
    "sharpe": -1.3677206272061375,
    "win_rate_pct": 37.5,
    "profit_factor": 0.5173579833728222
  },
  "win008_tr20140101-20181231_te20190101-20190331_va20190401-20190630": {
    "cumulative_return_pct": 52.642275154681805,
    "annualized_return_pct": 502.6762699720047,
    "max_drawdown_pct": 39.518321617813214,
    "sharpe": 3.9559474342281074,
    "win_rate_pct": 53.44827586206896,
    "profit_factor": 1.3198856067508598
  },
  "win009_tr20140701-20190630_te20190701-20190930_va20191001-20191231": {
    "cumulative_return_pct": -66.32783826167869,
    "annualized_return_pct": -98.79355330840541,
    "max_drawdown_pct": 57.27734973581325,
    "sharpe": -1.2894451926167674,
    "win_rate_pct": 37.5,
    "profit_factor": 0.3781370797529914
  },
  "win010_tr20150101-20191231_te20200101-20200331_va20200401-20200630": {
    "cumulative_return_pct": -58.64833386141031,
    "annualized_return_pct": -97.33244625039394,
    "max_drawdown_pct": 60.46264582926209,
    "sharpe": -0.946970513760628,
    "win_rate_pct": 39.6551724137931,
    "profit_factor": 0.5747736129288347
  },
  "win011_tr20150701-20200630_te20200701-20200930_va20201001-20201231": {
    "cumulative_return_pct": -46.82934132027424,
    "annualized_return_pct": -92.29654238671672,
    "max_drawdown_pct": 55.101793034234156,
    "sharpe": -1.357720823316285,
    "win_rate_pct": 35.38461538461539,
    "profit_factor": 0.5403772422926753
  },
  "win012_tr20160101-20201231_te20210101-20210331_va20210401-20210630": {
    "cumulative_return_pct": -72.25570114254027,
    "annualized_return_pct": -99.56837445935153,
    "max_drawdown_pct": 76.53057944626104,
    "sharpe": -1.1108841687276303,
    "win_rate_pct": 34.48275862068966,
    "profit_factor": 0.48276826371505394
  },
  "win013_tr20160701-20210630_te20210701-20210930_va20211001-20211231": {
    "cumulative_return_pct": -6.3850676618662545,
    "annualized_return_pct": -23.491625194997255,
    "max_drawdown_pct": 42.89614677651621,
    "sharpe": -0.2553249454892569,
    "win_rate_pct": 49.2063492063492,
    "profit_factor": 0.9560628409585821
  },
  "win014_tr20170101-20211231_te20220101-20220331_va20220401-20220630": {
    "cumulative_return_pct": 51.53852848097691,
    "annualized_return_pct": 484.38391405660417,
    "max_drawdown_pct": 38.42982955129446,
    "sharpe": 5.47791201248907,
    "win_rate_pct": 53.44827586206896,
    "profit_factor": 1.5027978710202472
  },
  "win015_tr20170701-20220630_te20220701-20220930_va20221001-20221231": {
    "cumulative_return_pct": -18.06158842542841,
    "annualized_return_pct": -56.2554313113589,
    "max_drawdown_pct": 35.15614896519324,
    "sharpe": -0.6536563258669795,
    "win_rate_pct": 40.625,
    "profit_factor": 0.8530800626745958
  },
  "win016_tr20180101-20221231_te20230101-20230331_va20230401-20230630": {
    "cumulative_return_pct": 3.300247587012127,
    "annualized_return_pct": 14.604431058882184,
    "max_drawdown_pct": 26.847544560021795,
    "sharpe": 0.1541245509319349,
    "win_rate_pct": 50.847457627118644,
    "profit_factor": 1.0289939511121038
  },
  "win017_tr20180701-20230630_te20230701-20230930_va20231001-20231231": {
    "cumulative_return_pct": -34.56933286458277,
    "annualized_return_pct": -83.15002419066334,
    "max_drawdown_pct": 42.242830761521624,
    "sharpe": -1.1224367847077075,
    "win_rate_pct": 42.1875,
    "profit_factor": 0.7136334545406775
  },
  "win018_tr20190101-20231231_te20240101-20240331_va20240401-20240630": {
    "cumulative_return_pct": 115.06820138154723,
    "annualized_return_pct": 2390.271198988447,
    "max_drawdown_pct": 13.912743518523166,
    "sharpe": 24.660667853617273,
    "win_rate_pct": 55.172413793103445,
    "profit_factor": 2.0655737979750834
  },
  "win019_tr20190701-20240630_te20240701-20240930_va20241001-20241231": {
    "cumulative_return_pct": 87.02543074045666,
    "annualized_return_pct": 1169.0055650182312,
    "max_drawdown_pct": 25.588093402207836,
    "sharpe": 12.193783231538026,
    "win_rate_pct": 53.96825396825397,
    "profit_factor": 1.6365121943170609
  },
  "win020_tr20200101-20241231_te20250101-20250331_va20250401-20250630": {
    "cumulative_return_pct": -9.312420685512294,
    "annualized_return_pct": -33.35013266064515,
    "max_drawdown_pct": 32.69475717288598,
    "sharpe": -0.3721386293226471,
    "win_rate_pct": 43.859649122807014,
    "profit_factor": 0.9126589427497466
  },
  "win021_tr20200701-20250630_te20250701-20250930_va20251001-20251231": {
    "cumulative_return_pct": -17.90818459998034,
    "annualized_return_pct": -55.10476339960333,
    "max_drawdown_pct": 29.96113531491674,
    "sharpe": -0.6991661176048031,
    "win_rate_pct": 46.15384615384615,
    "profit_factor": 0.8603356011650207
  }
}