{
  "win000_tr20100101-20141231_te20150101-20150331_va20150401-20150630": {
    "cumulative_return_pct": -11.266651896323683,
    "annualized_return_pct": -40.16900557310124,
    "max_drawdown_pct": 26.20634372889977,
    "sharpe": -0.5925660540765642,
    "win_rate_pct": 56.14035087719298,
    "profit_factor": 0.8821094810735383
  },
  "win001_tr20100701-20150630_te20150701-20150930_va20151001-20151231": {
    "cumulative_return_pct": -51.79964990398865,
    "annualized_return_pct": -94.82736264309885,
    "max_drawdown_pct": 60.81256321800396,
    "sharpe": -0.6195744670854769,
    "win_rate_pct": 53.96825396825397,
    "profit_factor": 0.7472152073791238
  },
  "win002_tr20110101-20151231_te20160101-20160331_va20160401-20160630": {
    "cumulative_return_pct": -22.82425049248093,
    "annualized_return_pct": -66.30126539280172,
    "max_drawdown_pct": 39.65394878413831,
    "sharpe": -0.7661306888909875,
    "win_rate_pct": 59.32203389830508,
    "profit_factor": 0.825807859868191
  },
  "win003_tr20110701-20160630_te20160701-20160930_va20161001-20161231": {
    "cumulative_return_pct": 7.551406948829861,
    "annualized_return_pct": 35.277248818175956,
    "max_drawdown_pct": 36.31403468108266,
    "sharpe": 0.400100753354792,
    "win_rate_pct": 50.79365079365079,
    "profit_factor": 1.0769293562867615
  },
  "win004_tr20120101-20161231_te20170101-20170331_va20170401-20170630": {
    "cumulative_return_pct": 33.94412910329467,
    "annualized_return_pct": 241.08343962646987,
    "max_drawdown_pct": 17.025096172347006,
    "sharpe": 3.8972214939442114,
    "win_rate_pct": 59.32203389830508,
    "profit_factor": 1.4829414590441334
  },
  "win005_tr20120701-20170630_te20170701-20170930_va20171001-20171231": {
    "cumulative_return_pct": -2.8853884024224707,
    "annualized_return_pct": -11.442821266619706,
    "max_drawdown_pct": 32.18707216571896,
    "sharpe": -0.21662361434872734,
    "win_rate_pct": 44.61538461538462,
    "profit_factor": 0.9621824386972476
  },
  "win006_tr20130101-20171231_te20180101-20180331_va20180401-20180630": {
    "cumulative_return_pct": 32.12580188914812,
    "annualized_return_pct": 222.0619901697277,
    "max_drawdown_pct": 24.465036615813336,
    "sharpe": 2.0457450118628033,
    "win_rate_pct": 44.06779661016949,
    "profit_factor": 1.2246972277997201
  },
  "win007_tr20130701-20180630_te20180701-20180930_va20181001-20181231": {
    "cumulative_return_pct": -38.471411668987635,
    "annualized_return_pct": -86.67861118897537,
    "max_drawdown_pct": 47.32912383010138,
    "sharpe": -1.2680364106710342,
    "win_rate_pct": 39.0625,
    "profit_factor": 0.6157648119080494
  },
  "win008_tr20140101-20181231_te20190101-20190331_va20190401-20190630": {
    "cumulative_return_pct": -45.925937130206194,
    "annualized_return_pct": -92.65520883918676,
    "max_drawdown_pct": 54.02606748649137,
    "sharpe": -0.9183335643430157,
    "win_rate_pct": 41.37931034482759,
    "profit_factor": 0.5737273064590578
  },
  "win009_tr20140701-20190630_te20190701-20190930_va20191001-20191231": {
    "cumulative_return_pct": -44.852220279759194,
    "annualized_return_pct": -91.06623349784174,
    "max_drawdown_pct": 45.682137012255744,
    "sharpe": -0.966957872263365,
    "win_rate_pct": 34.375,
    "profit_factor": 0.5916584288999969
  },
  "win010_tr20150101-20191231_te20200101-20200331_va20200401-20200630": {
    "cumulative_return_pct": -0.7951855884551886,
    "annualized_return_pct": -3.2233386364075467,
    "max_drawdown_pct": 50.81292846727635,
    "sharpe": -0.05730940039598646,
    "win_rate_pct": 44.827586206896555,
    "profit_factor": 0.9960723223268405
  },
  "win011_tr20150701-20200630_te20200701-20200930_va20201001-20201231": {
    "cumulative_return_pct": -18.17008031519684,
    "annualized_return_pct": -55.68320203563242,
    "max_drawdown_pct": 46.308985697269065,
    "sharpe": -0.5986227094217019,
    "win_rate_pct": 41.53846153846154,
    "profit_factor": 0.8821084925729112
  },
  "win012_tr20160101-20201231_te20210101-20210331_va20210401-20210630": {
    "cumulative_return_pct": -38.224740746498334,
    "annualized_return_pct": -87.07084779515321,
    "max_drawdown_pct": 59.27382151585224,
    "sharpe": -0.8882694039920663,
    "win_rate_pct": 39.6551724137931,
    "profit_factor": 0.6385368496158051
  },
  "win013_tr20160701-20210630_te20210701-20210930_va20211001-20211231": {
    "cumulative_return_pct": -61.887228268222906,
    "annualized_return_pct": -98.00545158423346,
    "max_drawdown_pct": 64.76831740256051,
    "sharpe": -0.8920902538923031,
    "win_rate_pct": 38.095238095238095,
    "profit_factor": 0.5423001509102623
  },
  "win014_tr20170101-20211231_te20220101-20220331_va20220401-20220630": {
    "cumulative_return_pct": 21.243221679952416,
    "annualized_return_pct": 126.62146797633223,
    "max_drawdown_pct": 25.048667234341888,
    "sharpe": 1.1118662328389086,
    "win_rate_pct": 55.172413793103445,
    "profit_factor": 1.1402727828451267
  },
  "win015_tr20170701-20220630_te20220701-20220930_va20221001-20221231": {
    "cumulative_return_pct": -35.64991153523466,
    "annualized_return_pct": -83.95387442982877,
    "max_drawdown_pct": 38.45456264435292,
    "sharpe": -1.1622101669975025,
    "win_rate_pct": 40.625,
    "profit_factor": 0.6935577743953695
  },
  "win016_tr20180101-20221231_te20230101-20230331_va20230401-20230630": {
    "cumulative_return_pct": -13.271002256471512,
    "annualized_return_pct": -44.99568135928963,
    "max_drawdown_pct": 31.24666266641494,
    "sharpe": -0.6811676017422252,
    "win_rate_pct": 44.06779661016949,
    "profit_factor": 0.8647030384177417
  },
  "win017_tr20180701-20230630_te20230701-20230930_va20231001-20231231": {
    "cumulative_return_pct": -13.55861896921757,
    "annualized_return_pct": -45.75743389020362,
    "max_drawdown_pct": 20.281444050594203,
    "sharpe": -0.8021582219275234,
    "win_rate_pct": 45.3125,
    "profit_factor": 0.8442839113013074
  },
  "win018_tr20190101-20231231_te20240101-20240331_va20240401-20240630": {
    "cumulative_return_pct": -22.520697386508157,
    "annualized_return_pct": -65.74128952416459,
    "max_drawdown_pct": 53.780329587123596,
    "sharpe": -0.7487905128829754,
    "win_rate_pct": 48.275862068965516,
    "profit_factor": 0.7746276583425107
  },
  "win019_tr20190701-20240630_te20240701-20240930_va20241001-20241231": {
    "cumulative_return_pct": 70.54052250974576,
    "annualized_return_pct": 772.6370198102543,
    "max_drawdown_pct": 40.40007250858238,
    "sharpe": 6.849231982090694,
    "win_rate_pct": 52.38095238095239,
    "profit_factor": 1.363492895572296
  },
  "win020_tr20200101-20241231_te20250101-20250331_va20250401-20250630": {
    "cumulative_return_pct": -17.46296949333636,
    "annualized_return_pct": -54.91362416135941,
    "max_drawdown_pct": 34.154055225172954,
    "sharpe": -0.6658446100695355,
    "win_rate_pct": 43.859649122807014,
    "profit_factor": 0.8605614105215573
  },
  "win021_tr20200701-20250630_te20250701-20250930_va20251001-20251231": {
    "cumulative_return_pct": 12.023257066352409,
    "annualized_return_pct": 58.52913639759403,
    "max_drawdown_pct": 16.44973728618771,
    "sharpe": 0.8720551196004226,
    "win_rate_pct": 46.15384615384615,
    "profit_factor": 1.1115937276393835
  }
}