{
  "win000_tr20100101-20141231_te20150101-20150331_va20150401-20150630": {
    "cumulative_return_pct": 65.62757738449615,
    "annualized_return_pct": 774.2303614711625,
    "max_drawdown_pct": 23.413114042818123,
    "sharpe": 9.508857216452645,
    "win_rate_pct": 56.14035087719298,
    "profit_factor": 1.6612005131864103
  },
  "win001_tr20100701-20150630_te20150701-20150930_va20151001-20151231": {
    "cumulative_return_pct": -49.28031864233498,
    "annualized_return_pct": -93.63925435419854,
    "max_drawdown_pct": 65.94043050215652,
    "sharpe": -0.6306049937102098,
    "win_rate_pct": 49.2063492063492,
    "profit_factor": 0.7646284057740311
  },
  "win002_tr20110101-20151231_te20160101-20160331_va20160401-20160630": {
    "cumulative_return_pct": -72.86066847014978,
    "annualized_return_pct": -99.58111677573616,
    "max_drawdown_pct": 74.12822845084445,
    "sharpe": -1.0137826321619476,
    "win_rate_pct": 40.67796610169492,
    "profit_factor": 0.3674827893243518
  },
  "win003_tr20110701-20160630_te20160701-20160930_va20161001-20161231": {
    "cumulative_return_pct": -40.8729598889522,
    "annualized_return_pct": -88.70768955294164,
    "max_drawdown_pct": 48.25551120623349,
    "sharpe": -1.3154196947095163,
    "win_rate_pct": 42.857142857142854,
    "profit_factor": 0.5979275329156523
  },
  "win004_tr20120101-20161231_te20170101-20170331_va20170401-20170630": {
    "cumulative_return_pct": -41.276497695173056,
    "annualized_return_pct": -89.29938381141646,
    "max_drawdown_pct": 44.887178592763235,
    "sharpe": -1.182872145099559,
    "win_rate_pct": 45.76271186440678,
    "profit_factor": 0.563826915430658
  },
  "win005_tr20120701-20170630_te20170701-20170930_va20171001-20171231": {
    "cumulative_return_pct": 19.16709093619571,
    "annualized_return_pct": 107.05802719613256,
    "max_drawdown_pct": 15.774643377772641,
    "sharpe": 1.821005773706042,
    "win_rate_pct": 49.23076923076923,
    "profit_factor": 1.2646436155554377
  },
  "win006_tr20130101-20171231_te20180101-20180331_va20180401-20180630": {
    "cumulative_return_pct": 36.29420725558349,
    "annualized_return_pct": 266.92154521799455,
    "max_drawdown_pct": 31.182209306167735,
    "sharpe": 3.0702625108913084,
    "win_rate_pct": 52.54237288135594,
    "profit_factor": 1.3899870470390085
  },
  "win007_tr20130701-20180630_te20180701-20180930_va20181001-20181231": {
    "cumulative_return_pct": -34.172902883205445,
    "annualized_return_pct": -82.36902452402455,
    "max_drawdown_pct": 36.3042927211968,
    "sharpe": -1.930484831099343,
    "win_rate_pct": 42.1875,
    "profit_factor": 0.5532606579247278
  },
  "win008_tr20140101-20181231_te20190101-20190331_va20190401-20190630": {
    "cumulative_return_pct": -19.10110052725102,
    "annualized_return_pct": -59.353447457724926,
    "max_drawdown_pct": 30.658644319757407,
    "sharpe": -0.6030462102074943,
    "win_rate_pct": 48.275862068965516,
    "profit_factor": 0.869572371445405
  },
  "win009_tr20140701-20190630_te20190701-20190930_va20191001-20191231": {
    "cumulative_return_pct": -25.19130280064166,
    "annualized_return_pct": -69.2067469114182,
    "max_drawdown_pct": 37.69169141023654,
    "sharpe": -0.780914327108682,
    "win_rate_pct": 45.3125,
    "profit_factor": 0.8048153513511856
  },
  "win010_tr20150101-20191231_te20200101-20200331_va20200401-20200630": {
    "cumulative_return_pct": 1.3375992818617843,
    "annualized_return_pct": 5.604445515882128,
    "max_drawdown_pct": 43.71656769004193,
    "sharpe": 0.02565107498654576,
    "win_rate_pct": 48.275862068965516,
    "profit_factor": 1.0063453254056764
  },
  "win011_tr20150701-20200630_te20200701-20200930_va20201001-20201231": {
    "cumulative_return_pct": -38.385297759087514,
    "annualized_return_pct": -85.9890041793515,
    "max_drawdown_pct": 56.198213836041575,
    "sharpe": -1.0164452678435838,
    "win_rate_pct": 46.15384615384615,
    "profit_factor": 0.6432140585344028
  },
  "win012_tr20160101-20201231_te20210101-20210331_va20210401-20210630": {
    "cumulative_return_pct": -28.104745188981887,
    "annualized_return_pct": -75.37407598856818,
    "max_drawdown_pct": 41.40180160212136,
    "sharpe": -0.765956874377464,
    "win_rate_pct": 46.55172413793103,
    "profit_factor": 0.8040881076134354
  },
  "win013_tr20160701-20210630_te20210701-20210930_va20211001-20211231": {
    "cumulative_return_pct": 42.90120422228023,
    "annualized_return_pct": 325.7820165615767,
    "max_drawdown_pct": 38.39734332184633,
    "sharpe": 2.69505542986071,
    "win_rate_pct": 55.55555555555556,
    "profit_factor": 1.1791000225428196
  },
  "win014_tr20170101-20211231_te20220101-20220331_va20220401-20220630": {
    "cumulative_return_pct": 58.53227826599963,
    "annualized_return_pct": 607.8129291907713,
    "max_drawdown_pct": 43.37575291894158,
    "sharpe": 4.659180727501575,
    "win_rate_pct": 53.44827586206896,
    "profit_factor": 1.343824462111986
  },
  "win015_tr20170701-20220630_te20220701-20220930_va20221001-20221231": {
    "cumulative_return_pct": -33.068578498082054,
    "annualized_return_pct": -81.10853541838642,
    "max_drawdown_pct": 53.60997201157581,
    "sharpe": -0.9193443480824034,
    "win_rate_pct": 43.75,
    "profit_factor": 0.8001098707409026
  },
  "win016_tr20180101-20221231_te20230101-20230331_va20230401-20230630": {
    "cumulative_return_pct": -59.55719550698972,
    "annualized_return_pct": -97.76431213994854,
    "max_drawdown_pct": 60.51802050922704,
    "sharpe": -1.0614621544785312,
    "win_rate_pct": 40.67796610169492,
    "profit_factor": 0.49190544586847473
  },
  "win017_tr20180701-20230630_te20230701-20230930_va20231001-20231231": {
    "cumulative_return_pct": 35.449065216518285,
    "annualized_return_pct": 257.4637861973348,
    "max_drawdown_pct": 24.648543096334013,
    "sharpe": 2.4447169393644983,
    "win_rate_pct": 46.875,
    "profit_factor": 1.2209730677760562
  },
  "win018_tr20190101-20231231_te20240101-20240331_va20240401-20240630": {
    "cumulative_return_pct": -4.765051397989958,
    "annualized_return_pct": -18.533091634250887,
    "max_drawdown_pct": 32.96642786544427,
    "sharpe": -0.20015261135640125,
    "win_rate_pct": 48.275862068965516,
    "profit_factor": 0.9643521499769955
  },
  "win019_tr20190701-20240630_te20240701-20240930_va20241001-20241231": {
    "cumulative_return_pct": 121.62310255416529,
    "annualized_return_pct": 2427.0916820661405,
    "max_drawdown_pct": 23.936352780773937,
    "sharpe": 18.13483050229406,
    "win_rate_pct": 53.96825396825397,
    "profit_factor": 1.4558055224186905
  },
  "win020_tr20200101-20241231_te20250101-20250331_va20250401-20250630": {
    "cumulative_return_pct": -27.199701132277994,
    "annualized_return_pct": -73.22223722441777,
    "max_drawdown_pct": 41.86376120661791,
    "sharpe": -0.9118072269215488,
    "win_rate_pct": 54.385964912280706,
    "profit_factor": 0.7800916664649541
  },
  "win021_tr20200701-20250630_te20250701-20250930_va20251001-20251231": {
    "cumulative_return_pct": -18.436118742808432,
    "annualized_return_pct": -56.26502210026023,
    "max_drawdown_pct": 53.5864975479692,
    "sharpe": -0.6755283523080496,
    "win_rate_pct": 49.23076923076923,
    "profit_factor": 0.8657440905775337
  }
}