{
  "win000_tr20100101-20141231_te20150101-20150331_va20150401-20150630": {
    "cumulative_return_pct": 45.875184740149415,
    "annualized_return_pct": 406.5680604141491,
    "max_drawdown_pct": 24.055184666054956,
    "sharpe": 5.957734384158524,
    "win_rate_pct": 54.385964912280706,
    "profit_factor": 1.6943891747892674
  },
  "win001_tr20100701-20150630_te20150701-20150930_va20151001-20151231": {
    "cumulative_return_pct": -63.157403112939726,
    "annualized_return_pct": -98.26178016739833,
    "max_drawdown_pct": 66.24785704940373,
    "sharpe": -0.6809039894054595,
    "win_rate_pct": 47.61904761904761,
    "profit_factor": 0.6786644748440992
  },
  "win002_tr20110101-20151231_te20160101-20160331_va20160401-20160630": {
    "cumulative_return_pct": -20.107764996420315,
    "annualized_return_pct": -61.033868394337134,
    "max_drawdown_pct": 34.735932862447235,
    "sharpe": -0.6276212269702259,
    "win_rate_pct": 52.54237288135594,
    "profit_factor": 0.8441837070894777
  },
  "win003_tr20110701-20160630_te20160701-20160930_va20161001-20161231": {
    "cumulative_return_pct": 3.93043983709265,
    "annualized_return_pct": 17.35240345816549,
    "max_drawdown_pct": 31.20976512039889,
    "sharpe": 0.19630859189282734,
    "win_rate_pct": 50.79365079365079,
    "profit_factor": 1.0379447128193513
  },
  "win004_tr20120101-20161231_te20170101-20170331_va20170401-20170630": {
    "cumulative_return_pct": -14.411201005316526,
    "annualized_return_pct": -47.9683452219109,
    "max_drawdown_pct": 32.17949069013702,
    "sharpe": -0.8986848183064458,
    "win_rate_pct": 57.6271186440678,
    "profit_factor": 0.8131149260303883
  },
  "win005_tr20120701-20170630_te20170701-20170930_va20171001-20171231": {
    "cumulative_return_pct": -10.074262540615129,
    "annualized_return_pct": -35.6434979276709,
    "max_drawdown_pct": 33.80717427923707,
    "sharpe": -0.6080562389988378,
    "win_rate_pct": 52.307692307692314,
    "profit_factor": 0.8733142525057873
  },
  "win006_tr20130101-20171231_te20180101-20180331_va20180401-20180630": {
    "cumulative_return_pct": -29.89067937021931,
    "annualized_return_pct": -77.48229679441648,
    "max_drawdown_pct": 38.02834363697419,
    "sharpe": -1.0225990490312833,
    "win_rate_pct": 49.152542372881356,
    "profit_factor": 0.7028004527125625
  },
  "win007_tr20130701-20180630_te20180701-20180930_va20181001-20181231": {
    "cumulative_return_pct": -50.237029222947584,
    "annualized_return_pct": -94.47936633575651,
    "max_drawdown_pct": 56.01110705150359,
    "sharpe": -1.2969232319559798,
    "win_rate_pct": 43.75,
    "profit_factor": 0.5946700490639477
  },
  "win008_tr20140101-20181231_te20190101-20190331_va20190401-20190630": {
    "cumulative_return_pct": -41.9826554305642,
    "annualized_return_pct": -90.09605583119749,
    "max_drawdown_pct": 54.453410140275885,
    "sharpe": -0.7891059667132169,
    "win_rate_pct": 44.827586206896555,
    "profit_factor": 0.7196255078070213
  },
  "win009_tr20140701-20190630_te20190701-20190930_va20191001-20191231": {
    "cumulative_return_pct": -1.3661424036994343,
    "annualized_return_pct": -5.429520056851544,
    "max_drawdown_pct": 28.007386811094488,
    "sharpe": -0.14482460653893173,
    "win_rate_pct": 50.0,
    "profit_factor": 0.9831466412978673
  },
  "win010_tr20150101-20191231_te20200101-20200331_va20200401-20200630": {
    "cumulative_return_pct": -25.01292884198249,
    "annualized_return_pct": -69.31313111900963,
    "max_drawdown_pct": 50.82726740051987,
    "sharpe": -0.6016653987389587,
    "win_rate_pct": 46.55172413793103,
    "profit_factor": 0.8558572872151295
  },
  "win011_tr20150701-20200630_te20200701-20200930_va20201001-20201231": {
    "cumulative_return_pct": -20.025720610194515,
    "annualized_return_pct": -59.62243622266895,
    "max_drawdown_pct": 33.501342868708434,
    "sharpe": -0.883952000981589,
    "win_rate_pct": 47.69230769230769,
    "profit_factor": 0.8258681922718248
  },
  "win012_tr20160101-20201231_te20210101-20210331_va20210401-20210630": {
    "cumulative_return_pct": -42.48232400091302,
    "annualized_return_pct": -90.453286163888,
    "max_drawdown_pct": 57.654138979839274,
    "sharpe": -0.9653864611257013,
    "win_rate_pct": 44.827586206896555,
    "profit_factor": 0.6343571998468164
  },
  "win013_tr20160701-20210630_te20210701-20210930_va20211001-20211231": {
    "cumulative_return_pct": -60.954692488735475,
    "annualized_return_pct": -97.79986039069968,
    "max_drawdown_pct": 66.94034030084761,
    "sharpe": -1.0484065280529462,
    "win_rate_pct": 42.857142857142854,
    "profit_factor": 0.5156439447758688
  },
  "win014_tr20170101-20211231_te20220101-20220331_va20220401-20220630": {
    "cumulative_return_pct": -34.88830116509304,
    "annualized_return_pct": -83.83437305321979,
    "max_drawdown_pct": 49.65073920481056,
    "sharpe": -1.3311333322959304,
    "win_rate_pct": 44.827586206896555,
    "profit_factor": 0.6072865416326053
  },
  "win015_tr20170701-20220630_te20220701-20220930_va20221001-20221231": {
    "cumulative_return_pct": -5.294551540482871,
    "annualized_return_pct": -20.211062630602207,
    "max_drawdown_pct": 39.114423606843864,
    "sharpe": -0.29268046070051457,
    "win_rate_pct": 40.625,
    "profit_factor": 0.9650609315539493
  },
  "win016_tr20180101-20221231_te20230101-20230331_va20230401-20230630": {
    "cumulative_return_pct": -40.66975647668835,
    "annualized_return_pct": -88.82749254590524,
    "max_drawdown_pct": 48.742731177087784,
    "sharpe": -1.5248753096602974,
    "win_rate_pct": 33.89830508474576,
    "profit_factor": 0.5768815773974199
  },
  "win017_tr20180701-20230630_te20230701-20230930_va20231001-20231231": {
    "cumulative_return_pct": -29.83165430175237,
    "annualized_return_pct": -77.40260007080819,
    "max_drawdown_pct": 38.775081638734086,
    "sharpe": -1.3360974032221062,
    "win_rate_pct": 35.9375,
    "profit_factor": 0.6977834115994662
  },
  "win018_tr20190101-20231231_te20240101-20240331_va20240401-20240630": {
    "cumulative_return_pct": 10.389968294788828,
    "annualized_return_pct": 51.43642186874013,
    "max_drawdown_pct": 26.783170511054628,
    "sharpe": 0.6035429952168764,
    "win_rate_pct": 43.103448275862064,
    "profit_factor": 1.0877863761823363
  },
  "win019_tr20190701-20240630_te20240701-20240930_va20241001-20241231": {
    "cumulative_return_pct": 161.02220961964005,
    "annualized_return_pct": 4809.259987371294,
    "max_drawdown_pct": 23.19382671014636,
    "sharpe": 52.41919663245134,
    "win_rate_pct": 63.49206349206349,
    "profit_factor": 2.2090693511449393
  },
  "win020_tr20200101-20241231_te20250101-20250331_va20250401-20250630": {
    "cumulative_return_pct": 6.8286813711261605,
    "annualized_return_pct": 31.543971932610624,
    "max_drawdown_pct": 18.49547511565471,
    "sharpe": 0.3084614636046587,
    "win_rate_pct": 40.35087719298245,
    "profit_factor": 1.062887917567989
  },
  "win021_tr20200701-20250630_te20250701-20250930_va20251001-20251231": {
    "cumulative_return_pct": -14.096462060926562,
    "annualized_return_pct": -46.02472706073408,
    "max_drawdown_pct": 20.591823989954154,
    "sharpe": -0.7776754953751593,
    "win_rate_pct": 47.69230769230769,
    "profit_factor": 0.8407410549563967
  }
}