{
  "win000_tr20100101-20141231_te20150101-20150331_va20150401-20150630": {
    "cumulative_return_pct": 83.37420180618055,
    "annualized_return_pct": 1253.8791264555166,
    "max_drawdown_pct": 22.25238496139067,
    "sharpe": 17.108910144887137,
    "win_rate_pct": 56.14035087719298,
    "profit_factor": 2.0773753784533837
  },
  "win001_tr20100701-20150630_te20150701-20150930_va20151001-20151231": {
    "cumulative_return_pct": -55.49645531036911,
    "annualized_return_pct": -96.25830744168573,
    "max_drawdown_pct": 68.25824089030522,
    "sharpe": -0.7483700378264588,
    "win_rate_pct": 46.03174603174603,
    "profit_factor": 0.7361502352199261
  },
  "win002_tr20110101-20151231_te20160101-20160331_va20160401-20160630": {
    "cumulative_return_pct": -43.32178394623183,
    "annualized_return_pct": -90.77910517302195,
    "max_drawdown_pct": 38.614999301242456,
    "sharpe": -0.9927505141118864,
    "win_rate_pct": 38.983050847457626,
    "profit_factor": 0.6407051421757617
  },
  "win003_tr20110701-20160630_te20160701-20160930_va20161001-20161231": {
    "cumulative_return_pct": -21.724059227064917,
    "annualized_return_pct": -63.81763171794166,
    "max_drawdown_pct": 37.697674586343105,
    "sharpe": -0.9032525277599299,
    "win_rate_pct": 44.44444444444444,
    "profit_factor": 0.7985359564963306
  },
  "win004_tr20120101-20161231_te20170101-20170331_va20170401-20170630": {
    "cumulative_return_pct": 0.3654585602002451,
    "annualized_return_pct": 1.5432866014247093,
    "max_drawdown_pct": 30.20380281438465,
    "sharpe": -0.023205247752859433,
    "win_rate_pct": 50.847457627118644,
    "profit_factor": 1.004141992084126
  },
  "win005_tr20120701-20170630_te20170701-20170930_va20171001-20171231": {
    "cumulative_return_pct": -12.143790272237151,
    "annualized_return_pct": -41.57162951326379,
    "max_drawdown_pct": 24.77950873822035,
    "sharpe": -0.7639438489827396,
    "win_rate_pct": 46.15384615384615,
    "profit_factor": 0.8552045193794618
  },
  "win006_tr20130101-20171231_te20180101-20180331_va20180401-20180630": {
    "cumulative_return_pct": -40.57796031383305,
    "annualized_return_pct": -88.7547406290035,
    "max_drawdown_pct": 46.723635230021266,
    "sharpe": -1.375093904005779,
    "win_rate_pct": 37.28813559322034,
    "profit_factor": 0.5578410357423013
  },
  "win007_tr20130701-20180630_te20180701-20180930_va20181001-20181231": {
    "cumulative_return_pct": -46.03646955268864,
    "annualized_return_pct": -92.27205083981934,
    "max_drawdown_pct": 46.519578462205814,
    "sharpe": -1.77482775136554,
    "win_rate_pct": 39.0625,
    "profit_factor": 0.473479525797109
  },
  "win008_tr20140101-20181231_te20190101-20190331_va20190401-20190630": {
    "cumulative_return_pct": -12.801675643955054,
    "annualized_return_pct": -44.11020277688471,
    "max_drawdown_pct": 54.439201229378575,
    "sharpe": -0.4136856122500047,
    "win_rate_pct": 43.103448275862064,
    "profit_factor": 0.9093856166395938
  },
  "win009_tr20140701-20190630_te20190701-20190930_va20191001-20191231": {
    "cumulative_return_pct": -47.59082884500554,
    "annualized_return_pct": -92.73457108885322,
    "max_drawdown_pct": 48.292044126171376,
    "sharpe": -0.9760384044598037,
    "win_rate_pct": 42.1875,
    "profit_factor": 0.637499382073578
  },
  "win010_tr20150101-20191231_te20200101-20200331_va20200401-20200630": {
    "cumulative_return_pct": -23.081516073975923,
    "annualized_return_pct": -65.9374042570167,
    "max_drawdown_pct": 35.40645272463966,
    "sharpe": -0.6939434061183654,
    "win_rate_pct": 39.6551724137931,
    "profit_factor": 0.8459270612366189
  },
  "win011_tr20150701-20200630_te20200701-20200930_va20201001-20201231": {
    "cumulative_return_pct": -10.185756797808407,
    "annualized_return_pct": -35.33648179796689,
    "max_drawdown_pct": 39.67577432287378,
    "sharpe": -0.6190873751069784,
    "win_rate_pct": 49.23076923076923,
    "profit_factor": 0.9069641188282405
  },
  "win012_tr20160101-20201231_te20210101-20210331_va20210401-20210630": {
    "cumulative_return_pct": -44.280440522072894,
    "annualized_return_pct": -91.65798502416963,
    "max_drawdown_pct": 59.37367705433362,
    "sharpe": -0.9514367375860981,
    "win_rate_pct": 37.93103448275862,
    "profit_factor": 0.6813652557289268
  },
  "win013_tr20160701-20210630_te20210701-20210930_va20211001-20211231": {
    "cumulative_return_pct": -1.4807396018837344,
    "annualized_return_pct": -5.874642639164973,
    "max_drawdown_pct": 38.44998662998309,
    "sharpe": -0.09338172085006319,
    "win_rate_pct": 52.38095238095239,
    "profit_factor": 0.9889354813864001
  },
  "win014_tr20170101-20211231_te20220101-20220331_va20220401-20220630": {
    "cumulative_return_pct": -50.27388375702547,
    "annualized_return_pct": -94.85522577982282,
    "max_drawdown_pct": 51.673839182313664,
    "sharpe": -1.1161453211378252,
    "win_rate_pct": 48.275862068965516,
    "profit_factor": 0.5177837447081298
  },
  "win015_tr20170701-20220630_te20220701-20220930_va20221001-20221231": {
    "cumulative_return_pct": -25.806017935610782,
    "annualized_return_pct": -71.02947464439721,
    "max_drawdown_pct": 38.80022569972258,
    "sharpe": -0.9580293871569842,
    "win_rate_pct": 43.75,
    "profit_factor": 0.7658538109595946
  },
  "win016_tr20180101-20221231_te20230101-20230331_va20230401-20230630": {
    "cumulative_return_pct": 20.770776165692695,
    "annualized_return_pct": 120.85055125217838,
    "max_drawdown_pct": 22.36761323713261,
    "sharpe": 1.696400601121918,
    "win_rate_pct": 47.45762711864407,
    "profit_factor": 1.2224908576016003
  },
  "win017_tr20180701-20230630_te20230701-20230930_va20231001-20231231": {
    "cumulative_return_pct": 38.19276538104796,
    "annualized_return_pct": 288.86251070072234,
    "max_drawdown_pct": 23.380670030346273,
    "sharpe": 4.774795422972108,
    "win_rate_pct": 54.6875,
    "profit_factor": 1.5137538752252868
  },
  "win018_tr20190101-20231231_te20240101-20240331_va20240401-20240630": {
    "cumulative_return_pct": -52.335208898338415,
    "annualized_return_pct": -95.54358993574694,
    "max_drawdown_pct": 54.305705160933094,
    "sharpe": -1.3039750115042936,
    "win_rate_pct": 43.103448275862064,
    "profit_factor": 0.49128004420664756
  },
  "win019_tr20190701-20240630_te20240701-20240930_va20241001-20241231": {
    "cumulative_return_pct": 12.240230470435415,
    "annualized_return_pct": 59.7789383701548,
    "max_drawdown_pct": 45.98146646547911,
    "sharpe": 0.48267880073190966,
    "win_rate_pct": 47.61904761904761,
    "profit_factor": 1.1040945082573221
  },
  "win020_tr20200101-20241231_te20250101-20250331_va20250401-20250630": {
    "cumulative_return_pct": -6.600291754239611,
    "annualized_return_pct": -24.678830037995148,
    "max_drawdown_pct": 22.802186823127915,
    "sharpe": -0.4149122245546314,
    "win_rate_pct": 45.614035087719294,
    "profit_factor": 0.9271689942705649
  },
  "win021_tr20200701-20250630_te20250701-20250930_va20251001-20251231": {
    "cumulative_return_pct": -40.85972431472935,
    "annualized_return_pct": -88.13612468343842,
    "max_drawdown_pct": 40.00280732231775,
    "sharpe": -1.5122222164407357,
    "win_rate_pct": 32.30769230769231,
    "profit_factor": 0.5973489632160456
  }
}