{
  "size": 7,
  "models": "DLinear,FiLM,FreTS,LightTS,PatchTST,TimeMixer,WPMixer",
  "num_windows": 22,
  "mean_test_cumulative_return_pct": -11.5773057560928,
  "std_test_cumulative_return_pct": 29.718867429766913,
  "min_test_cumulative_return_pct": -70.13355155357515,
  "max_test_cumulative_return_pct": 68.17794105748914,
  "mean_test_annualized_return_pct": 11.337518871908031,
  "mean_test_max_drawdown_pct": 36.8831629983099,
  "mean_test_sharpe": 0.047298635327053695,
  "mean_test_win_rate_pct": 45.087238303597616,
  "mean_test_profit_factor": 0.8860905591337521
}