{
  "win000_tr20100101-20141231_te20150101-20150331_va20150401-20150630": {
    "cumulative_return_pct": 9.754736391256866,
    "annualized_return_pct": 49.17676101267894,
    "max_drawdown_pct": 21.673730527926313,
    "sharpe": 0.8375504448331672,
    "win_rate_pct": 49.122807017543856,
    "profit_factor": 1.1438680233227174
  },
  "win001_tr20100701-20150630_te20150701-20150930_va20151001-20151231": {
    "cumulative_return_pct": -34.16997111622971,
    "annualized_return_pct": -81.67245679795336,
    "max_drawdown_pct": 55.499904550625835,
    "sharpe": -0.6146322047859925,
    "win_rate_pct": 50.79365079365079,
    "profit_factor": 0.8474605573492704
  },
  "win002_tr20110101-20151231_te20160101-20160331_va20160401-20160630": {
    "cumulative_return_pct": -36.767502478749584,
    "annualized_return_pct": -85.40202498087486,
    "max_drawdown_pct": 41.34864537027248,
    "sharpe": -0.9653500010639479,
    "win_rate_pct": 45.76271186440678,
    "profit_factor": 0.6666331850363933
  },
  "win003_tr20110701-20160630_te20160701-20160930_va20161001-20161231": {
    "cumulative_return_pct": -3.234632862366573,
    "annualized_return_pct": -12.757184339622041,
    "max_drawdown_pct": 36.500029106082785,
    "sharpe": -0.22540374100058402,
    "win_rate_pct": 52.38095238095239,
    "profit_factor": 0.9691370579525949
  },
  "win004_tr20120101-20161231_te20170101-20170331_va20170401-20170630": {
    "cumulative_return_pct": -8.925924432191417,
    "annualized_return_pct": -32.46513280653913,
    "max_drawdown_pct": 31.28671811674581,
    "sharpe": -0.5698908702549312,
    "win_rate_pct": 49.152542372881356,
    "profit_factor": 0.8810461044775263
  },
  "win005_tr20120701-20170630_te20170701-20170930_va20171001-20171231": {
    "cumulative_return_pct": -25.425576794373956,
    "annualized_return_pct": -70.4079054879769,
    "max_drawdown_pct": 27.94776031481841,
    "sharpe": -1.4244452149471205,
    "win_rate_pct": 40.0,
    "profit_factor": 0.652137287275766
  },
  "win006_tr20130101-20171231_te20180101-20180331_va20180401-20180630": {
    "cumulative_return_pct": -2.8533388770497172,
    "annualized_return_pct": -11.443841942023091,
    "max_drawdown_pct": 41.34048066376806,
    "sharpe": -0.14979352813853655,
    "win_rate_pct": 44.06779661016949,
    "profit_factor": 0.9720325411373848
  },
  "win007_tr20130701-20180630_te20180701-20180930_va20181001-20181231": {
    "cumulative_return_pct": -70.13355155357515,
    "annualized_return_pct": -99.33669438577941,
    "max_drawdown_pct": 70.99450422538968,
    "sharpe": -1.4562155119496412,
    "win_rate_pct": 34.375,
    "profit_factor": 0.3354380136067019
  },
  "win008_tr20140101-20181231_te20190101-20190331_va20190401-20190630": {
    "cumulative_return_pct": -3.924258640506375,
    "annualized_return_pct": -15.635651917215853,
    "max_drawdown_pct": 34.96948938464365,
    "sharpe": -0.18852881335210486,
    "win_rate_pct": 44.827586206896555,
    "profit_factor": 0.970448102828562
  },
  "win009_tr20140701-20190630_te20190701-20190930_va20191001-20191231": {
    "cumulative_return_pct": -5.9397572300720265,
    "annualized_return_pct": -22.00386717386349,
    "max_drawdown_pct": 26.084562262180256,
    "sharpe": -0.38695787819250915,
    "win_rate_pct": 50.0,
    "profit_factor": 0.9438550161048274
  },
  "win010_tr20150101-20191231_te20200101-20200331_va20200401-20200630": {
    "cumulative_return_pct": 27.538855792518657,
    "annualized_return_pct": 171.36245861966114,
    "max_drawdown_pct": 41.39942688939826,
    "sharpe": 1.557546500000175,
    "win_rate_pct": 44.827586206896555,
    "profit_factor": 1.1560720179805428
  },
  "win011_tr20150701-20200630_te20200701-20200930_va20201001-20201231": {
    "cumulative_return_pct": -36.47594014781364,
    "annualized_return_pct": -84.14166031793185,
    "max_drawdown_pct": 43.578630871534266,
    "sharpe": -1.3613911655309472,
    "win_rate_pct": 44.61538461538462,
    "profit_factor": 0.6490185895770443
  },
  "win012_tr20160101-20201231_te20210101-20210331_va20210401-20210630": {
    "cumulative_return_pct": -23.20402931153658,
    "annualized_return_pct": -67.41470449979496,
    "max_drawdown_pct": 43.27792413515192,
    "sharpe": -0.8812028278029697,
    "win_rate_pct": 44.827586206896555,
    "profit_factor": 0.7640725451532157
  },
  "win013_tr20160701-20210630_te20210701-20210930_va20211001-20211231": {
    "cumulative_return_pct": -4.915995289745473,
    "annualized_return_pct": -18.500903347501097,
    "max_drawdown_pct": 31.74456245033193,
    "sharpe": -0.231773016425005,
    "win_rate_pct": 44.44444444444444,
    "profit_factor": 0.9678275009910761
  },
  "win014_tr20170101-20211231_te20220101-20220331_va20220401-20220630": {
    "cumulative_return_pct": -15.143588231430622,
    "annualized_return_pct": -50.21286552402317,
    "max_drawdown_pct": 45.09445090140709,
    "sharpe": -0.6580263265527638,
    "win_rate_pct": 50.0,
    "profit_factor": 0.8376361539679319
  },
  "win015_tr20170701-20220630_te20220701-20220930_va20221001-20221231": {
    "cumulative_return_pct": 3.1492188972944044,
    "annualized_return_pct": 13.734262826941412,
    "max_drawdown_pct": 27.84315842144372,
    "sharpe": 0.11818095744166049,
    "win_rate_pct": 45.3125,
    "profit_factor": 1.0251982974710312
  },
  "win016_tr20180101-20221231_te20230101-20230331_va20230401-20230630": {
    "cumulative_return_pct": -49.46175999569563,
    "annualized_return_pct": -94.30209142396389,
    "max_drawdown_pct": 53.373271873138485,
    "sharpe": -1.4469242684805308,
    "win_rate_pct": 28.8135593220339,
    "profit_factor": 0.5151128318874819
  },
  "win017_tr20180701-20230630_te20230701-20230930_va20231001-20231231": {
    "cumulative_return_pct": 28.930910846007503,
    "annualized_return_pct": 190.60918905375038,
    "max_drawdown_pct": 15.814115063825685,
    "sharpe": 3.3481961596691314,
    "win_rate_pct": 51.5625,
    "profit_factor": 1.32419054581876
  },
  "win018_tr20190101-20231231_te20240101-20240331_va20240401-20240630": {
    "cumulative_return_pct": -55.58898469631144,
    "annualized_return_pct": -96.6881647620654,
    "max_drawdown_pct": 53.20076290602961,
    "sharpe": -1.190474201630978,
    "win_rate_pct": 37.93103448275862,
    "profit_factor": 0.4670738317702878
  },
  "win019_tr20190701-20240630_te20240701-20240930_va20241001-20241231": {
    "cumulative_return_pct": 68.17794105748914,
    "annualized_return_pct": 724.6050406168971,
    "max_drawdown_pct": 22.423127582638553,
    "sharpe": 7.911960106699063,
    "win_rate_pct": 52.38095238095239,
    "profit_factor": 1.570387269075482
  },
  "win020_tr20200101-20241231_te20250101-20250331_va20250401-20250630": {
    "cumulative_return_pct": -5.956804394234321,
    "annualized_return_pct": -22.501470102020647,
    "max_drawdown_pct": 23.700637111570437,
    "sharpe": -0.35491521959314226,
    "win_rate_pct": 42.10526315789473,
    "profit_factor": 0.9351547943419365
  },
  "win021_tr20200701-20250630_te20250701-20250930_va20251001-20251231": {
    "cumulative_return_pct": -10.130773566725955,
    "annualized_return_pct": -35.17567713880312,
    "max_drawdown_pct": 22.3336932338945,
    "sharpe": -0.6269394017463099,
    "win_rate_pct": 44.61538461538462,
    "profit_factor": 0.9001920338160103
  }
}