{
  "win000_tr20100101-20141231_te20150101-20150331_va20150401-20150630": {
    "cumulative_return_pct": 59.73311092356618,
    "annualized_return_pct": 648.1696114135133,
    "max_drawdown_pct": 18.506504243746356,
    "sharpe": 8.413512106765893,
    "win_rate_pct": 57.89473684210527,
    "profit_factor": 1.7598736163123867
  },
  "win001_tr20100701-20150630_te20150701-20150930_va20151001-20151231": {
    "cumulative_return_pct": -64.87895675088366,
    "annualized_return_pct": -98.56859983270184,
    "max_drawdown_pct": 63.925182893476695,
    "sharpe": -0.6651310740682296,
    "win_rate_pct": 52.38095238095239,
    "profit_factor": 0.6836562001983814
  },
  "win002_tr20110101-20151231_te20160101-20160331_va20160401-20160630": {
    "cumulative_return_pct": -18.541442718912833,
    "annualized_return_pct": -57.724597013187484,
    "max_drawdown_pct": 43.630601304905205,
    "sharpe": -0.5708259952974327,
    "win_rate_pct": 52.54237288135594,
    "profit_factor": 0.8568421938449524
  },
  "win003_tr20110701-20160630_te20160701-20160930_va20161001-20161231": {
    "cumulative_return_pct": 35.28670589236652,
    "annualized_return_pct": 250.5769303657954,
    "max_drawdown_pct": 16.089697981706358,
    "sharpe": 3.46333027593533,
    "win_rate_pct": 57.14285714285714,
    "profit_factor": 1.34335274357265
  },
  "win004_tr20120101-20161231_te20170101-20170331_va20170401-20170630": {
    "cumulative_return_pct": -25.158195873060414,
    "annualized_return_pct": -70.37742318825708,
    "max_drawdown_pct": 25.121922331456442,
    "sharpe": -1.6323533922260507,
    "win_rate_pct": 45.76271186440678,
    "profit_factor": 0.6253992923827165
  },
  "win005_tr20120701-20170630_te20170701-20170930_va20171001-20171231": {
    "cumulative_return_pct": -33.06629005280994,
    "annualized_return_pct": -81.10585435517103,
    "max_drawdown_pct": 44.57371936016958,
    "sharpe": -1.1319718451181053,
    "win_rate_pct": 47.69230769230769,
    "profit_factor": 0.6472688778424371
  },
  "win006_tr20130101-20171231_te20180101-20180331_va20180401-20180630": {
    "cumulative_return_pct": 20.803965817712946,
    "annualized_return_pct": 121.10546963578028,
    "max_drawdown_pct": 43.8179188756456,
    "sharpe": 1.0227954942307258,
    "win_rate_pct": 44.06779661016949,
    "profit_factor": 1.154612847351388
  },
  "win007_tr20130701-20180630_te20180701-20180930_va20181001-20181231": {
    "cumulative_return_pct": -62.608662788291106,
    "annualized_return_pct": -98.31439079783928,
    "max_drawdown_pct": 64.95910376991337,
    "sharpe": -1.4467153492442202,
    "win_rate_pct": 37.5,
    "profit_factor": 0.3907066323289147
  },
  "win008_tr20140101-20181231_te20190101-20190331_va20190401-20190630": {
    "cumulative_return_pct": 14.486521701790837,
    "annualized_return_pct": 77.63773888759815,
    "max_drawdown_pct": 47.20729275899132,
    "sharpe": 0.6876910283280598,
    "win_rate_pct": 41.37931034482759,
    "profit_factor": 1.098327733846816
  },
  "win009_tr20140701-20190630_te20190701-20190930_va20191001-20191231": {
    "cumulative_return_pct": -27.14052566538183,
    "annualized_return_pct": -72.33552159726109,
    "max_drawdown_pct": 39.02149921396779,
    "sharpe": -1.3493715038923273,
    "win_rate_pct": 43.75,
    "profit_factor": 0.6315565416810244
  },
  "win010_tr20150101-20191231_te20200101-20200331_va20200401-20200630": {
    "cumulative_return_pct": -42.13434319176034,
    "annualized_return_pct": -89.40767404530364,
    "max_drawdown_pct": 57.828412945277854,
    "sharpe": -0.7422470099085335,
    "win_rate_pct": 43.103448275862064,
    "profit_factor": 0.7757833248947448
  },
  "win011_tr20150701-20200630_te20200701-20200930_va20201001-20201231": {
    "cumulative_return_pct": -30.74674247572019,
    "annualized_return_pct": -77.48597358175486,
    "max_drawdown_pct": 48.074529484683396,
    "sharpe": -1.205551077927639,
    "win_rate_pct": 38.46153846153847,
    "profit_factor": 0.7168003991304369
  },
  "win012_tr20160101-20201231_te20210101-20210331_va20210401-20210630": {
    "cumulative_return_pct": -27.465127165424498,
    "annualized_return_pct": -74.43007132879707,
    "max_drawdown_pct": 50.11101933989045,
    "sharpe": -0.8049744356140222,
    "win_rate_pct": 53.44827586206896,
    "profit_factor": 0.8116338380506504
  },
  "win013_tr20160701-20210630_te20210701-20210930_va20211001-20211231": {
    "cumulative_return_pct": -59.13933492269181,
    "annualized_return_pct": -97.35425566367022,
    "max_drawdown_pct": 65.2134568511214,
    "sharpe": -0.9216373141690531,
    "win_rate_pct": 38.095238095238095,
    "profit_factor": 0.5919517774305639
  },
  "win014_tr20170101-20211231_te20220101-20220331_va20220401-20220630": {
    "cumulative_return_pct": -50.74098731023238,
    "annualized_return_pct": -95.05736916384792,
    "max_drawdown_pct": 57.09999414031466,
    "sharpe": -1.1737653784547102,
    "win_rate_pct": 41.37931034482759,
    "profit_factor": 0.5786455189371039
  },
  "win015_tr20170701-20220630_te20220701-20220930_va20221001-20221231": {
    "cumulative_return_pct": -46.184687073875104,
    "annualized_return_pct": -92.35976941491208,
    "max_drawdown_pct": 52.89565851080632,
    "sharpe": -1.1109320534042042,
    "win_rate_pct": 40.625,
    "profit_factor": 0.675776763702479
  },
  "win016_tr20180101-20221231_te20230101-20230331_va20230401-20230630": {
    "cumulative_return_pct": 7.3821750523548335,
    "annualized_return_pct": 34.8533978714936,
    "max_drawdown_pct": 30.145857232643426,
    "sharpe": 0.40929107936819,
    "win_rate_pct": 44.06779661016949,
    "profit_factor": 1.0667198212594697
  },
  "win017_tr20180701-20230630_te20230701-20230930_va20231001-20231231": {
    "cumulative_return_pct": -50.11855974120435,
    "annualized_return_pct": -94.60657640957967,
    "max_drawdown_pct": 56.536152427180596,
    "sharpe": -1.609811277837863,
    "win_rate_pct": 40.625,
    "profit_factor": 0.4984248486770869
  },
  "win018_tr20190101-20231231_te20240101-20240331_va20240401-20240630": {
    "cumulative_return_pct": -14.705538288064988,
    "annualized_return_pct": -48.71544404937779,
    "max_drawdown_pct": 44.64844406367252,
    "sharpe": -0.5714365792255656,
    "win_rate_pct": 46.55172413793103,
    "profit_factor": 0.8587485957825811
  },
  "win019_tr20190701-20240630_te20240701-20240930_va20241001-20241231": {
    "cumulative_return_pct": 297.97257423190604,
    "annualized_return_pct": 27089.674623391853,
    "max_drawdown_pct": 30.226421919256868,
    "sharpe": 216.85666400475304,
    "win_rate_pct": 60.317460317460316,
    "profit_factor": 2.9245852382471225
  },
  "win020_tr20200101-20241231_te20250101-20250331_va20250401-20250630": {
    "cumulative_return_pct": -28.154512144240595,
    "annualized_return_pct": -74.65009558723241,
    "max_drawdown_pct": 40.01378106065811,
    "sharpe": -1.1339615516538655,
    "win_rate_pct": 38.59649122807017,
    "profit_factor": 0.7146486206904547
  },
  "win021_tr20200701-20250630_te20250701-20250930_va20251001-20251231": {
    "cumulative_return_pct": -28.840248454040324,
    "annualized_return_pct": -74.8627344150972,
    "max_drawdown_pct": 32.81085608081718,
    "sharpe": -1.3764414684766861,
    "win_rate_pct": 46.15384615384615,
    "profit_factor": 0.6854028005979287
  }
}