{
  "size": 2,
  "models": "DLinear,TimeMixer",
  "num_windows": 22,
  "mean_test_cumulative_return_pct": -18.252430202198738,
  "std_test_cumulative_return_pct": 39.85920147810657,
  "min_test_cumulative_return_pct": -62.785302676482615,
  "max_test_cumulative_return_pct": 117.24402073881934,
  "mean_test_annualized_return_pct": 73.19614902153545,
  "mean_test_max_drawdown_pct": 41.40608948934219,
  "mean_test_sharpe": 0.4087690846760683,
  "mean_test_win_rate_pct": 43.98302930125848,
  "mean_test_profit_factor": 0.796418599923592
}