{
  "win000_tr20100101-20141231_te20150101-20150331_va20150401-20150630": {
    "cumulative_return_pct": 34.01325563635827,
    "annualized_return_pct": 251.85311040164288,
    "max_drawdown_pct": 20.161187166558417,
    "sharpe": 3.890846096644102,
    "win_rate_pct": 57.89473684210527,
    "profit_factor": 1.4922036660095521
  },
  "win001_tr20100701-20150630_te20150701-20150930_va20151001-20151231": {
    "cumulative_return_pct": -13.320822602192289,
    "annualized_return_pct": -44.01940801451164,
    "max_drawdown_pct": 49.85674237580162,
    "sharpe": -0.32018396471719235,
    "win_rate_pct": 47.61904761904761,
    "profit_factor": 0.9378860944407054
  },
  "win002_tr20110101-20151231_te20160101-20160331_va20160401-20160630": {
    "cumulative_return_pct": -44.90085775643966,
    "annualized_return_pct": -91.81055214997508,
    "max_drawdown_pct": 59.74396233546104,
    "sharpe": -0.9991022506279013,
    "win_rate_pct": 47.45762711864407,
    "profit_factor": 0.5895978785765704
  },
  "win003_tr20110701-20160630_te20160701-20160930_va20161001-20161231": {
    "cumulative_return_pct": -40.23509617938005,
    "annualized_return_pct": -88.19340096756224,
    "max_drawdown_pct": 46.31852967890589,
    "sharpe": -1.8032873744752829,
    "win_rate_pct": 38.095238095238095,
    "profit_factor": 0.46442749511914455
  },
  "win004_tr20120101-20161231_te20170101-20170331_va20170401-20170630": {
    "cumulative_return_pct": -24.32212074995006,
    "annualized_return_pct": -68.96310424686835,
    "max_drawdown_pct": 36.20903103875745,
    "sharpe": -1.259855184023891,
    "win_rate_pct": 50.847457627118644,
    "profit_factor": 0.6809560044163095
  },
  "win005_tr20120701-20170630_te20170701-20170930_va20171001-20171231": {
    "cumulative_return_pct": -41.608531607297856,
    "annualized_return_pct": -89.27944570876359,
    "max_drawdown_pct": 41.44963252386158,
    "sharpe": -2.0570583338974324,
    "win_rate_pct": 41.53846153846154,
    "profit_factor": 0.3606903156320304
  },
  "win006_tr20130101-20171231_te20180101-20180331_va20180401-20180630": {
    "cumulative_return_pct": -36.90485495775313,
    "annualized_return_pct": -85.53468833188388,
    "max_drawdown_pct": 43.9163049886383,
    "sharpe": -1.263433756752791,
    "win_rate_pct": 40.67796610169492,
    "profit_factor": 0.549933055805851
  },
  "win007_tr20130701-20180630_te20180701-20180930_va20181001-20181231": {
    "cumulative_return_pct": -50.35307874532331,
    "annualized_return_pct": -94.53260631019262,
    "max_drawdown_pct": 53.02942510783316,
    "sharpe": -1.69951548463267,
    "win_rate_pct": 39.0625,
    "profit_factor": 0.45891071943369294
  },
  "win008_tr20140101-20181231_te20190101-20190331_va20190401-20190630": {
    "cumulative_return_pct": -29.415297090035946,
    "annualized_return_pct": -77.22492546065297,
    "max_drawdown_pct": 36.13527409993612,
    "sharpe": -0.9750146301609307,
    "win_rate_pct": 43.103448275862064,
    "profit_factor": 0.7376642339801078
  },
  "win009_tr20140701-20190630_te20190701-20190930_va20191001-20191231": {
    "cumulative_return_pct": -20.377199721600803,
    "annualized_return_pct": -60.33778414023563,
    "max_drawdown_pct": 24.601065626633375,
    "sharpe": -1.146172864267181,
    "win_rate_pct": 51.5625,
    "profit_factor": 0.7442465566955736
  },
  "win010_tr20150101-20191231_te20200101-20200331_va20200401-20200630": {
    "cumulative_return_pct": -29.02682870054076,
    "annualized_return_pct": -75.51496767742864,
    "max_drawdown_pct": 56.690907630610496,
    "sharpe": -0.6636482622975148,
    "win_rate_pct": 46.55172413793103,
    "profit_factor": 0.8569719670489537
  },
  "win011_tr20150701-20200630_te20200701-20200930_va20201001-20201231": {
    "cumulative_return_pct": -6.728877121314953,
    "annualized_return_pct": -24.62556417711953,
    "max_drawdown_pct": 41.74637726795049,
    "sharpe": -0.34857198046041327,
    "win_rate_pct": 47.69230769230769,
    "profit_factor": 0.9439839245240608
  },
  "win012_tr20160101-20201231_te20210101-20210331_va20210401-20210630": {
    "cumulative_return_pct": 11.198432557589584,
    "annualized_return_pct": 56.958673855023775,
    "max_drawdown_pct": 21.50891717783471,
    "sharpe": 0.710851731678477,
    "win_rate_pct": 37.93103448275862,
    "profit_factor": 1.117202173251451
  },
  "win013_tr20160701-20210630_te20210701-20210930_va20211001-20211231": {
    "cumulative_return_pct": -29.316639404958078,
    "annualized_return_pct": -75.538734147318,
    "max_drawdown_pct": 43.693464769182505,
    "sharpe": -0.8416574412626213,
    "win_rate_pct": 46.03174603174603,
    "profit_factor": 0.7664322159273262
  },
  "win014_tr20170101-20211231_te20220101-20220331_va20220401-20220630": {
    "cumulative_return_pct": -27.119721003412128,
    "annualized_return_pct": -73.9089232614251,
    "max_drawdown_pct": 40.046103105524175,
    "sharpe": -0.839620196009372,
    "win_rate_pct": 39.6551724137931,
    "profit_factor": 0.7543325859396137
  },
  "win015_tr20170701-20220630_te20220701-20220930_va20221001-20221231": {
    "cumulative_return_pct": -40.297145720193036,
    "annualized_return_pct": -88.24419519647489,
    "max_drawdown_pct": 40.999393027514905,
    "sharpe": -1.270808163927448,
    "win_rate_pct": 40.625,
    "profit_factor": 0.6440241374465115
  },
  "win016_tr20180101-20221231_te20230101-20230331_va20230401-20230630": {
    "cumulative_return_pct": -30.353234981664095,
    "annualized_return_pct": -78.09945885838533,
    "max_drawdown_pct": 37.84019278176928,
    "sharpe": -1.2725011812916702,
    "win_rate_pct": 42.3728813559322,
    "profit_factor": 0.6299411018695916
  },
  "win017_tr20180701-20230630_te20230701-20230930_va20231001-20231231": {
    "cumulative_return_pct": -62.785302676482615,
    "annualized_return_pct": -98.42332925238985,
    "max_drawdown_pct": 68.02624430573479,
    "sharpe": -1.2602214521663289,
    "win_rate_pct": 34.375,
    "profit_factor": 0.4652857777395283
  },
  "win018_tr20190101-20231231_te20240101-20240331_va20240401-20240630": {
    "cumulative_return_pct": -41.55316254900727,
    "annualized_return_pct": -89.50944643567874,
    "max_drawdown_pct": 46.33358831104465,
    "sharpe": -0.9595723612801738,
    "win_rate_pct": 37.93103448275862,
    "profit_factor": 0.6117267400814332
  },
  "win019_tr20190701-20240630_te20240701-20240930_va20241001-20241231": {
    "cumulative_return_pct": 117.24402073881934,
    "annualized_return_pct": 2230.4866452265032,
    "max_drawdown_pct": 31.902782964706105,
    "sharpe": 18.794021187230395,
    "win_rate_pct": 49.2063492063492,
    "profit_factor": 1.7284875147074044
  },
  "win020_tr20200101-20241231_te20250101-20250331_va20250401-20250630": {
    "cumulative_return_pct": -48.84756209502207,
    "annualized_return_pct": -93.81086606536195,
    "max_drawdown_pct": 52.055042242646245,
    "sharpe": -1.4684781463047911,
    "win_rate_pct": 35.08771929824561,
    "profit_factor": 0.5042684870488591
  },
  "win021_tr20200701-20250630_te20250701-20250930_va20251001-20251231": {
    "cumulative_return_pct": 53.45716028142861,
    "annualized_return_pct": 468.5882493928382,
    "max_drawdown_pct": 18.669800238622855,
    "sharpe": 6.045903875876135,
    "win_rate_pct": 52.307692307692314,
    "profit_factor": 1.4820365526247519
  }
}