{
  "size": 3,
  "models": "DLinear,WPMixer,iTransformer",
  "num_windows": 22,
  "mean_test_cumulative_return_pct": -9.487890370262157,
  "std_test_cumulative_return_pct": 48.37088033437182,
  "min_test_cumulative_return_pct": -71.37145509549885,
  "max_test_cumulative_return_pct": 174.98370867016018,
  "mean_test_annualized_return_pct": 252.59360254580122,
  "mean_test_max_drawdown_pct": 40.022366034280914,
  "mean_test_sharpe": 2.2657172566999,
  "mean_test_win_rate_pct": 45.37062502500439,
  "mean_test_profit_factor": 0.9260227432853937
}