{
  "win000_tr20100101-20141231_te20150101-20150331_va20150401-20150630": {
    "cumulative_return_pct": 48.30556981196939,
    "annualized_return_pct": 443.84317364108676,
    "max_drawdown_pct": 14.675709240044984,
    "sharpe": 7.592313014844023,
    "win_rate_pct": 59.64912280701754,
    "profit_factor": 1.772276644854379
  },
  "win001_tr20100701-20150630_te20150701-20150930_va20151001-20151231": {
    "cumulative_return_pct": -71.37145509549885,
    "annualized_return_pct": -99.37553170980902,
    "max_drawdown_pct": 79.48621295831963,
    "sharpe": -0.7142424864354894,
    "win_rate_pct": 52.38095238095239,
    "profit_factor": 0.705569282979329
  },
  "win002_tr20110101-20151231_te20160101-20160331_va20160401-20160630": {
    "cumulative_return_pct": -25.635277579175575,
    "annualized_return_pct": -71.1621407290298,
    "max_drawdown_pct": 46.97895475355898,
    "sharpe": -0.7705955581720593,
    "win_rate_pct": 50.847457627118644,
    "profit_factor": 0.7634312501839496
  },
  "win003_tr20110701-20160630_te20160701-20160930_va20161001-20161231": {
    "cumulative_return_pct": -30.43862868210045,
    "annualized_return_pct": -77.83140360095805,
    "max_drawdown_pct": 39.05653949760407,
    "sharpe": -1.080637303623904,
    "win_rate_pct": 41.269841269841265,
    "profit_factor": 0.7175256470321337
  },
  "win004_tr20120101-20161231_te20170101-20170331_va20170401-20170630": {
    "cumulative_return_pct": 3.84404576874784,
    "annualized_return_pct": 17.158681505291806,
    "max_drawdown_pct": 22.43714358546334,
    "sharpe": 0.2762033005271671,
    "win_rate_pct": 50.847457627118644,
    "profit_factor": 1.0528535684811133
  },
  "win005_tr20120701-20170630_te20170701-20170930_va20171001-20171231": {
    "cumulative_return_pct": -27.5460539164023,
    "annualized_return_pct": -73.74705851027616,
    "max_drawdown_pct": 29.155700154398367,
    "sharpe": -1.5410872514687837,
    "win_rate_pct": 56.92307692307692,
    "profit_factor": 0.609086430906397
  },
  "win006_tr20130101-20171231_te20180101-20180331_va20180401-20180630": {
    "cumulative_return_pct": 12.298382052256027,
    "annualized_return_pct": 62.73532877900032,
    "max_drawdown_pct": 31.82661083920621,
    "sharpe": 0.6888438963566442,
    "win_rate_pct": 47.45762711864407,
    "profit_factor": 1.1239232732135023
  },
  "win007_tr20130701-20180630_te20180701-20180930_va20181001-20181231": {
    "cumulative_return_pct": -20.829515779910807,
    "annualized_return_pct": -62.07024256479245,
    "max_drawdown_pct": 38.71722233102158,
    "sharpe": -1.0079822954430333,
    "win_rate_pct": 45.3125,
    "profit_factor": 0.7950726122667134
  },
  "win008_tr20140101-20181231_te20190101-20190331_va20190401-20190630": {
    "cumulative_return_pct": -9.643298450543533,
    "annualized_return_pct": -34.993080090685545,
    "max_drawdown_pct": 45.42412011467897,
    "sharpe": -0.363134098469204,
    "win_rate_pct": 44.827586206896555,
    "profit_factor": 0.9391091072842518
  },
  "win009_tr20140701-20190630_te20190701-20190930_va20191001-20191231": {
    "cumulative_return_pct": -6.719338088000076,
    "annualized_return_pct": -24.59427480349219,
    "max_drawdown_pct": 45.011763388916215,
    "sharpe": -0.3193826429318823,
    "win_rate_pct": 40.625,
    "profit_factor": 0.932996346846725
  },
  "win010_tr20150101-20191231_te20200101-20200331_va20200401-20200630": {
    "cumulative_return_pct": 21.08914645342084,
    "annualized_return_pct": 119.30988727687604,
    "max_drawdown_pct": 30.846608061862764,
    "sharpe": 1.0446857733842574,
    "win_rate_pct": 46.55172413793103,
    "profit_factor": 1.1174843544612905
  },
  "win011_tr20150701-20200630_te20200701-20200930_va20201001-20201231": {
    "cumulative_return_pct": -41.51407106602158,
    "annualized_return_pct": -88.65989958836845,
    "max_drawdown_pct": 52.65046491025812,
    "sharpe": -1.258449837010781,
    "win_rate_pct": 38.46153846153847,
    "profit_factor": 0.6063074473400253
  },
  "win012_tr20160101-20201231_te20210101-20210331_va20210401-20210630": {
    "cumulative_return_pct": -55.118900255690306,
    "annualized_return_pct": -96.67124925737251,
    "max_drawdown_pct": 64.12334727252681,
    "sharpe": -0.9475809316124888,
    "win_rate_pct": 41.37931034482759,
    "profit_factor": 0.572795468077693
  },
  "win013_tr20160701-20210630_te20210701-20210930_va20211001-20211231": {
    "cumulative_return_pct": -4.8580171852200404,
    "annualized_return_pct": -18.29903790252273,
    "max_drawdown_pct": 44.74840196065821,
    "sharpe": -0.18676520169716634,
    "win_rate_pct": 44.44444444444444,
    "profit_factor": 0.969469347043983
  },
  "win014_tr20170101-20211231_te20220101-20220331_va20220401-20220630": {
    "cumulative_return_pct": -21.722518665185547,
    "annualized_return_pct": -64.66006232500061,
    "max_drawdown_pct": 37.19911390634423,
    "sharpe": -0.9414021048473931,
    "win_rate_pct": 44.827586206896555,
    "profit_factor": 0.7867138504177121
  },
  "win015_tr20170701-20220630_te20220701-20220930_va20221001-20221231": {
    "cumulative_return_pct": -63.28620090374274,
    "annualized_return_pct": -98.43759200998716,
    "max_drawdown_pct": 69.50203229282798,
    "sharpe": -1.2608050311061287,
    "win_rate_pct": 37.5,
    "profit_factor": 0.5135868504447502
  },
  "win016_tr20180101-20221231_te20230101-20230331_va20230401-20230630": {
    "cumulative_return_pct": -17.434444676176224,
    "annualized_return_pct": -55.25970365458532,
    "max_drawdown_pct": 28.720303138304605,
    "sharpe": -0.7969503561163576,
    "win_rate_pct": 32.20338983050847,
    "profit_factor": 0.8284100984092388
  },
  "win017_tr20180701-20230630_te20230701-20230930_va20231001-20231231": {
    "cumulative_return_pct": -34.7871116474017,
    "annualized_return_pct": -83.38422716369568,
    "max_drawdown_pct": 33.65354338296563,
    "sharpe": -1.1862952267824267,
    "win_rate_pct": 37.5,
    "profit_factor": 0.6661604892234432
  },
  "win018_tr20190101-20231231_te20240101-20240331_va20240401-20240630": {
    "cumulative_return_pct": -33.00952877418252,
    "annualized_return_pct": -81.39821095245262,
    "max_drawdown_pct": 41.51104814026666,
    "sharpe": -0.9385054730661434,
    "win_rate_pct": 41.37931034482759,
    "profit_factor": 0.6881446124799123
  },
  "win019_tr20190701-20240630_te20240701-20240930_va20241001-20241231": {
    "cumulative_return_pct": 174.98370867016018,
    "annualized_return_pct": 5965.325316214309,
    "max_drawdown_pct": 33.68930586941905,
    "sharpe": 53.96105161317331,
    "win_rate_pct": 53.96825396825397,
    "profit_factor": 2.2752195530936916
  },
  "win020_tr20200101-20241231_te20250101-20250331_va20250401-20250630": {
    "cumulative_return_pct": -1.488958978488401,
    "annualized_return_pct": -6.036611769404498,
    "max_drawdown_pct": 30.264542717663318,
    "sharpe": -0.08895184100274087,
    "win_rate_pct": 42.10526315789473,
    "profit_factor": 0.9888065739921404
  },
  "win021_tr20200701-20250630_te20250701-20250930_va20251001-20251231": {
    "cumulative_return_pct": -3.8511211585811806,
    "annualized_return_pct": -14.732804776504093,
    "max_drawdown_pct": 20.813364237870456,
    "sharpe": -0.31455031110161735,
    "win_rate_pct": 47.69230769230769,
    "profit_factor": 0.9475575432462827
  }
}