{
  "win000_tr20100101-20141231_te20150101-20150331_va20150401-20150630": {
    "cumulative_return_pct": -12.973414170658994,
    "annualized_return_pct": -44.95969122310088,
    "max_drawdown_pct": 23.45796214632456,
    "sharpe": -0.7378350672642645,
    "win_rate_pct": 49.122807017543856,
    "profit_factor": 0.8462519610643228
  },
  "win001_tr20100701-20150630_te20150701-20150930_va20151001-20151231": {
    "cumulative_return_pct": -29.76643065101757,
    "annualized_return_pct": -76.16432778523803,
    "max_drawdown_pct": 60.43705022488096,
    "sharpe": -0.5625894523762884,
    "win_rate_pct": 52.38095238095239,
    "profit_factor": 0.8827074255631506
  },
  "win002_tr20110101-20151231_te20160101-20160331_va20160401-20160630": {
    "cumulative_return_pct": -0.4775165557306958,
    "annualized_return_pct": -1.9894911786488056,
    "max_drawdown_pct": 43.46115954904791,
    "sharpe": -0.0476508874039541,
    "win_rate_pct": 57.6271186440678,
    "profit_factor": 0.9960972006792214
  },
  "win003_tr20110701-20160630_te20160701-20160930_va20161001-20161231": {
    "cumulative_return_pct": 1.9884602970078356,
    "annualized_return_pct": 8.515469883787263,
    "max_drawdown_pct": 20.422145151254238,
    "sharpe": 0.09318959268530846,
    "win_rate_pct": 53.96825396825397,
    "profit_factor": 1.023401445116739
  },
  "win004_tr20120101-20161231_te20170101-20170331_va20170401-20170630": {
    "cumulative_return_pct": -39.525403306909396,
    "annualized_return_pct": -87.89448926050112,
    "max_drawdown_pct": 50.8730272617958,
    "sharpe": -1.1517610774815437,
    "win_rate_pct": 44.06779661016949,
    "profit_factor": 0.5858783576325769
  },
  "win005_tr20120701-20170630_te20170701-20170930_va20171001-20171231": {
    "cumulative_return_pct": -40.80335680065743,
    "annualized_return_pct": -88.65241337362457,
    "max_drawdown_pct": 41.55798732441756,
    "sharpe": -2.396492215627096,
    "win_rate_pct": 38.46153846153847,
    "profit_factor": 0.34878187452331855
  },
  "win006_tr20130101-20171231_te20180101-20180331_va20180401-20180630": {
    "cumulative_return_pct": -27.949686000116436,
    "annualized_return_pct": -74.74681604690083,
    "max_drawdown_pct": 46.33066341152787,
    "sharpe": -0.9092999146114794,
    "win_rate_pct": 42.3728813559322,
    "profit_factor": 0.6826969243816388
  },
  "win007_tr20130701-20180630_te20180701-20180930_va20181001-20181231": {
    "cumulative_return_pct": -36.95569184074435,
    "annualized_return_pct": -85.26274569708107,
    "max_drawdown_pct": 41.164711553967265,
    "sharpe": -1.361513468572488,
    "win_rate_pct": 46.875,
    "profit_factor": 0.6376968034548778
  },
  "win008_tr20140101-20181231_te20190101-20190331_va20190401-20190630": {
    "cumulative_return_pct": 3.4295370256352236,
    "annualized_return_pct": 15.397631847650995,
    "max_drawdown_pct": 33.33725745172042,
    "sharpe": 0.10896333076406751,
    "win_rate_pct": 51.724137931034484,
    "profit_factor": 1.0199261184810053
  },
  "win009_tr20140701-20190630_te20190701-20190930_va20191001-20191231": {
    "cumulative_return_pct": -37.010982427023094,
    "annualized_return_pct": -84.67678878646245,
    "max_drawdown_pct": 37.953078957429135,
    "sharpe": -1.1218919591890615,
    "win_rate_pct": 48.4375,
    "profit_factor": 0.6609516490916972
  },
  "win010_tr20150101-20191231_te20200101-20200331_va20200401-20200630": {
    "cumulative_return_pct": -20.88380839341738,
    "annualized_return_pct": -61.76263543886138,
    "max_drawdown_pct": 45.0691147924725,
    "sharpe": -0.5611372247695117,
    "win_rate_pct": 46.55172413793103,
    "profit_factor": 0.8869340147242127
  },
  "win011_tr20150701-20200630_te20200701-20200930_va20201001-20201231": {
    "cumulative_return_pct": -45.91678964673053,
    "annualized_return_pct": -91.74573331028947,
    "max_drawdown_pct": 65.75182349141939,
    "sharpe": -1.0320807911076777,
    "win_rate_pct": 46.15384615384615,
    "profit_factor": 0.7131352451019051
  },
  "win012_tr20160101-20201231_te20210101-20210331_va20210401-20210630": {
    "cumulative_return_pct": -46.862707497532256,
    "annualized_return_pct": -93.18060571376982,
    "max_drawdown_pct": 55.0160718503643,
    "sharpe": -0.9922649706656408,
    "win_rate_pct": 44.827586206896555,
    "profit_factor": 0.656948059852405
  },
  "win013_tr20160701-20210630_te20210701-20210930_va20211001-20211231": {
    "cumulative_return_pct": -49.69005562080356,
    "annualized_return_pct": -93.84523008035643,
    "max_drawdown_pct": 54.5769937949298,
    "sharpe": -1.0372328834367677,
    "win_rate_pct": 41.269841269841265,
    "profit_factor": 0.6731966553454808
  },
  "win014_tr20170101-20211231_te20220101-20220331_va20220401-20220630": {
    "cumulative_return_pct": -13.188764123987745,
    "annualized_return_pct": -45.1563564881614,
    "max_drawdown_pct": 48.95710183341807,
    "sharpe": -0.46768960506326257,
    "win_rate_pct": 48.275862068965516,
    "profit_factor": 0.8737987932010987
  },
  "win015_tr20170701-20220630_te20220701-20220930_va20221001-20221231": {
    "cumulative_return_pct": -11.968377240727422,
    "annualized_return_pct": -41.085908975264694,
    "max_drawdown_pct": 37.302709276529185,
    "sharpe": -0.6058286726482824,
    "win_rate_pct": 50.0,
    "profit_factor": 0.9045837328362836
  },
  "win016_tr20180101-20221231_te20230101-20230331_va20230401-20230630": {
    "cumulative_return_pct": 53.02984479776469,
    "annualized_return_pct": 496.67961272277745,
    "max_drawdown_pct": 13.136654402396077,
    "sharpe": 8.27429135703932,
    "win_rate_pct": 55.932203389830505,
    "profit_factor": 1.5935315841366733
  },
  "win017_tr20180701-20230630_te20230701-20230930_va20231001-20231231": {
    "cumulative_return_pct": -11.675282734136376,
    "annualized_return_pct": -40.62024020985494,
    "max_drawdown_pct": 42.10553836306723,
    "sharpe": -0.4633821088872544,
    "win_rate_pct": 42.1875,
    "profit_factor": 0.918540661442219
  },
  "win018_tr20190101-20231231_te20240101-20240331_va20240401-20240630": {
    "cumulative_return_pct": -23.301120036873115,
    "annualized_return_pct": -67.16685142608473,
    "max_drawdown_pct": 36.52794415845933,
    "sharpe": -0.6481747739396531,
    "win_rate_pct": 48.275862068965516,
    "profit_factor": 0.8208696198359267
  },
  "win019_tr20190701-20240630_te20240701-20240930_va20241001-20241231": {
    "cumulative_return_pct": 276.1717632020018,
    "annualized_return_pct": 21532.61223131435,
    "max_drawdown_pct": 23.443718202972423,
    "sharpe": 158.8716840578153,
    "win_rate_pct": 61.904761904761905,
    "profit_factor": 1.8523969810498442
  },
  "win020_tr20200101-20241231_te20250101-20250331_va20250401-20250630": {
    "cumulative_return_pct": 36.708277346636564,
    "annualized_return_pct": 266.1218271202233,
    "max_drawdown_pct": 23.542545101716268,
    "sharpe": 2.9890104583172863,
    "win_rate_pct": 56.14035087719298,
    "profit_factor": 1.3182621049012626
  },
  "win021_tr20200701-20250630_te20250701-20250930_va20251001-20251231": {
    "cumulative_return_pct": -12.01901851252747,
    "annualized_return_pct": -40.528180787447724,
    "max_drawdown_pct": 24.96772120869238,
    "sharpe": -0.5951148106094889,
    "win_rate_pct": 41.53846153846154,
    "profit_factor": 0.8894255930530616
  }
}