{
  "win000_tr20100101-20141231_te20150101-20150331_va20150401-20150630": {
    "cumulative_return_pct": 13.453930318174814,
    "annualized_return_pct": 72.01361051260591,
    "max_drawdown_pct": 13.883790820456824,
    "sharpe": 1.233772525994331,
    "win_rate_pct": 50.877192982456144,
    "profit_factor": 1.1839601342032222
  },
  "win001_tr20100701-20150630_te20150701-20150930_va20151001-20151231": {
    "cumulative_return_pct": -58.90172263082019,
    "annualized_return_pct": -97.29125876022567,
    "max_drawdown_pct": 69.82895484846038,
    "sharpe": -0.661387498803917,
    "win_rate_pct": 53.96825396825397,
    "profit_factor": 0.7563748402988975
  },
  "win002_tr20110101-20151231_te20160101-20160331_va20160401-20160630": {
    "cumulative_return_pct": -37.984215411453405,
    "annualized_return_pct": -86.54551207274226,
    "max_drawdown_pct": 36.121757504773214,
    "sharpe": -1.0445609519652996,
    "win_rate_pct": 50.847457627118644,
    "profit_factor": 0.6543155809713792
  },
  "win003_tr20110701-20160630_te20160701-20160930_va20161001-20161231": {
    "cumulative_return_pct": 17.345181694499797,
    "annualized_return_pct": 94.23178670073096,
    "max_drawdown_pct": 32.852760064167974,
    "sharpe": 1.1628019878534102,
    "win_rate_pct": 49.2063492063492,
    "profit_factor": 1.149770602202081
  },
  "win004_tr20120101-20161231_te20170101-20170331_va20170401-20170630": {
    "cumulative_return_pct": -6.6533644134745575,
    "annualized_return_pct": -25.10273368980085,
    "max_drawdown_pct": 18.560750158064813,
    "sharpe": -0.48438543958559105,
    "win_rate_pct": 52.54237288135594,
    "profit_factor": 0.9248521746159972
  },
  "win005_tr20120701-20170630_te20170701-20170930_va20171001-20171231": {
    "cumulative_return_pct": -23.867205009156002,
    "annualized_return_pct": -67.7555054868578,
    "max_drawdown_pct": 28.498588832808892,
    "sharpe": -1.2565580427713083,
    "win_rate_pct": 43.07692307692308,
    "profit_factor": 0.6942524941018371
  },
  "win006_tr20130101-20171231_te20180101-20180331_va20180401-20180630": {
    "cumulative_return_pct": -19.43811672125943,
    "annualized_return_pct": -59.64417706789785,
    "max_drawdown_pct": 45.90206050079634,
    "sharpe": -0.7887408984931071,
    "win_rate_pct": 47.45762711864407,
    "profit_factor": 0.818110928668722
  },
  "win007_tr20130701-20180630_te20180701-20180930_va20181001-20181231": {
    "cumulative_return_pct": -69.98811915029827,
    "annualized_return_pct": -99.32318520470038,
    "max_drawdown_pct": 69.889645170625,
    "sharpe": -1.4837042448068771,
    "win_rate_pct": 31.25,
    "profit_factor": 0.3115777754358472
  },
  "win008_tr20140101-20181231_te20190101-20190331_va20190401-20190630": {
    "cumulative_return_pct": 28.983265980727808,
    "annualized_return_pct": 194.74435925285155,
    "max_drawdown_pct": 46.708495833608985,
    "sharpe": 1.6422477900193664,
    "win_rate_pct": 46.55172413793103,
    "profit_factor": 1.1364556854247496
  },
  "win009_tr20140701-20190630_te20190701-20190930_va20191001-20191231": {
    "cumulative_return_pct": 54.533143291567455,
    "annualized_return_pct": 484.9420141369058,
    "max_drawdown_pct": 19.974525253157474,
    "sharpe": 5.641593071837844,
    "win_rate_pct": 51.5625,
    "profit_factor": 1.4672514047620058
  },
  "win010_tr20150101-20191231_te20200101-20200331_va20200401-20200630": {
    "cumulative_return_pct": -59.06953151360196,
    "annualized_return_pct": -97.44220417087799,
    "max_drawdown_pct": 63.21250939053941,
    "sharpe": -1.0367587093949981,
    "win_rate_pct": 37.93103448275862,
    "profit_factor": 0.5763654831858717
  },
  "win011_tr20150701-20200630_te20200701-20200930_va20201001-20201231": {
    "cumulative_return_pct": -46.07871054385413,
    "annualized_return_pct": -91.84556717762734,
    "max_drawdown_pct": 58.14756934904198,
    "sharpe": -1.460773308198545,
    "win_rate_pct": 44.61538461538462,
    "profit_factor": 0.6114277237742759
  },
  "win012_tr20160101-20201231_te20210101-20210331_va20210401-20210630": {
    "cumulative_return_pct": -21.768139890403752,
    "annualized_return_pct": -64.7474553351287,
    "max_drawdown_pct": 51.21419122967005,
    "sharpe": -0.700079129087903,
    "win_rate_pct": 44.827586206896555,
    "profit_factor": 0.8480219724389907
  },
  "win013_tr20160701-20210630_te20210701-20210930_va20211001-20211231": {
    "cumulative_return_pct": -19.275893693179707,
    "annualized_return_pct": -58.06388718089476,
    "max_drawdown_pct": 47.86990462675158,
    "sharpe": -0.5880313344215454,
    "win_rate_pct": 46.03174603174603,
    "profit_factor": 0.8658996651886207
  },
  "win014_tr20170101-20211231_te20220101-20220331_va20220401-20220630": {
    "cumulative_return_pct": 14.023214910455934,
    "annualized_return_pct": 74.60463566117316,
    "max_drawdown_pct": 34.545883366366105,
    "sharpe": 0.8828155704060376,
    "win_rate_pct": 58.620689655172406,
    "profit_factor": 1.1278174011776507
  },
  "win015_tr20170701-20220630_te20220701-20220930_va20221001-20221231": {
    "cumulative_return_pct": -43.62891225379209,
    "annualized_return_pct": -90.7371916699748,
    "max_drawdown_pct": 53.93111266128406,
    "sharpe": -1.3136800739232675,
    "win_rate_pct": 42.1875,
    "profit_factor": 0.6322717370651962
  },
  "win016_tr20180101-20221231_te20230101-20230331_va20230401-20230630": {
    "cumulative_return_pct": -3.324043062026927,
    "annualized_return_pct": -13.231332666000139,
    "max_drawdown_pct": 30.752401121090788,
    "sharpe": -0.22092973583403422,
    "win_rate_pct": 44.06779661016949,
    "profit_factor": 0.968539546191528
  },
  "win017_tr20180701-20230630_te20230701-20230930_va20231001-20231231": {
    "cumulative_return_pct": -10.09620017695768,
    "annualized_return_pct": -36.034250402050226,
    "max_drawdown_pct": 11.575691101448724,
    "sharpe": -0.9113805317488356,
    "win_rate_pct": 45.3125,
    "profit_factor": 0.8457878981934683
  },
  "win018_tr20190101-20231231_te20240101-20240331_va20240401-20240630": {
    "cumulative_return_pct": -18.383618521501777,
    "annualized_return_pct": -57.37965904452529,
    "max_drawdown_pct": 27.9117363215227,
    "sharpe": -0.9690138545327743,
    "win_rate_pct": 41.37931034482759,
    "profit_factor": 0.7875948621033823
  },
  "win019_tr20190701-20240630_te20240701-20240930_va20241001-20241231": {
    "cumulative_return_pct": 199.6910449789525,
    "annualized_return_pct": 8500.051142588107,
    "max_drawdown_pct": 14.029059541683264,
    "sharpe": 89.63130428798208,
    "win_rate_pct": 65.07936507936508,
    "profit_factor": 3.2481024872999917
  },
  "win020_tr20200101-20241231_te20250101-20250331_va20250401-20250630": {
    "cumulative_return_pct": -37.69292741899658,
    "annualized_return_pct": -85.96497308791425,
    "max_drawdown_pct": 37.78993618487723,
    "sharpe": -1.6712301632652011,
    "win_rate_pct": 36.84210526315789,
    "profit_factor": 0.5232223509953501
  },
  "win021_tr20200701-20250630_te20250701-20250930_va20251001-20251231": {
    "cumulative_return_pct": -30.064785719063575,
    "annualized_return_pct": -76.5725923642044,
    "max_drawdown_pct": 30.238833640334366,
    "sharpe": -1.5010381143011617,
    "win_rate_pct": 40.0,
    "profit_factor": 0.6517535087670364
  }
}