{
  "win000_tr20100101-20141231_te20150101-20150331_va20150401-20150630": {
    "cumulative_return_pct": 24.416344633600534,
    "annualized_return_pct": 155.67833546894875,
    "max_drawdown_pct": 19.75735897082861,
    "sharpe": 2.144222720545064,
    "win_rate_pct": 42.10526315789473,
    "profit_factor": 1.2857640338361938
  },
  "win001_tr20100701-20150630_te20150701-20150930_va20151001-20151231": {
    "cumulative_return_pct": -43.8311275444873,
    "annualized_return_pct": -90.37567959105473,
    "max_drawdown_pct": 52.66247657152431,
    "sharpe": -0.6790726890093748,
    "win_rate_pct": 52.38095238095239,
    "profit_factor": 0.7762192176359742
  },
  "win002_tr20110101-20151231_te20160101-20160331_va20160401-20160630": {
    "cumulative_return_pct": -2.9176564725606933,
    "annualized_return_pct": -11.689726829139847,
    "max_drawdown_pct": 35.93852214790302,
    "sharpe": -0.13551584089039848,
    "win_rate_pct": 47.45762711864407,
    "profit_factor": 0.9807448416249505
  },
  "win003_tr20110701-20160630_te20160701-20160930_va20161001-20161231": {
    "cumulative_return_pct": -27.24896881277547,
    "annualized_return_pct": -73.29737317472407,
    "max_drawdown_pct": 49.40210723025405,
    "sharpe": -1.040667613329191,
    "win_rate_pct": 47.61904761904761,
    "profit_factor": 0.7296557974859219
  },
  "win004_tr20120101-20161231_te20170101-20170331_va20170401-20170630": {
    "cumulative_return_pct": -2.2994455705171104,
    "annualized_return_pct": -9.304667445414305,
    "max_drawdown_pct": 24.646298762026994,
    "sharpe": -0.25591512912440323,
    "win_rate_pct": 50.847457627118644,
    "profit_factor": 0.9651246135591666
  },
  "win005_tr20120701-20170630_te20170701-20170930_va20171001-20171231": {
    "cumulative_return_pct": -19.999628017661188,
    "annualized_return_pct": -60.39256072461839,
    "max_drawdown_pct": 30.660320744342734,
    "sharpe": -1.0735516034507087,
    "win_rate_pct": 49.23076923076923,
    "profit_factor": 0.7452797581099138
  },
  "win006_tr20130101-20171231_te20180101-20180331_va20180401-20180630": {
    "cumulative_return_pct": 1.8096986271755071,
    "annualized_return_pct": 7.820417278832381,
    "max_drawdown_pct": 33.074829030725326,
    "sharpe": 0.05056488553783549,
    "win_rate_pct": 47.45762711864407,
    "profit_factor": 1.0169781865011132
  },
  "win007_tr20130701-20180630_te20180701-20180930_va20181001-20181231": {
    "cumulative_return_pct": -69.08218170812384,
    "annualized_return_pct": -99.23426758193803,
    "max_drawdown_pct": 69.47963382564217,
    "sharpe": -1.8824950422849156,
    "win_rate_pct": 29.6875,
    "profit_factor": 0.19748579755150153
  },
  "win008_tr20140101-20181231_te20190101-20190331_va20190401-20190630": {
    "cumulative_return_pct": 52.63840056402683,
    "annualized_return_pct": 502.61130055596095,
    "max_drawdown_pct": 41.003689747834,
    "sharpe": 4.428956835309406,
    "win_rate_pct": 51.724137931034484,
    "profit_factor": 1.2579631168406429
  },
  "win009_tr20140701-20190630_te20190701-20190930_va20191001-20191231": {
    "cumulative_return_pct": 58.85469282094231,
    "annualized_return_pct": 554.2220827160587,
    "max_drawdown_pct": 13.443507729556819,
    "sharpe": 7.329460139132319,
    "win_rate_pct": 54.6875,
    "profit_factor": 1.5508734219936477
  },
  "win010_tr20150101-20191231_te20200101-20200331_va20200401-20200630": {
    "cumulative_return_pct": -43.94264769848689,
    "annualized_return_pct": -90.70166776136578,
    "max_drawdown_pct": 59.289980569292425,
    "sharpe": -0.9159499350732575,
    "win_rate_pct": 44.827586206896555,
    "profit_factor": 0.7163719796130292
  },
  "win011_tr20150701-20200630_te20200701-20200930_va20201001-20201231": {
    "cumulative_return_pct": -45.8255131139737,
    "annualized_return_pct": -91.68905152062685,
    "max_drawdown_pct": 54.66959309818849,
    "sharpe": -1.587704501661859,
    "win_rate_pct": 46.15384615384615,
    "profit_factor": 0.5508199112934513
  },
  "win012_tr20160101-20201231_te20210101-20210331_va20210401-20210630": {
    "cumulative_return_pct": 11.390984420807799,
    "annualized_return_pct": 58.11624307840846,
    "max_drawdown_pct": 45.75920864764237,
    "sharpe": 0.529603632178054,
    "win_rate_pct": 51.724137931034484,
    "profit_factor": 1.091389570467141
  },
  "win013_tr20160701-20210630_te20210701-20210930_va20211001-20211231": {
    "cumulative_return_pct": -23.619062312572424,
    "annualized_return_pct": -66.49465710842087,
    "max_drawdown_pct": 39.050932038898694,
    "sharpe": -0.6532596874917782,
    "win_rate_pct": 44.44444444444444,
    "profit_factor": 0.8378334012109507
  },
  "win014_tr20170101-20211231_te20220101-20220331_va20220401-20220630": {
    "cumulative_return_pct": 21.529510172638112,
    "annualized_return_pct": 128.90288105165433,
    "max_drawdown_pct": 26.120923573622385,
    "sharpe": 1.805691537061666,
    "win_rate_pct": 53.44827586206896,
    "profit_factor": 1.2238241242641852
  },
  "win015_tr20170701-20220630_te20220701-20220930_va20221001-20221231": {
    "cumulative_return_pct": -22.378373017539946,
    "annualized_return_pct": -65.05654305327582,
    "max_drawdown_pct": 35.1725542427287,
    "sharpe": -1.00941523080722,
    "win_rate_pct": 42.1875,
    "profit_factor": 0.8187665569287303
  },
  "win016_tr20180101-20221231_te20230101-20230331_va20230401-20230630": {
    "cumulative_return_pct": -37.06211382454474,
    "annualized_return_pct": -85.68544853342958,
    "max_drawdown_pct": 42.611825474898914,
    "sharpe": -1.7272767087087364,
    "win_rate_pct": 35.59322033898305,
    "profit_factor": 0.5314086279696898
  },
  "win017_tr20180701-20230630_te20230701-20230930_va20231001-20231231": {
    "cumulative_return_pct": 23.56391329648888,
    "annualized_return_pct": 143.1008700221752,
    "max_drawdown_pct": 20.054879313637436,
    "sharpe": 2.2370809708364985,
    "win_rate_pct": 48.4375,
    "profit_factor": 1.2235446536132886
  },
  "win018_tr20190101-20231231_te20240101-20240331_va20240401-20240630": {
    "cumulative_return_pct": -10.744047263144887,
    "annualized_return_pct": -37.947210883097036,
    "max_drawdown_pct": 28.74956236446239,
    "sharpe": -0.48948239846686253,
    "win_rate_pct": 39.6551724137931,
    "profit_factor": 0.9040539988901884
  },
  "win019_tr20190701-20240630_te20240701-20240930_va20241001-20241231": {
    "cumulative_return_pct": 87.11294051926404,
    "annualized_return_pct": 1171.4170129627962,
    "max_drawdown_pct": 20.19995360680563,
    "sharpe": 14.29709966524059,
    "win_rate_pct": 52.38095238095239,
    "profit_factor": 1.9711755998393297
  },
  "win020_tr20200101-20241231_te20250101-20250331_va20250401-20250630": {
    "cumulative_return_pct": -35.07849503560886,
    "annualized_return_pct": -83.35414893618616,
    "max_drawdown_pct": 36.177612753554875,
    "sharpe": -1.465123016764355,
    "win_rate_pct": 40.35087719298245,
    "profit_factor": 0.5726816760586761
  },
  "win021_tr20200701-20250630_te20250701-20250930_va20251001-20251231": {
    "cumulative_return_pct": -19.812939838061048,
    "annualized_return_pct": -59.1846758561046,
    "max_drawdown_pct": 23.923864633773587,
    "sharpe": -0.9899178917445443,
    "win_rate_pct": 44.61538461538462,
    "profit_factor": 0.7768003877409344
  }
}