{
  "win000_tr20100101-20141231_te20150101-20150331_va20150401-20150630": {
    "cumulative_return_pct": 23.92408897745004,
    "annualized_return_pct": 151.35971343792528,
    "max_drawdown_pct": 29.50831516751043,
    "sharpe": 2.2165566627735305,
    "win_rate_pct": 56.14035087719298,
    "profit_factor": 1.3475151777102146
  },
  "win001_tr20100701-20150630_te20150701-20150930_va20151001-20151231": {
    "cumulative_return_pct": -61.833444003424965,
    "annualized_return_pct": -97.99400399391916,
    "max_drawdown_pct": 74.96754921294959,
    "sharpe": -0.6941813710256085,
    "win_rate_pct": 38.095238095238095,
    "profit_factor": 0.7076595715004631
  },
  "win002_tr20110101-20151231_te20160101-20160331_va20160401-20160630": {
    "cumulative_return_pct": -57.19963882098635,
    "annualized_return_pct": -97.1639449416378,
    "max_drawdown_pct": 58.18891516150821,
    "sharpe": -1.2638942753377491,
    "win_rate_pct": 42.3728813559322,
    "profit_factor": 0.43095534022852355
  },
  "win003_tr20110701-20160630_te20160701-20160930_va20161001-20161231": {
    "cumulative_return_pct": -36.423566002128354,
    "annualized_return_pct": -84.7395507161252,
    "max_drawdown_pct": 48.72670346258628,
    "sharpe": -1.3287786839576758,
    "win_rate_pct": 42.857142857142854,
    "profit_factor": 0.5825037007613085
  },
  "win004_tr20120101-20161231_te20170101-20170331_va20170401-20170630": {
    "cumulative_return_pct": -49.564194241572004,
    "annualized_return_pct": -94.3504199630972,
    "max_drawdown_pct": 59.94237957594262,
    "sharpe": -1.3594250124820557,
    "win_rate_pct": 45.76271186440678,
    "profit_factor": 0.44160843435282576
  },
  "win005_tr20120701-20170630_te20170701-20170930_va20171001-20171231": {
    "cumulative_return_pct": -27.02080542311261,
    "annualized_return_pct": -72.9480612003515,
    "max_drawdown_pct": 43.66858760304002,
    "sharpe": -1.0361591381979773,
    "win_rate_pct": 46.15384615384615,
    "profit_factor": 0.709703004829647
  },
  "win006_tr20130101-20171231_te20180101-20180331_va20180401-20180630": {
    "cumulative_return_pct": 37.462653300185295,
    "annualized_return_pct": 280.3098594364334,
    "max_drawdown_pct": 22.767505628240013,
    "sharpe": 3.125635807520569,
    "win_rate_pct": 47.45762711864407,
    "profit_factor": 1.3984712619996371
  },
  "win007_tr20130701-20180630_te20180701-20180930_va20181001-20181231": {
    "cumulative_return_pct": -63.14036708304284,
    "annualized_return_pct": -98.41167125311483,
    "max_drawdown_pct": 64.55217418144946,
    "sharpe": -1.7592178646394074,
    "win_rate_pct": 32.8125,
    "profit_factor": 0.33544301852893604
  },
  "win008_tr20140101-20181231_te20190101-20190331_va20190401-20190630": {
    "cumulative_return_pct": 13.765755013779133,
    "annualized_return_pct": 72.93634566526295,
    "max_drawdown_pct": 26.472392851103816,
    "sharpe": 0.5627782462452845,
    "win_rate_pct": 43.103448275862064,
    "profit_factor": 1.0840023221720492
  },
  "win009_tr20140701-20190630_te20190701-20190930_va20191001-20191231": {
    "cumulative_return_pct": -35.106272437372816,
    "annualized_return_pct": -82.70756931494587,
    "max_drawdown_pct": 41.5100975474303,
    "sharpe": -1.0721588715834225,
    "win_rate_pct": 50.0,
    "profit_factor": 0.7141043109069082
  },
  "win010_tr20150101-20191231_te20200101-20200331_va20200401-20200630": {
    "cumulative_return_pct": -18.718552262525087,
    "annualized_return_pct": -57.282001280744495,
    "max_drawdown_pct": 54.779436426657426,
    "sharpe": -0.5248230117217405,
    "win_rate_pct": 44.827586206896555,
    "profit_factor": 0.9064864477596473
  },
  "win011_tr20150701-20200630_te20200701-20200930_va20201001-20201231": {
    "cumulative_return_pct": -12.677818363715126,
    "annualized_return_pct": -42.31486540719192,
    "max_drawdown_pct": 51.47211521780272,
    "sharpe": -0.5457782288360737,
    "win_rate_pct": 43.07692307692308,
    "profit_factor": 0.9075956280818537
  },
  "win012_tr20160101-20201231_te20210101-20210331_va20210401-20210630": {
    "cumulative_return_pct": -18.959404399203496,
    "annualized_return_pct": -59.050221961130056,
    "max_drawdown_pct": 37.37153709178778,
    "sharpe": -0.7121862593109178,
    "win_rate_pct": 43.103448275862064,
    "profit_factor": 0.8621111270700148
  },
  "win013_tr20160701-20210630_te20210701-20210930_va20211001-20211231": {
    "cumulative_return_pct": -26.848638775152097,
    "annualized_return_pct": -71.88298006353695,
    "max_drawdown_pct": 43.8386886758442,
    "sharpe": -0.7246920995338783,
    "win_rate_pct": 47.61904761904761,
    "profit_factor": 0.7938963642908452
  },
  "win014_tr20170101-20211231_te20220101-20220331_va20220401-20220630": {
    "cumulative_return_pct": -29.062930096934213,
    "annualized_return_pct": -76.73812046620594,
    "max_drawdown_pct": 48.923114457306085,
    "sharpe": -0.8371834699590694,
    "win_rate_pct": 44.827586206896555,
    "profit_factor": 0.7234867563296945
  },
  "win015_tr20170701-20220630_te20220701-20220930_va20221001-20221231": {
    "cumulative_return_pct": -9.596312576133432,
    "annualized_return_pct": -34.211860050795636,
    "max_drawdown_pct": 35.035933458618516,
    "sharpe": -0.42555388949993517,
    "win_rate_pct": 45.3125,
    "profit_factor": 0.9183581555153508
  },
  "win016_tr20180101-20221231_te20230101-20230331_va20230401-20230630": {
    "cumulative_return_pct": -49.63135300502313,
    "annualized_return_pct": -94.38193559451757,
    "max_drawdown_pct": 54.648382324631996,
    "sharpe": -1.2499189395925017,
    "win_rate_pct": 33.89830508474576,
    "profit_factor": 0.4637031474493766
  },
  "win017_tr20180701-20230630_te20230701-20230930_va20231001-20231231": {
    "cumulative_return_pct": -4.900945712838287,
    "annualized_return_pct": -19.02002108904801,
    "max_drawdown_pct": 28.50147078037324,
    "sharpe": -0.311612004507245,
    "win_rate_pct": 53.125,
    "profit_factor": 0.9501618515045296
  },
  "win018_tr20190101-20231231_te20240101-20240331_va20240401-20240630": {
    "cumulative_return_pct": -48.17804403782796,
    "annualized_return_pct": -93.6693226256256,
    "max_drawdown_pct": 53.261083029733115,
    "sharpe": -0.968117219606957,
    "win_rate_pct": 43.103448275862064,
    "profit_factor": 0.6289290865793692
  },
  "win019_tr20190701-20240630_te20240701-20240930_va20241001-20241231": {
    "cumulative_return_pct": 76.73968948233639,
    "annualized_return_pct": 908.704997121294,
    "max_drawdown_pct": 14.165633084549277,
    "sharpe": 9.680416053120807,
    "win_rate_pct": 52.38095238095239,
    "profit_factor": 1.5684443646187496
  },
  "win020_tr20200101-20241231_te20250101-20250331_va20250401-20250630": {
    "cumulative_return_pct": -29.678003644300006,
    "annualized_return_pct": -76.8078204807376,
    "max_drawdown_pct": 34.66368646157328,
    "sharpe": -1.0428109593162673,
    "win_rate_pct": 42.10526315789473,
    "profit_factor": 0.6835229563057745
  },
  "win021_tr20200701-20250630_te20250701-20250930_va20251001-20251231": {
    "cumulative_return_pct": 74.73774977717889,
    "annualized_return_pct": 863.1328176260206,
    "max_drawdown_pct": 18.969924794299068,
    "sharpe": 11.4129882022942,
    "win_rate_pct": 56.92307692307692,
    "profit_factor": 1.6095615654196003
  }
}