{
  "win000_tr20100101-20141231_te20150101-20150331_va20150401-20150630": {
    "cumulative_return_pct": 0.8524398824625532,
    "annualized_return_pct": 3.714796126067066,
    "max_drawdown_pct": 26.065808684545694,
    "sharpe": 0.008675968589222934,
    "win_rate_pct": 47.368421052631575,
    "profit_factor": 1.0084174798254157
  },
  "win001_tr20100701-20150630_te20150701-20150930_va20151001-20151231": {
    "cumulative_return_pct": -66.67777054390022,
    "annualized_return_pct": -98.84363300197788,
    "max_drawdown_pct": 70.58680914329082,
    "sharpe": -0.7045833984742705,
    "win_rate_pct": 46.03174603174603,
    "profit_factor": 0.6697619819035551
  },
  "win002_tr20110101-20151231_te20160101-20160331_va20160401-20160630": {
    "cumulative_return_pct": -9.433895052000135,
    "annualized_return_pct": -34.03248941580277,
    "max_drawdown_pct": 27.532717418054443,
    "sharpe": -0.34412811090845946,
    "win_rate_pct": 54.23728813559322,
    "profit_factor": 0.9358949584482199
  },
  "win003_tr20110701-20160630_te20160701-20160930_va20161001-20161231": {
    "cumulative_return_pct": 83.60377623497266,
    "annualized_return_pct": 1145.2559083870901,
    "max_drawdown_pct": 27.47922061912923,
    "sharpe": 14.624155501795801,
    "win_rate_pct": 57.14285714285714,
    "profit_factor": 1.8772684524743202
  },
  "win004_tr20120101-20161231_te20170101-20170331_va20170401-20170630": {
    "cumulative_return_pct": 22.12393734702633,
    "annualized_return_pct": 131.42682331756367,
    "max_drawdown_pct": 23.43823927504699,
    "sharpe": 1.7767663488864702,
    "win_rate_pct": 55.932203389830505,
    "profit_factor": 1.1810273119545973
  },
  "win005_tr20120701-20170630_te20170701-20170930_va20171001-20171231": {
    "cumulative_return_pct": -4.6643587060982945,
    "annualized_return_pct": -17.984171532085092,
    "max_drawdown_pct": 22.071363575302115,
    "sharpe": -0.31724780626645344,
    "win_rate_pct": 47.69230769230769,
    "profit_factor": 0.9518764235542886
  },
  "win006_tr20130101-20171231_te20180101-20180331_va20180401-20180630": {
    "cumulative_return_pct": -7.756471864350186,
    "annualized_return_pct": -28.748951677721745,
    "max_drawdown_pct": 42.56931626287487,
    "sharpe": -0.3961590926447426,
    "win_rate_pct": 49.152542372881356,
    "profit_factor": 0.934700580933447
  },
  "win007_tr20130701-20180630_te20180701-20180930_va20181001-20181231": {
    "cumulative_return_pct": -38.52374934122564,
    "annualized_return_pct": -86.72558032055177,
    "max_drawdown_pct": 38.75245394863604,
    "sharpe": -1.4000303566196073,
    "win_rate_pct": 42.1875,
    "profit_factor": 0.5969675306619022
  },
  "win008_tr20140101-20181231_te20190101-20190331_va20190401-20190630": {
    "cumulative_return_pct": -27.0098005702924,
    "annualized_return_pct": -73.74138441146214,
    "max_drawdown_pct": 44.04751213746456,
    "sharpe": -0.6623854576563847,
    "win_rate_pct": 41.37931034482759,
    "profit_factor": 0.8541375396810579
  },
  "win009_tr20140701-20190630_te20190701-20190930_va20191001-20191231": {
    "cumulative_return_pct": 38.466315258183236,
    "annualized_return_pct": 274.6464448334599,
    "max_drawdown_pct": 26.98306590147308,
    "sharpe": 2.7879809583962794,
    "win_rate_pct": 51.5625,
    "profit_factor": 1.315161839878444
  },
  "win010_tr20150101-20191231_te20200101-20200331_va20200401-20200630": {
    "cumulative_return_pct": -42.27825711744275,
    "annualized_return_pct": -89.51536937987461,
    "max_drawdown_pct": 57.25418212320983,
    "sharpe": -0.8758440849053868,
    "win_rate_pct": 44.827586206896555,
    "profit_factor": 0.7487604927422744
  },
  "win011_tr20150701-20200630_te20200701-20200930_va20201001-20201231": {
    "cumulative_return_pct": 27.395592906902916,
    "annualized_return_pct": 167.14781376554927,
    "max_drawdown_pct": 38.294754834465586,
    "sharpe": 1.617364255331221,
    "win_rate_pct": 49.23076923076923,
    "profit_factor": 1.1630930814721605
  },
  "win012_tr20160101-20201231_te20210101-20210331_va20210401-20210630": {
    "cumulative_return_pct": -41.71717306451489,
    "annualized_return_pct": -89.90214444097462,
    "max_drawdown_pct": 52.45992399817526,
    "sharpe": -0.9217107736949286,
    "win_rate_pct": 44.827586206896555,
    "profit_factor": 0.6952567529351776
  },
  "win013_tr20160701-20210630_te20210701-20210930_va20211001-20211231": {
    "cumulative_return_pct": -25.30933294666584,
    "annualized_return_pct": -69.40344321847185,
    "max_drawdown_pct": 48.53851701314063,
    "sharpe": -0.693049765617117,
    "win_rate_pct": 49.2063492063492,
    "profit_factor": 0.7982535789023945
  },
  "win014_tr20170101-20211231_te20220101-20220331_va20220401-20220630": {
    "cumulative_return_pct": 106.49508004645023,
    "annualized_return_pct": 2074.957757443845,
    "max_drawdown_pct": 22.93363634953908,
    "sharpe": 21.072541588157435,
    "win_rate_pct": 55.172413793103445,
    "profit_factor": 1.8161411586304281
  },
  "win015_tr20170701-20220630_te20220701-20220930_va20221001-20221231": {
    "cumulative_return_pct": -43.9069910977652,
    "annualized_return_pct": -90.92537698987448,
    "max_drawdown_pct": 61.422987956988216,
    "sharpe": -1.1689581529113038,
    "win_rate_pct": 42.1875,
    "profit_factor": 0.7032768904136236
  },
  "win016_tr20180101-20221231_te20230101-20230331_va20230401-20230630": {
    "cumulative_return_pct": 65.88107347185398,
    "annualized_return_pct": 737.081523445921,
    "max_drawdown_pct": 24.87511240737304,
    "sharpe": 7.913654331768928,
    "win_rate_pct": 50.847457627118644,
    "profit_factor": 1.5055559590818106
  },
  "win017_tr20180701-20230630_te20230701-20230930_va20231001-20231231": {
    "cumulative_return_pct": -21.611128947882445,
    "annualized_return_pct": -64.02085478354837,
    "max_drawdown_pct": 30.65167676465083,
    "sharpe": -1.3886500457839677,
    "win_rate_pct": 40.625,
    "profit_factor": 0.7322556837113973
  },
  "win018_tr20190101-20231231_te20240101-20240331_va20240401-20240630": {
    "cumulative_return_pct": -28.95193019328619,
    "annualized_return_pct": -76.1891150755513,
    "max_drawdown_pct": 37.07468887257675,
    "sharpe": -0.8714875294128845,
    "win_rate_pct": 46.55172413793103,
    "profit_factor": 0.7525038412469462
  },
  "win019_tr20190701-20240630_te20240701-20240930_va20241001-20241231": {
    "cumulative_return_pct": 140.72716099308198,
    "annualized_return_pct": 3434.7280527249304,
    "max_drawdown_pct": 28.10583630829227,
    "sharpe": 33.12575849753264,
    "win_rate_pct": 46.03174603174603,
    "profit_factor": 2.2784919937570445
  },
  "win020_tr20200101-20241231_te20250101-20250331_va20250401-20250630": {
    "cumulative_return_pct": 49.874006691926205,
    "annualized_return_pct": 436.24599702005435,
    "max_drawdown_pct": 12.106781564963006,
    "sharpe": 5.6341117364088715,
    "win_rate_pct": 56.14035087719298,
    "profit_factor": 1.4785514097511956
  },
  "win021_tr20200701-20250630_te20250701-20250930_va20251001-20251231": {
    "cumulative_return_pct": -54.45381591534184,
    "annualized_return_pct": -95.8895974634623,
    "max_drawdown_pct": 53.01471529396796,
    "sharpe": -1.4844998057624073,
    "win_rate_pct": 33.84615384615385,
    "profit_factor": 0.47618341609050313
  }
}