{
  "win000_tr20100101-20141231_te20150101-20150331_va20150401-20150630": {
    "cumulative_return_pct": 46.18155347562048,
    "annualized_return_pct": 411.1555551868048,
    "max_drawdown_pct": 10.296055775227675,
    "sharpe": 7.441517072683278,
    "win_rate_pct": 56.14035087719298,
    "profit_factor": 1.6860287453663674
  },
  "win001_tr20100701-20150630_te20150701-20150930_va20151001-20151231": {
    "cumulative_return_pct": -48.49702108252637,
    "annualized_return_pct": -93.23107632180594,
    "max_drawdown_pct": 58.20528127336926,
    "sharpe": -0.6410457373157392,
    "win_rate_pct": 46.03174603174603,
    "profit_factor": 0.7734610358874917
  },
  "win002_tr20110101-20151231_te20160101-20160331_va20160401-20160630": {
    "cumulative_return_pct": -35.643485193873474,
    "annualized_return_pct": -84.28122908506359,
    "max_drawdown_pct": 42.13897468740231,
    "sharpe": -1.0971112516879242,
    "win_rate_pct": 49.152542372881356,
    "profit_factor": 0.6926041254258057
  },
  "win003_tr20110701-20160630_te20160701-20160930_va20161001-20161231": {
    "cumulative_return_pct": 9.967075613304786,
    "annualized_return_pct": 48.341801754654654,
    "max_drawdown_pct": 23.227778645067552,
    "sharpe": 0.6030625880780539,
    "win_rate_pct": 52.38095238095239,
    "profit_factor": 1.101818723388216
  },
  "win004_tr20120101-20161231_te20170101-20170331_va20170401-20170630": {
    "cumulative_return_pct": -40.599860993915655,
    "annualized_return_pct": -88.7721304264672,
    "max_drawdown_pct": 40.60745214700711,
    "sharpe": -1.522100377874341,
    "win_rate_pct": 40.67796610169492,
    "profit_factor": 0.5241904796824034
  },
  "win005_tr20120701-20170630_te20170701-20170930_va20171001-20171231": {
    "cumulative_return_pct": -22.79835312862721,
    "annualized_return_pct": -65.83460898145772,
    "max_drawdown_pct": 40.03757237100941,
    "sharpe": -1.6083604156383646,
    "win_rate_pct": 50.76923076923077,
    "profit_factor": 0.5925712566296146
  },
  "win006_tr20130101-20171231_te20180101-20180331_va20180401-20180630": {
    "cumulative_return_pct": 48.619559427853254,
    "annualized_return_pct": 427.7428879900544,
    "max_drawdown_pct": 14.723447583575084,
    "sharpe": 5.283422317519109,
    "win_rate_pct": 47.45762711864407,
    "profit_factor": 1.4594255796348399
  },
  "win007_tr20130701-20180630_te20180701-20180930_va20181001-20181231": {
    "cumulative_return_pct": -24.945544279349598,
    "annualized_return_pct": -69.60923847131977,
    "max_drawdown_pct": 37.86258119624105,
    "sharpe": -1.110357327386617,
    "win_rate_pct": 48.4375,
    "profit_factor": 0.768975295119392
  },
  "win008_tr20140101-20181231_te20190101-20190331_va20190401-20190630": {
    "cumulative_return_pct": -36.365701302876495,
    "annualized_return_pct": -85.33579479880956,
    "max_drawdown_pct": 52.62438259073705,
    "sharpe": -0.7931105611762603,
    "win_rate_pct": 39.6551724137931,
    "profit_factor": 0.6974828470500529
  },
  "win009_tr20140701-20190630_te20190701-20190930_va20191001-20191231": {
    "cumulative_return_pct": -55.66534356357046,
    "annualized_return_pct": -96.31560019005197,
    "max_drawdown_pct": 56.24192139811027,
    "sharpe": -1.3220711577076971,
    "win_rate_pct": 34.375,
    "profit_factor": 0.4443710801692436
  },
  "win010_tr20150101-20191231_te20200101-20200331_va20200401-20200630": {
    "cumulative_return_pct": -25.133281351036647,
    "annualized_return_pct": -69.51475392410293,
    "max_drawdown_pct": 53.36096127489519,
    "sharpe": -0.5851055658021448,
    "win_rate_pct": 43.103448275862064,
    "profit_factor": 0.8733841309190203
  },
  "win011_tr20150701-20200630_te20200701-20200930_va20201001-20201231": {
    "cumulative_return_pct": -23.820811666345595,
    "annualized_return_pct": -66.85236987309766,
    "max_drawdown_pct": 33.89974050304947,
    "sharpe": -0.9387772703975664,
    "win_rate_pct": 43.07692307692308,
    "profit_factor": 0.7689410136484641
  },
  "win012_tr20160101-20201231_te20210101-20210331_va20210401-20210630": {
    "cumulative_return_pct": -13.271645725202804,
    "annualized_return_pct": -45.37839435482586,
    "max_drawdown_pct": 41.40587288048745,
    "sharpe": -0.5021831018756636,
    "win_rate_pct": 44.827586206896555,
    "profit_factor": 0.9023441485400779
  },
  "win013_tr20160701-20210630_te20210701-20210930_va20211001-20211231": {
    "cumulative_return_pct": -43.699892763676864,
    "annualized_return_pct": -90.28409500385116,
    "max_drawdown_pct": 55.33826188564539,
    "sharpe": -0.8455357728917997,
    "win_rate_pct": 46.03174603174603,
    "profit_factor": 0.6799644201479238
  },
  "win014_tr20170101-20211231_te20220101-20220331_va20220401-20220630": {
    "cumulative_return_pct": -23.79955639919025,
    "annualized_return_pct": -68.47446103489125,
    "max_drawdown_pct": 24.7442911837398,
    "sharpe": -0.8169646528693013,
    "win_rate_pct": 53.44827586206896,
    "profit_factor": 0.7923170208582275
  },
  "win015_tr20170701-20220630_te20220701-20220930_va20221001-20221231": {
    "cumulative_return_pct": -47.59748738501563,
    "annualized_return_pct": -93.15849257815543,
    "max_drawdown_pct": 50.71781460442385,
    "sharpe": -1.4787940773082906,
    "win_rate_pct": 39.0625,
    "profit_factor": 0.5071010467216749
  },
  "win016_tr20180101-20221231_te20230101-20230331_va20230401-20230630": {
    "cumulative_return_pct": 27.734676479656716,
    "annualized_return_pct": 179.45618173559353,
    "max_drawdown_pct": 21.068753289530378,
    "sharpe": 2.589198645379821,
    "win_rate_pct": 54.23728813559322,
    "profit_factor": 1.2922617435903994
  },
  "win017_tr20180701-20230630_te20230701-20230930_va20231001-20231231": {
    "cumulative_return_pct": -6.613706682304514,
    "annualized_return_pct": -24.969055308649967,
    "max_drawdown_pct": 29.837591044870663,
    "sharpe": -0.5630494442296733,
    "win_rate_pct": 45.3125,
    "profit_factor": 0.9212164647416957
  },
  "win018_tr20190101-20231231_te20240101-20240331_va20240401-20240630": {
    "cumulative_return_pct": -22.93903824953664,
    "annualized_return_pct": -66.51119138448574,
    "max_drawdown_pct": 57.63698844169595,
    "sharpe": -0.7611741088059625,
    "win_rate_pct": 48.275862068965516,
    "profit_factor": 0.7548232539490811
  },
  "win019_tr20190701-20240630_te20240701-20240930_va20241001-20241231": {
    "cumulative_return_pct": 105.10528095115328,
    "annualized_return_pct": 1745.465876097769,
    "max_drawdown_pct": 22.679285802784786,
    "sharpe": 15.220657637800954,
    "win_rate_pct": 55.55555555555556,
    "profit_factor": 1.7791273907932839
  },
  "win020_tr20200101-20241231_te20250101-20250331_va20250401-20250630": {
    "cumulative_return_pct": -20.288484626628993,
    "annualized_return_pct": -60.98276694661593,
    "max_drawdown_pct": 27.124968850089697,
    "sharpe": -1.126792331105663,
    "win_rate_pct": 42.10526315789473,
    "profit_factor": 0.7724618849723986
  },
  "win021_tr20200701-20250630_te20250701-20250930_va20251001-20251231": {
    "cumulative_return_pct": -24.84439878037729,
    "annualized_return_pct": -68.62311501848362,
    "max_drawdown_pct": 28.645835109683482,
    "sharpe": -1.372842565535483,
    "win_rate_pct": 49.23076923076923,
    "profit_factor": 0.7087540225319968
  }
}