{
  "win000_tr20100101-20141231_te20150101-20150331_va20150401-20150630": {
    "cumulative_return_pct": 48.619274259649245,
    "annualized_return_pct": 448.803638976531,
    "max_drawdown_pct": 6.224527048390243,
    "sharpe": 8.912227761259892,
    "win_rate_pct": 57.89473684210527,
    "profit_factor": 1.8465640969646184
  },
  "win001_tr20100701-20150630_te20150701-20150930_va20151001-20151231": {
    "cumulative_return_pct": -61.128229867647754,
    "annualized_return_pct": -97.83927611187856,
    "max_drawdown_pct": 60.134433142639324,
    "sharpe": -0.6511972731558314,
    "win_rate_pct": 44.44444444444444,
    "profit_factor": 0.6818259517272298
  },
  "win002_tr20110101-20151231_te20160101-20160331_va20160401-20160630": {
    "cumulative_return_pct": 4.838422459724033,
    "annualized_return_pct": 21.941244978949115,
    "max_drawdown_pct": 27.101745024382822,
    "sharpe": 0.21849148692025736,
    "win_rate_pct": 57.6271186440678,
    "profit_factor": 1.0363637180295682
  },
  "win003_tr20110701-20160630_te20160701-20160930_va20161001-20161231": {
    "cumulative_return_pct": 29.219085841086972,
    "annualized_return_pct": 189.78033533007678,
    "max_drawdown_pct": 22.935644536816056,
    "sharpe": 2.460469090440915,
    "win_rate_pct": 53.96825396825397,
    "profit_factor": 1.2890106103697696
  },
  "win004_tr20120101-20161231_te20170101-20170331_va20170401-20170630": {
    "cumulative_return_pct": -41.21685138167625,
    "annualized_return_pct": -89.25367954116733,
    "max_drawdown_pct": 42.62065971363638,
    "sharpe": -1.5156694345652728,
    "win_rate_pct": 44.06779661016949,
    "profit_factor": 0.5280508117906337
  },
  "win005_tr20120701-20170630_te20170701-20170930_va20171001-20171231": {
    "cumulative_return_pct": 0.49371343285900077,
    "annualized_return_pct": 2.0651851091460838,
    "max_drawdown_pct": 30.246993816494676,
    "sharpe": -0.015126926051064155,
    "win_rate_pct": 53.84615384615385,
    "profit_factor": 1.0062560264735294
  },
  "win006_tr20130101-20171231_te20180101-20180331_va20180401-20180630": {
    "cumulative_return_pct": -16.900148253629567,
    "annualized_return_pct": -54.03157054681418,
    "max_drawdown_pct": 38.87220385845488,
    "sharpe": -0.5489489107033264,
    "win_rate_pct": 44.06779661016949,
    "profit_factor": 0.8696454108883049
  },
  "win007_tr20130701-20180630_te20180701-20180930_va20181001-20181231": {
    "cumulative_return_pct": -43.799659228009276,
    "annualized_return_pct": -90.85308919184652,
    "max_drawdown_pct": 49.97420654033527,
    "sharpe": -1.4283384021381822,
    "win_rate_pct": 40.625,
    "profit_factor": 0.5810588650193624
  },
  "win008_tr20140101-20181231_te20190101-20190331_va20190401-20190630": {
    "cumulative_return_pct": -41.64974979175532,
    "annualized_return_pct": -89.852438789949,
    "max_drawdown_pct": 57.69570229654797,
    "sharpe": -0.8020948530319386,
    "win_rate_pct": 46.55172413793103,
    "profit_factor": 0.6509648488517511
  },
  "win009_tr20140701-20190630_te20190701-20190930_va20191001-20191231": {
    "cumulative_return_pct": -60.665044460590586,
    "annualized_return_pct": -97.73286833279536,
    "max_drawdown_pct": 61.17660055033163,
    "sharpe": -1.4665031151667494,
    "win_rate_pct": 34.375,
    "profit_factor": 0.3239783360046532
  },
  "win010_tr20150101-20191231_te20200101-20200331_va20200401-20200630": {
    "cumulative_return_pct": -9.426180069919443,
    "annualized_return_pct": -33.38961935039799,
    "max_drawdown_pct": 51.354695685602316,
    "sharpe": -0.26385675179086004,
    "win_rate_pct": 46.55172413793103,
    "profit_factor": 0.9568028181467082
  },
  "win011_tr20150701-20200630_te20200701-20200930_va20201001-20201231": {
    "cumulative_return_pct": 9.2787593829897,
    "annualized_return_pct": 43.34777051754652,
    "max_drawdown_pct": 36.94187220176589,
    "sharpe": 0.45560410006387275,
    "win_rate_pct": 53.84615384615385,
    "profit_factor": 1.0661513886685918
  },
  "win012_tr20160101-20201231_te20210101-20210331_va20210401-20210630": {
    "cumulative_return_pct": -20.955002574973296,
    "annualized_return_pct": -63.16479995519053,
    "max_drawdown_pct": 54.90716962536115,
    "sharpe": -0.6899380236508901,
    "win_rate_pct": 48.275862068965516,
    "profit_factor": 0.8590502213582688
  },
  "win013_tr20160701-20210630_te20210701-20210930_va20211001-20211231": {
    "cumulative_return_pct": 13.120783038828218,
    "annualized_return_pct": 64.9274399093699,
    "max_drawdown_pct": 29.619861054700202,
    "sharpe": 0.6109983967630461,
    "win_rate_pct": 53.96825396825397,
    "profit_factor": 1.0910248475436315
  },
  "win014_tr20170101-20211231_te20220101-20220331_va20220401-20220630": {
    "cumulative_return_pct": -24.237526786676305,
    "annualized_return_pct": -69.23686907934072,
    "max_drawdown_pct": 41.94454172677196,
    "sharpe": -0.9810955706507245,
    "win_rate_pct": 51.724137931034484,
    "profit_factor": 0.7872999216567625
  },
  "win015_tr20170701-20220630_te20220701-20220930_va20221001-20221231": {
    "cumulative_return_pct": -51.320019310062804,
    "annualized_return_pct": -94.96120712115145,
    "max_drawdown_pct": 52.04016811150339,
    "sharpe": -1.5882892117918632,
    "win_rate_pct": 42.1875,
    "profit_factor": 0.4628778195308268
  },
  "win016_tr20180101-20221231_te20230101-20230331_va20230401-20230630": {
    "cumulative_return_pct": -18.145024863064556,
    "annualized_return_pct": -56.854126864589475,
    "max_drawdown_pct": 33.51746992173084,
    "sharpe": -0.9002372952449146,
    "win_rate_pct": 47.45762711864407,
    "profit_factor": 0.8087881067857446
  },
  "win017_tr20180701-20230630_te20230701-20230930_va20231001-20231231": {
    "cumulative_return_pct": -11.204097178700183,
    "annualized_return_pct": -39.27895010899521,
    "max_drawdown_pct": 26.864126830711214,
    "sharpe": -0.7754823435614862,
    "win_rate_pct": 40.625,
    "profit_factor": 0.8723457326005284
  },
  "win018_tr20190101-20231231_te20240101-20240331_va20240401-20240630": {
    "cumulative_return_pct": -29.043922870880273,
    "annualized_return_pct": -76.31828106517773,
    "max_drawdown_pct": 59.55941826358564,
    "sharpe": -0.8172388261333084,
    "win_rate_pct": 44.827586206896555,
    "profit_factor": 0.7039374432579719
  },
  "win019_tr20190701-20240630_te20240701-20240930_va20241001-20241231": {
    "cumulative_return_pct": 101.59794952000266,
    "annualized_return_pct": 1620.7038558302681,
    "max_drawdown_pct": 21.373697025882432,
    "sharpe": 15.40582909631753,
    "win_rate_pct": 58.730158730158735,
    "profit_factor": 1.772000036372981
  },
  "win020_tr20200101-20241231_te20250101-20250331_va20250401-20250630": {
    "cumulative_return_pct": -29.692532771032486,
    "annualized_return_pct": -76.8277022983965,
    "max_drawdown_pct": 33.82166944591671,
    "sharpe": -0.9103808605909042,
    "win_rate_pct": 40.35087719298245,
    "profit_factor": 0.7064554263410341
  },
  "win021_tr20200701-20250630_te20250701-20250930_va20251001-20251231": {
    "cumulative_return_pct": -22.106846283629128,
    "annualized_return_pct": -63.71994448416684,
    "max_drawdown_pct": 27.88200398566062,
    "sharpe": -1.3286946942664988,
    "win_rate_pct": 49.23076923076923,
    "profit_factor": 0.7136894754422164
  }
}