{
  "win000_tr20100101-20141231_te20150101-20150331_va20150401-20150630": {
    "cumulative_return_pct": 146.03678522284193,
    "annualized_return_pct": 4687.956413023233,
    "max_drawdown_pct": 13.65552698015991,
    "sharpe": 60.77739186019992,
    "win_rate_pct": 54.385964912280706,
    "profit_factor": 2.78067754454006
  },
  "win001_tr20100701-20150630_te20150701-20150930_va20151001-20151231": {
    "cumulative_return_pct": -70.16616827441648,
    "annualized_return_pct": -99.26176578377623,
    "max_drawdown_pct": 70.8845920781805,
    "sharpe": -0.8218893590431033,
    "win_rate_pct": 46.03174603174603,
    "profit_factor": 0.4785932499504905
  },
  "win002_tr20110101-20151231_te20160101-20160331_va20160401-20160630": {
    "cumulative_return_pct": -48.11078380319322,
    "annualized_return_pct": -93.63475519925018,
    "max_drawdown_pct": 46.53315285730828,
    "sharpe": -0.977068889676933,
    "win_rate_pct": 45.76271186440678,
    "profit_factor": 0.5984804846537699
  },
  "win003_tr20110701-20160630_te20160701-20160930_va20161001-20161231": {
    "cumulative_return_pct": -31.844954550061814,
    "annualized_return_pct": -79.63323063899641,
    "max_drawdown_pct": 39.3160659311562,
    "sharpe": -1.1748507750508244,
    "win_rate_pct": 46.03174603174603,
    "profit_factor": 0.6697220516109311
  },
  "win004_tr20120101-20161231_te20170101-20170331_va20170401-20170630": {
    "cumulative_return_pct": -29.298291516361342,
    "annualized_return_pct": -76.672659999339,
    "max_drawdown_pct": 44.81139591270627,
    "sharpe": -1.0076923765777483,
    "win_rate_pct": 49.152542372881356,
    "profit_factor": 0.6951151748152599
  },
  "win005_tr20120701-20170630_te20170701-20170930_va20171001-20171231": {
    "cumulative_return_pct": 18.343258105855714,
    "annualized_return_pct": 101.18109781598199,
    "max_drawdown_pct": 17.142350137475006,
    "sharpe": 1.781698377262118,
    "win_rate_pct": 56.92307692307692,
    "profit_factor": 1.2286281883754868
  },
  "win006_tr20130101-20171231_te20180101-20180331_va20180401-20180630": {
    "cumulative_return_pct": -17.957286829976063,
    "annualized_return_pct": -56.437151851378765,
    "max_drawdown_pct": 35.68377344627655,
    "sharpe": -0.6894434669813692,
    "win_rate_pct": 42.3728813559322,
    "profit_factor": 0.8150094224080958
  },
  "win007_tr20130701-20180630_te20180701-20180930_va20181001-20181231": {
    "cumulative_return_pct": -53.4674652992463,
    "annualized_return_pct": -95.82168121497988,
    "max_drawdown_pct": 56.09032156551177,
    "sharpe": -1.5462629761979376,
    "win_rate_pct": 32.8125,
    "profit_factor": 0.4635592751292352
  },
  "win008_tr20140101-20181231_te20190101-20190331_va20190401-20190630": {
    "cumulative_return_pct": -15.375652894624672,
    "annualized_return_pct": -50.78857666237776,
    "max_drawdown_pct": 44.35957539992116,
    "sharpe": -0.48211771601421644,
    "win_rate_pct": 44.827586206896555,
    "profit_factor": 0.9059580170994757
  },
  "win009_tr20140701-20190630_te20190701-20190930_va20191001-20191231": {
    "cumulative_return_pct": -59.54696881117057,
    "annualized_return_pct": -97.45975021676084,
    "max_drawdown_pct": 52.736345143809785,
    "sharpe": -1.2863275472347644,
    "win_rate_pct": 43.75,
    "profit_factor": 0.44205949495716657
  },
  "win010_tr20150101-20191231_te20200101-20200331_va20200401-20200630": {
    "cumulative_return_pct": -34.82570367862095,
    "annualized_return_pct": -82.7423412116165,
    "max_drawdown_pct": 50.2852032794165,
    "sharpe": -0.7583157853685669,
    "win_rate_pct": 43.103448275862064,
    "profit_factor": 0.7982284506034731
  },
  "win011_tr20150701-20200630_te20200701-20200930_va20201001-20201231": {
    "cumulative_return_pct": -54.583054056727654,
    "annualized_return_pct": -95.93672621527743,
    "max_drawdown_pct": 59.94008847703738,
    "sharpe": -1.2884721668350743,
    "win_rate_pct": 38.46153846153847,
    "profit_factor": 0.5081931131442644
  },
  "win012_tr20160101-20201231_te20210101-20210331_va20210401-20210630": {
    "cumulative_return_pct": -69.37520164360616,
    "annualized_return_pct": -99.34339341483528,
    "max_drawdown_pct": 70.25316527612723,
    "sharpe": -1.218327213227975,
    "win_rate_pct": 36.206896551724135,
    "profit_factor": 0.4715856572162236
  },
  "win013_tr20160701-20210630_te20210701-20210930_va20211001-20211231": {
    "cumulative_return_pct": 3.7751128201646034,
    "annualized_return_pct": 16.22823093407777,
    "max_drawdown_pct": 39.43064728818539,
    "sharpe": 0.12811956341087347,
    "win_rate_pct": 52.38095238095239,
    "profit_factor": 1.0248388887227737
  },
  "win014_tr20170101-20211231_te20220101-20220331_va20220401-20220630": {
    "cumulative_return_pct": -7.038268508342433,
    "annualized_return_pct": -26.652552168107146,
    "max_drawdown_pct": 56.09005237075386,
    "sharpe": -0.3304126369108626,
    "win_rate_pct": 50.0,
    "profit_factor": 0.940810152831686
  },
  "win015_tr20170701-20220630_te20220701-20220930_va20221001-20221231": {
    "cumulative_return_pct": -26.13099342797408,
    "annualized_return_pct": -71.55253084471771,
    "max_drawdown_pct": 37.87790132067968,
    "sharpe": -0.7945558517515139,
    "win_rate_pct": 45.3125,
    "profit_factor": 0.8170408533523028
  },
  "win016_tr20180101-20221231_te20230101-20230331_va20230401-20230630": {
    "cumulative_return_pct": -11.006997858972067,
    "annualized_return_pct": -38.711086837744055,
    "max_drawdown_pct": 30.597167874248,
    "sharpe": -0.5016897043961007,
    "win_rate_pct": 49.152542372881356,
    "profit_factor": 0.9097083220002085
  },
  "win017_tr20180701-20230630_te20230701-20230930_va20231001-20231231": {
    "cumulative_return_pct": 1.8126628589214524,
    "annualized_return_pct": 7.833597272543447,
    "max_drawdown_pct": 20.629263142290437,
    "sharpe": 0.0722933022844721,
    "win_rate_pct": 45.3125,
    "profit_factor": 1.0175063496701426
  },
  "win018_tr20190101-20231231_te20240101-20240331_va20240401-20240630": {
    "cumulative_return_pct": -61.81580423293296,
    "annualized_return_pct": -98.24356447794233,
    "max_drawdown_pct": 62.61674614061445,
    "sharpe": -1.0860863062758737,
    "win_rate_pct": 41.37931034482759,
    "profit_factor": 0.4788313675344853
  },
  "win019_tr20190701-20240630_te20240701-20240930_va20241001-20241231": {
    "cumulative_return_pct": 78.84523718166898,
    "annualized_return_pct": 958.3696147010595,
    "max_drawdown_pct": 21.896255404533573,
    "sharpe": 9.960034603898485,
    "win_rate_pct": 49.2063492063492,
    "profit_factor": 1.5905537302812103
  },
  "win020_tr20200101-20241231_te20250101-20250331_va20250401-20250630": {
    "cumulative_return_pct": 90.31528621371842,
    "annualized_return_pct": 1345.3550108312588,
    "max_drawdown_pct": 18.082422332497167,
    "sharpe": 16.085407419674134,
    "win_rate_pct": 50.877192982456144,
    "profit_factor": 1.7799217656183046
  },
  "win021_tr20200701-20250630_te20250701-20250930_va20251001-20251231": {
    "cumulative_return_pct": -26.773225889806028,
    "annualized_return_pct": -71.7651585129307,
    "max_drawdown_pct": 33.83864800624657,
    "sharpe": -0.923405235879534,
    "win_rate_pct": 38.46153846153847,
    "profit_factor": 0.7906673577879701
  }
}