{
  "win000_tr20100101-20141231_te20150101-20150331_va20150401-20150630": {
    "cumulative_return_pct": 96.69190821286897,
    "annualized_return_pct": 1729.8599204654508,
    "max_drawdown_pct": 13.991462788466947,
    "sharpe": 21.489322623952674,
    "win_rate_pct": 61.40350877192983,
    "profit_factor": 1.8271640652352634
  },
  "win001_tr20100701-20150630_te20150701-20150930_va20151001-20151231": {
    "cumulative_return_pct": -68.35833883185714,
    "annualized_return_pct": -99.0626850149555,
    "max_drawdown_pct": 65.52974407152537,
    "sharpe": -0.7175107451791591,
    "win_rate_pct": 53.96825396825397,
    "profit_factor": 0.6289142188162
  },
  "win002_tr20110101-20151231_te20160101-20160331_va20160401-20160630": {
    "cumulative_return_pct": -43.240888246252986,
    "annualized_return_pct": -90.72372625680597,
    "max_drawdown_pct": 45.161751469904445,
    "sharpe": -0.9745474984169753,
    "win_rate_pct": 44.06779661016949,
    "profit_factor": 0.6437323770976925
  },
  "win003_tr20110701-20160630_te20160701-20160930_va20161001-20161231": {
    "cumulative_return_pct": 51.26285604032949,
    "annualized_return_pct": 457.17439451397735,
    "max_drawdown_pct": 21.08096422506975,
    "sharpe": 5.543663604624606,
    "win_rate_pct": 55.55555555555556,
    "profit_factor": 1.4526150413049712
  },
  "win004_tr20120101-20161231_te20170101-20170331_va20170401-20170630": {
    "cumulative_return_pct": 70.22929348041815,
    "annualized_return_pct": 833.1376464994806,
    "max_drawdown_pct": 13.99402823041967,
    "sharpe": 11.287081902828405,
    "win_rate_pct": 62.71186440677966,
    "profit_factor": 1.614998021253206
  },
  "win005_tr20120701-20170630_te20170701-20170930_va20171001-20171231": {
    "cumulative_return_pct": -11.162472979924456,
    "annualized_return_pct": -38.814839347401644,
    "max_drawdown_pct": 28.26030673272918,
    "sharpe": -0.7260450012716645,
    "win_rate_pct": 52.307692307692314,
    "profit_factor": 0.8568005162608836
  },
  "win006_tr20130101-20171231_te20180101-20180331_va20180401-20180630": {
    "cumulative_return_pct": 4.178323646088038,
    "annualized_return_pct": 18.75018138963376,
    "max_drawdown_pct": 32.459183101923095,
    "sharpe": 0.20605034965458435,
    "win_rate_pct": 54.23728813559322,
    "profit_factor": 1.048956775635882
  },
  "win007_tr20130701-20180630_te20180701-20180930_va20181001-20181231": {
    "cumulative_return_pct": -54.179265073256474,
    "annualized_return_pct": -96.08064202386238,
    "max_drawdown_pct": 56.03561304597513,
    "sharpe": -1.6168496229774938,
    "win_rate_pct": 31.25,
    "profit_factor": 0.4010923151496725
  },
  "win008_tr20140101-20181231_te20190101-20190331_va20190401-20190630": {
    "cumulative_return_pct": -18.669932690107043,
    "annualized_return_pct": -58.42538772113435,
    "max_drawdown_pct": 47.702629856411164,
    "sharpe": -0.48815381384929635,
    "win_rate_pct": 51.724137931034484,
    "profit_factor": 0.8866675872285174
  },
  "win009_tr20140701-20190630_te20190701-20190930_va20191001-20191231": {
    "cumulative_return_pct": -5.230278766523965,
    "annualized_return_pct": -19.58862790192767,
    "max_drawdown_pct": 36.279937202731965,
    "sharpe": -0.24299277368634492,
    "win_rate_pct": 50.0,
    "profit_factor": 0.95088631215969
  },
  "win010_tr20150101-20191231_te20200101-20200331_va20200401-20200630": {
    "cumulative_return_pct": -49.319883163863466,
    "annualized_return_pct": -93.85285525509578,
    "max_drawdown_pct": 60.448371899591265,
    "sharpe": -0.9508811247753548,
    "win_rate_pct": 51.724137931034484,
    "profit_factor": 0.5877338936373069
  },
  "win011_tr20150701-20200630_te20200701-20200930_va20201001-20201231": {
    "cumulative_return_pct": -49.55978213172871,
    "annualized_return_pct": -93.7802947506402,
    "max_drawdown_pct": 68.036746175203,
    "sharpe": -1.0555274872238412,
    "win_rate_pct": 38.46153846153847,
    "profit_factor": 0.5808415378201671
  },
  "win012_tr20160101-20201231_te20210101-20210331_va20210401-20210630": {
    "cumulative_return_pct": -41.41445178030638,
    "annualized_return_pct": -89.67750585786976,
    "max_drawdown_pct": 48.90507291401773,
    "sharpe": -0.9436860933125344,
    "win_rate_pct": 43.103448275862064,
    "profit_factor": 0.6594143126402754
  },
  "win013_tr20160701-20210630_te20210701-20210930_va20211001-20211231": {
    "cumulative_return_pct": -15.971949163155339,
    "annualized_return_pct": -50.64983887541176,
    "max_drawdown_pct": 43.72977793225584,
    "sharpe": -0.4657770007480776,
    "win_rate_pct": 47.61904761904761,
    "profit_factor": 0.8987615399049287
  },
  "win014_tr20170101-20211231_te20220101-20220331_va20220401-20220630": {
    "cumulative_return_pct": -17.923901721096957,
    "annualized_return_pct": -56.78143357444707,
    "max_drawdown_pct": 37.58705900348781,
    "sharpe": -0.5886158710302097,
    "win_rate_pct": 39.6551724137931,
    "profit_factor": 0.858399609077162
  },
  "win015_tr20170701-20220630_te20220701-20220930_va20221001-20221231": {
    "cumulative_return_pct": 40.90834641861634,
    "annualized_return_pct": 315.11841987861897,
    "max_drawdown_pct": 37.815908859593016,
    "sharpe": 3.331291662389895,
    "win_rate_pct": 54.6875,
    "profit_factor": 1.223130635994803
  },
  "win016_tr20180101-20221231_te20230101-20230331_va20230401-20230630": {
    "cumulative_return_pct": 9.380265177484414,
    "annualized_return_pct": 45.70570142758583,
    "max_drawdown_pct": 19.456094734421157,
    "sharpe": 0.6184306453381775,
    "win_rate_pct": 45.76271186440678,
    "profit_factor": 1.096875947187642
  },
  "win017_tr20180701-20230630_te20230701-20230930_va20231001-20231231": {
    "cumulative_return_pct": -45.62266739079675,
    "annualized_return_pct": -92.25161205540968,
    "max_drawdown_pct": 46.68077707641458,
    "sharpe": -1.289289707893899,
    "win_rate_pct": 34.375,
    "profit_factor": 0.5466534918150278
  },
  "win018_tr20190101-20231231_te20240101-20240331_va20240401-20240630": {
    "cumulative_return_pct": 221.1264029227888,
    "annualized_return_pct": 13301.878674514737,
    "max_drawdown_pct": 22.694458339214986,
    "sharpe": 119.42504416268925,
    "win_rate_pct": 65.51724137931035,
    "profit_factor": 2.2819408966018617
  },
  "win019_tr20190701-20240630_te20240701-20240930_va20241001-20241231": {
    "cumulative_return_pct": 154.3718211489328,
    "annualized_return_pct": 4321.0798150381015,
    "max_drawdown_pct": 28.31262567060213,
    "sharpe": 31.474278528543568,
    "win_rate_pct": 57.14285714285714,
    "profit_factor": 1.6214856457991087
  },
  "win020_tr20200101-20241231_te20250101-20250331_va20250401-20250630": {
    "cumulative_return_pct": -39.82964549540575,
    "annualized_return_pct": -87.8573824739469,
    "max_drawdown_pct": 46.53685809138341,
    "sharpe": -0.9735273722603262,
    "win_rate_pct": 42.10526315789473,
    "profit_factor": 0.6829962968271546
  },
  "win021_tr20200701-20250630_te20250701-20250930_va20251001-20251231": {
    "cumulative_return_pct": -27.6566634267485,
    "annualized_return_pct": -73.12228228335118,
    "max_drawdown_pct": 42.92678936405459,
    "sharpe": -1.0071474155045532,
    "win_rate_pct": 47.69230769230769,
    "profit_factor": 0.7262448845543924
  }
}