{
  "win000_tr20100101-20141231_te20150101-20150331_va20150401-20150630": {
    "cumulative_return_pct": 13.61538960498851,
    "annualized_return_pct": 73.06798865222581,
    "max_drawdown_pct": 15.41944576162625,
    "sharpe": 1.2301420891191808,
    "win_rate_pct": 47.368421052631575,
    "profit_factor": 1.189488025888606
  },
  "win001_tr20100701-20150630_te20150701-20150930_va20151001-20151231": {
    "cumulative_return_pct": -40.77062492163754,
    "annualized_return_pct": -88.06341937811199,
    "max_drawdown_pct": 48.460087629430376,
    "sharpe": -0.6547147448415328,
    "win_rate_pct": 46.03174603174603,
    "profit_factor": 0.7975700046257089
  },
  "win002_tr20110101-20151231_te20160101-20160331_va20160401-20160630": {
    "cumulative_return_pct": -54.06175012888009,
    "annualized_return_pct": -96.18306178827332,
    "max_drawdown_pct": 56.08324550040938,
    "sharpe": -1.103895022595957,
    "win_rate_pct": 44.06779661016949,
    "profit_factor": 0.512421734473456
  },
  "win003_tr20110701-20160630_te20160701-20160930_va20161001-20161231": {
    "cumulative_return_pct": -10.511629751642793,
    "annualized_return_pct": -36.932737584313514,
    "max_drawdown_pct": 37.899126717012074,
    "sharpe": -0.5082412871362544,
    "win_rate_pct": 50.79365079365079,
    "profit_factor": 0.903494906669836
  },
  "win004_tr20120101-20161231_te20170101-20170331_va20170401-20170630": {
    "cumulative_return_pct": -5.50500189879383,
    "annualized_return_pct": -21.157670929052998,
    "max_drawdown_pct": 22.879503555325396,
    "sharpe": -0.46547528185507864,
    "win_rate_pct": 50.847457627118644,
    "profit_factor": 0.9176794892718283
  },
  "win005_tr20120701-20170630_te20170701-20170930_va20171001-20171231": {
    "cumulative_return_pct": 10.431882580671994,
    "annualized_return_pct": 50.961624358693335,
    "max_drawdown_pct": 19.7190131842728,
    "sharpe": 0.8112523078533032,
    "win_rate_pct": 49.23076923076923,
    "profit_factor": 1.128437761951293
  },
  "win006_tr20130101-20171231_te20180101-20180331_va20180401-20180630": {
    "cumulative_return_pct": -11.032888625412644,
    "annualized_return_pct": -38.78591065956593,
    "max_drawdown_pct": 39.930218909964324,
    "sharpe": -0.47215766958780736,
    "win_rate_pct": 40.67796610169492,
    "profit_factor": 0.892478059485533
  },
  "win007_tr20130701-20180630_te20180701-20180930_va20181001-20181231": {
    "cumulative_return_pct": -64.80722570302218,
    "annualized_return_pct": -98.68923648074505,
    "max_drawdown_pct": 63.131125713359125,
    "sharpe": -1.6829932136913186,
    "win_rate_pct": 31.25,
    "profit_factor": 0.29867941855672936
  },
  "win008_tr20140101-20181231_te20190101-20190331_va20190401-20190630": {
    "cumulative_return_pct": -47.86194261798277,
    "annualized_return_pct": -93.70884596810967,
    "max_drawdown_pct": 54.99848249712135,
    "sharpe": -1.126882378332816,
    "win_rate_pct": 37.93103448275862,
    "profit_factor": 0.5575894725583066
  },
  "win009_tr20140701-20190630_te20190701-20190930_va20191001-20191231": {
    "cumulative_return_pct": 42.71851132237667,
    "annualized_return_pct": 323.57720391237797,
    "max_drawdown_pct": 33.316052066543115,
    "sharpe": 3.788636963796738,
    "win_rate_pct": 50.0,
    "profit_factor": 1.2827535247370105
  },
  "win010_tr20150101-20191231_te20200101-20200331_va20200401-20200630": {
    "cumulative_return_pct": -40.73520560487943,
    "annualized_return_pct": -88.3164906447393,
    "max_drawdown_pct": 57.02247791460098,
    "sharpe": -0.9517296840828943,
    "win_rate_pct": 37.93103448275862,
    "profit_factor": 0.7457278941439451
  },
  "win011_tr20150701-20200630_te20200701-20200930_va20201001-20201231": {
    "cumulative_return_pct": -30.12733348094493,
    "annualized_return_pct": -76.65750920237657,
    "max_drawdown_pct": 35.35313810417812,
    "sharpe": -1.1158132794499085,
    "win_rate_pct": 43.07692307692308,
    "profit_factor": 0.739780309657529
  },
  "win012_tr20160101-20201231_te20210101-20210331_va20210401-20210630": {
    "cumulative_return_pct": -22.059365637397907,
    "annualized_return_pct": -65.30144664642444,
    "max_drawdown_pct": 44.89954544232197,
    "sharpe": -0.8963193660141493,
    "win_rate_pct": 43.103448275862064,
    "profit_factor": 0.8109038149875313
  },
  "win013_tr20160701-20210630_te20210701-20210930_va20211001-20211231": {
    "cumulative_return_pct": 3.990728046136897,
    "annualized_return_pct": 17.211393101329286,
    "max_drawdown_pct": 39.242339495025625,
    "sharpe": 0.13785984515849478,
    "win_rate_pct": 50.79365079365079,
    "profit_factor": 1.0255288217813228
  },
  "win014_tr20170101-20211231_te20220101-20220331_va20220401-20220630": {
    "cumulative_return_pct": -45.6262941109733,
    "annualized_return_pct": -92.48079047698641,
    "max_drawdown_pct": 53.57765374972805,
    "sharpe": -1.222936316989338,
    "win_rate_pct": 48.275862068965516,
    "profit_factor": 0.5281690822003774
  },
  "win015_tr20170701-20220630_te20220701-20220930_va20221001-20221231": {
    "cumulative_return_pct": -29.69191434192909,
    "annualized_return_pct": -76.82685629689115,
    "max_drawdown_pct": 37.87070707368031,
    "sharpe": -1.1380357936670804,
    "win_rate_pct": 43.75,
    "profit_factor": 0.6770679582020106
  },
  "win016_tr20180101-20221231_te20230101-20230331_va20230401-20230630": {
    "cumulative_return_pct": -24.69036795950376,
    "annualized_return_pct": -69.592232604734,
    "max_drawdown_pct": 39.911968803704205,
    "sharpe": -1.0244203600709383,
    "win_rate_pct": 40.67796610169492,
    "profit_factor": 0.754262401057682
  },
  "win017_tr20180701-20230630_te20230701-20230930_va20231001-20231231": {
    "cumulative_return_pct": 12.581168279219698,
    "annualized_return_pct": 64.46270181624465,
    "max_drawdown_pct": 21.904737150079555,
    "sharpe": 1.4151918007119821,
    "win_rate_pct": 50.0,
    "profit_factor": 1.184359829856226
  },
  "win018_tr20190101-20231231_te20240101-20240331_va20240401-20240630": {
    "cumulative_return_pct": -45.65384746398556,
    "annualized_return_pct": -92.27024765273548,
    "max_drawdown_pct": 47.454357364388,
    "sharpe": -1.3233199445750141,
    "win_rate_pct": 46.55172413793103,
    "profit_factor": 0.5217083101252327
  },
  "win019_tr20190701-20240630_te20240701-20240930_va20241001-20241231": {
    "cumulative_return_pct": 82.91056341392957,
    "annualized_return_pct": 1059.4510349140846,
    "max_drawdown_pct": 23.199169164469037,
    "sharpe": 9.827158252938982,
    "win_rate_pct": 52.38095238095239,
    "profit_factor": 1.6522170811016772
  },
  "win020_tr20200101-20241231_te20250101-20250331_va20250401-20250630": {
    "cumulative_return_pct": -16.110260307042594,
    "annualized_return_pct": -51.76654554699949,
    "max_drawdown_pct": 18.903402091482345,
    "sharpe": -0.7831224811915674,
    "win_rate_pct": 47.368421052631575,
    "profit_factor": 0.8269294654398986
  },
  "win021_tr20200701-20250630_te20250701-20250930_va20251001-20251231": {
    "cumulative_return_pct": -34.06612872827285,
    "annualized_return_pct": -81.55484522880192,
    "max_drawdown_pct": 39.95223559052336,
    "sharpe": -1.3700879998318827,
    "win_rate_pct": 36.92307692307693,
    "profit_factor": 0.669750932509757
  }
}