{
  "size": 4,
  "models": "LightTS,PatchTST,WPMixer,iTransformer",
  "num_windows": 22,
  "mean_test_cumulative_return_pct": -5.923120050038405,
  "std_test_cumulative_return_pct": 70.3876378876023,
  "min_test_cumulative_return_pct": -64.72443674477132,
  "max_test_cumulative_return_pct": 294.08318545635007,
  "mean_test_annualized_return_pct": 1155.5202532191927,
  "mean_test_max_drawdown_pct": 39.86425095203457,
  "mean_test_sharpe": 10.438419998870717,
  "mean_test_win_rate_pct": 48.199952018077376,
  "mean_test_profit_factor": 0.9309741669463443
}