{
  "size": 4,
  "models": "DLinear,FreTS,TimeMixer,WPMixer",
  "num_windows": 22,
  "mean_test_cumulative_return_pct": -2.488550627051143,
  "std_test_cumulative_return_pct": 60.93228344356292,
  "min_test_cumulative_return_pct": -52.67079244490054,
  "max_test_cumulative_return_pct": 255.28020451750342,
  "mean_test_annualized_return_pct": 757.3265686837284,
  "mean_test_max_drawdown_pct": 37.622398382305306,
  "mean_test_sharpe": 7.805444127931339,
  "mean_test_win_rate_pct": 45.999657055316646,
  "mean_test_profit_factor": 0.9508370713504
}