{
  "win000_tr20100101-20141231_te20150101-20150331_va20150401-20150630": {
    "cumulative_return_pct": 3.0685127181663296,
    "annualized_return_pct": 13.86840403761922,
    "max_drawdown_pct": 34.55988170547648,
    "sharpe": 0.16048326207315292,
    "win_rate_pct": 42.10526315789473,
    "profit_factor": 1.0413535260113385
  },
  "win001_tr20100701-20150630_te20150701-20150930_va20151001-20151231": {
    "cumulative_return_pct": -32.705193154953285,
    "annualized_return_pct": -79.96027331053108,
    "max_drawdown_pct": 63.37664633140266,
    "sharpe": -0.5760222121983835,
    "win_rate_pct": 50.79365079365079,
    "profit_factor": 0.867868255468726
  },
  "win002_tr20110101-20151231_te20160101-20160331_va20160401-20160630": {
    "cumulative_return_pct": -52.67079244490054,
    "annualized_return_pct": -95.67383678003674,
    "max_drawdown_pct": 55.991447426533945,
    "sharpe": -1.1710454915492945,
    "win_rate_pct": 40.67796610169492,
    "profit_factor": 0.5042228440312692
  },
  "win003_tr20110701-20160630_te20160701-20160930_va20161001-20161231": {
    "cumulative_return_pct": -18.834222174254396,
    "annualized_return_pct": -57.94222722595542,
    "max_drawdown_pct": 41.30342597336238,
    "sharpe": -0.7872434664849517,
    "win_rate_pct": 42.857142857142854,
    "profit_factor": 0.8090585444998201
  },
  "win004_tr20120101-20161231_te20170101-20170331_va20170401-20170630": {
    "cumulative_return_pct": -44.096143341018944,
    "annualized_return_pct": -91.2965612336428,
    "max_drawdown_pct": 51.480550102261724,
    "sharpe": -1.5488291940373267,
    "win_rate_pct": 42.3728813559322,
    "profit_factor": 0.522769230985251
  },
  "win005_tr20120701-20170630_te20170701-20170930_va20171001-20171231": {
    "cumulative_return_pct": -16.086008299659344,
    "annualized_return_pct": -51.70864368363043,
    "max_drawdown_pct": 26.883810477177043,
    "sharpe": -0.943775838088858,
    "win_rate_pct": 46.15384615384615,
    "profit_factor": 0.7939328075947618
  },
  "win006_tr20130101-20171231_te20180101-20180331_va20180401-20180630": {
    "cumulative_return_pct": 9.312550408529,
    "annualized_return_pct": 45.32737909172315,
    "max_drawdown_pct": 17.82954503358092,
    "sharpe": 0.5648982036908033,
    "win_rate_pct": 49.152542372881356,
    "profit_factor": 1.107651384092077
  },
  "win007_tr20130701-20180630_te20180701-20180930_va20181001-20181231": {
    "cumulative_return_pct": -21.028548473928566,
    "annualized_return_pct": -62.46445337421491,
    "max_drawdown_pct": 23.481269229718453,
    "sharpe": -1.0962760008113264,
    "win_rate_pct": 48.4375,
    "profit_factor": 0.7756107853997104
  },
  "win008_tr20140101-20181231_te20190101-20190331_va20190401-20190630": {
    "cumulative_return_pct": 3.433625050288811,
    "annualized_return_pct": 15.417004338484874,
    "max_drawdown_pct": 42.193680758883254,
    "sharpe": 0.10620078727894539,
    "win_rate_pct": 44.827586206896555,
    "profit_factor": 1.0275094659563317
  },
  "win009_tr20140701-20190630_te20190701-20190930_va20191001-20191231": {
    "cumulative_return_pct": -24.544419218361703,
    "annualized_return_pct": -68.11174204153944,
    "max_drawdown_pct": 33.60364842938953,
    "sharpe": -1.0981712075957193,
    "win_rate_pct": 45.3125,
    "profit_factor": 0.7187557999301241
  },
  "win010_tr20150101-20191231_te20200101-20200331_va20200401-20200630": {
    "cumulative_return_pct": 26.698886422141456,
    "annualized_return_pct": 164.10257385801756,
    "max_drawdown_pct": 30.314205311026367,
    "sharpe": 1.4635938114812344,
    "win_rate_pct": 44.827586206896555,
    "profit_factor": 1.1877245859049081
  },
  "win011_tr20150701-20200630_te20200701-20200930_va20201001-20201231": {
    "cumulative_return_pct": 27.879860019170494,
    "annualized_return_pct": 171.29309138947747,
    "max_drawdown_pct": 31.57931326262699,
    "sharpe": 2.4832553578080443,
    "win_rate_pct": 55.38461538461539,
    "profit_factor": 1.2613012980062337
  },
  "win012_tr20160101-20201231_te20210101-20210331_va20210401-20210630": {
    "cumulative_return_pct": -25.008630679629267,
    "annualized_return_pct": -70.5448461637192,
    "max_drawdown_pct": 46.883934120850746,
    "sharpe": -0.8271316495767629,
    "win_rate_pct": 44.827586206896555,
    "profit_factor": 0.7960142817919682
  },
  "win013_tr20160701-20210630_te20210701-20210930_va20211001-20211231": {
    "cumulative_return_pct": -13.012427624626913,
    "annualized_return_pct": -43.20669001070962,
    "max_drawdown_pct": 34.26802642723943,
    "sharpe": -0.5212168849303548,
    "win_rate_pct": 46.03174603174603,
    "profit_factor": 0.9040373600712607
  },
  "win014_tr20170101-20211231_te20220101-20220331_va20220401-20220630": {
    "cumulative_return_pct": 29.741791483441183,
    "annualized_return_pct": 202.17658835438067,
    "max_drawdown_pct": 29.151773521689172,
    "sharpe": 2.708192029329708,
    "win_rate_pct": 53.44827586206896,
    "profit_factor": 1.3436900788427044
  },
  "win015_tr20170701-20220630_te20220701-20220930_va20221001-20221231": {
    "cumulative_return_pct": -46.64445327402797,
    "annualized_return_pct": -92.62706810612467,
    "max_drawdown_pct": 43.898576543656695,
    "sharpe": -1.2350375295537486,
    "win_rate_pct": 37.5,
    "profit_factor": 0.5647226921360534
  },
  "win016_tr20180101-20221231_te20230101-20230331_va20230401-20230630": {
    "cumulative_return_pct": -45.59988111592285,
    "annualized_return_pct": -92.23797160301132,
    "max_drawdown_pct": 47.40878106457039,
    "sharpe": -1.5378374166524098,
    "win_rate_pct": 38.983050847457626,
    "profit_factor": 0.4993347107204434
  },
  "win017_tr20180701-20230630_te20230701-20230930_va20231001-20231231": {
    "cumulative_return_pct": -28.93350910919533,
    "annualized_return_pct": -76.16318585433689,
    "max_drawdown_pct": 46.100212396920156,
    "sharpe": -1.2453494748925928,
    "win_rate_pct": 40.625,
    "profit_factor": 0.7431320087642271
  },
  "win018_tr20190101-20231231_te20240101-20240331_va20240401-20240630": {
    "cumulative_return_pct": -7.118436241659534,
    "annualized_return_pct": -26.6568983704511,
    "max_drawdown_pct": 43.46499774268457,
    "sharpe": -0.3154752434651992,
    "win_rate_pct": 48.275862068965516,
    "profit_factor": 0.9357748240315821
  },
  "win019_tr20190701-20240630_te20240701-20240930_va20241001-20241231": {
    "cumulative_return_pct": 255.28020451750342,
    "annualized_return_pct": 17055.393454243993,
    "max_drawdown_pct": 14.509664256487035,
    "sharpe": 178.73003013255067,
    "win_rate_pct": 65.07936507936508,
    "profit_factor": 2.870137652699994
  },
  "win020_tr20200101-20241231_te20250101-20250331_va20250401-20250630": {
    "cumulative_return_pct": -27.137886851452954,
    "annualized_return_pct": -73.12774015013458,
    "max_drawdown_pct": 44.26932887982787,
    "sharpe": -1.176969406973993,
    "win_rate_pct": 35.08771929824561,
    "profit_factor": 0.70541901967114
  },
  "win021_tr20200701-20250630_te20250701-20250930_va20251001-20251231": {
    "cumulative_return_pct": -6.742992410774237,
    "annualized_return_pct": -24.671846363632454,
    "max_drawdown_pct": 25.140045415351103,
    "sharpe": -0.41650175291214536,
    "win_rate_pct": 49.23076923076923,
    "profit_factor": 0.9383944130988728
  }
}