{
  "win000_tr20100101-20141231_te20150101-20150331_va20150401-20150630": {
    "cumulative_return_pct": 26.170547105621267,
    "annualized_return_pct": 171.53286733148957,
    "max_drawdown_pct": 15.523320189602954,
    "sharpe": 2.325216559987574,
    "win_rate_pct": 47.368421052631575,
    "profit_factor": 1.3055771647988885
  },
  "win001_tr20100701-20150630_te20150701-20150930_va20151001-20151231": {
    "cumulative_return_pct": -44.13377352862673,
    "annualized_return_pct": -90.58440589405869,
    "max_drawdown_pct": 59.2820641258345,
    "sharpe": -0.7050255720414635,
    "win_rate_pct": 60.317460317460316,
    "profit_factor": 0.7871115993981875
  },
  "win002_tr20110101-20151231_te20160101-20160331_va20160401-20160630": {
    "cumulative_return_pct": -54.5042444593156,
    "annualized_return_pct": -96.3350554480711,
    "max_drawdown_pct": 57.471593984563796,
    "sharpe": -0.9656278172304051,
    "win_rate_pct": 42.3728813559322,
    "profit_factor": 0.5751983049557899
  },
  "win003_tr20110701-20160630_te20160701-20160930_va20161001-20161231": {
    "cumulative_return_pct": -19.95173120831484,
    "annualized_return_pct": -60.294044337756056,
    "max_drawdown_pct": 41.953971841549645,
    "sharpe": -0.7533938516627239,
    "win_rate_pct": 46.03174603174603,
    "profit_factor": 0.8221599839357507
  },
  "win004_tr20120101-20161231_te20170101-20170331_va20170401-20170630": {
    "cumulative_return_pct": -36.285687148340415,
    "annualized_return_pct": -84.92931689771517,
    "max_drawdown_pct": 41.58322079538251,
    "sharpe": -1.1505910016460674,
    "win_rate_pct": 49.152542372881356,
    "profit_factor": 0.6453353820933596
  },
  "win005_tr20120701-20170630_te20170701-20170930_va20171001-20171231": {
    "cumulative_return_pct": -7.907018042742846,
    "annualized_return_pct": -28.957244663285664,
    "max_drawdown_pct": 24.038920504965798,
    "sharpe": -0.5736745944608291,
    "win_rate_pct": 46.15384615384615,
    "profit_factor": 0.9154829195182902
  },
  "win006_tr20130101-20171231_te20180101-20180331_va20180401-20180630": {
    "cumulative_return_pct": 70.91874805836838,
    "annualized_return_pct": 849.107469326269,
    "max_drawdown_pct": 14.363055946887945,
    "sharpe": 10.87319543686551,
    "win_rate_pct": 52.54237288135594,
    "profit_factor": 1.722461109432344
  },
  "win007_tr20130701-20180630_te20180701-20180930_va20181001-20181231": {
    "cumulative_return_pct": -30.60014373850975,
    "annualized_return_pct": -78.04426742711183,
    "max_drawdown_pct": 36.98678882709607,
    "sharpe": -1.2230610562998672,
    "win_rate_pct": 45.3125,
    "profit_factor": 0.6993878260590247
  },
  "win008_tr20140101-20181231_te20190101-20190331_va20190401-20190630": {
    "cumulative_return_pct": -41.93314749330918,
    "annualized_return_pct": -90.06011247807464,
    "max_drawdown_pct": 42.18652124896211,
    "sharpe": -1.0161872460212824,
    "win_rate_pct": 32.758620689655174,
    "profit_factor": 0.6711105986614873
  },
  "win009_tr20140701-20190630_te20190701-20190930_va20191001-20191231": {
    "cumulative_return_pct": -48.320849695320014,
    "annualized_return_pct": -93.13661774472925,
    "max_drawdown_pct": 60.73908739330406,
    "sharpe": -0.8748934523826116,
    "win_rate_pct": 46.875,
    "profit_factor": 0.703497802586065
  },
  "win010_tr20150101-20191231_te20200101-20200331_va20200401-20200630": {
    "cumulative_return_pct": -42.7082201900182,
    "annualized_return_pct": -89.83219600878371,
    "max_drawdown_pct": 51.191714047785005,
    "sharpe": -0.9175337684942413,
    "win_rate_pct": 41.37931034482759,
    "profit_factor": 0.7225850001795928
  },
  "win011_tr20150701-20200630_te20200701-20200930_va20201001-20201231": {
    "cumulative_return_pct": -45.05632668083688,
    "annualized_return_pct": -91.199663125638,
    "max_drawdown_pct": 59.19069493549607,
    "sharpe": -1.2130686592211577,
    "win_rate_pct": 41.53846153846154,
    "profit_factor": 0.5789644703422263
  },
  "win012_tr20160101-20201231_te20210101-20210331_va20210401-20210630": {
    "cumulative_return_pct": -29.58691741864729,
    "annualized_return_pct": -77.45918380937627,
    "max_drawdown_pct": 46.41822641154757,
    "sharpe": -0.8939762231826951,
    "win_rate_pct": 46.55172413793103,
    "profit_factor": 0.7874868847222779
  },
  "win013_tr20160701-20210630_te20210701-20210930_va20211001-20211231": {
    "cumulative_return_pct": -2.7623024358858936,
    "annualized_return_pct": -10.745725725494093,
    "max_drawdown_pct": 54.41382637241894,
    "sharpe": -0.13308239186278698,
    "win_rate_pct": 53.96825396825397,
    "profit_factor": 0.9866909703390796
  },
  "win014_tr20170101-20211231_te20220101-20220331_va20220401-20220630": {
    "cumulative_return_pct": -20.82658066519103,
    "annualized_return_pct": -62.909961494709,
    "max_drawdown_pct": 47.58496097464942,
    "sharpe": -0.6296515660884799,
    "win_rate_pct": 48.275862068965516,
    "profit_factor": 0.8482052836874501
  },
  "win015_tr20170701-20220630_te20220701-20220930_va20221001-20221231": {
    "cumulative_return_pct": -25.47910493784852,
    "annualized_return_pct": -70.49596665767342,
    "max_drawdown_pct": 45.239994661543435,
    "sharpe": -1.0042247669116233,
    "win_rate_pct": 42.1875,
    "profit_factor": 0.7843111671830859
  },
  "win016_tr20180101-20221231_te20230101-20230331_va20230401-20230630": {
    "cumulative_return_pct": -14.659485729290358,
    "annualized_return_pct": -48.599094296162725,
    "max_drawdown_pct": 31.00343199076295,
    "sharpe": -0.5901058247429813,
    "win_rate_pct": 52.54237288135594,
    "profit_factor": 0.872910333871862
  },
  "win017_tr20180701-20230630_te20230701-20230930_va20231001-20231231": {
    "cumulative_return_pct": -2.5620386879866364,
    "annualized_return_pct": -10.323669979119988,
    "max_drawdown_pct": 22.157921217895034,
    "sharpe": -0.3021946038066646,
    "win_rate_pct": 50.0,
    "profit_factor": 0.9645135599485577
  },
  "win018_tr20190101-20231231_te20240101-20240331_va20240401-20240630": {
    "cumulative_return_pct": -67.42383168643762,
    "annualized_return_pct": -99.0983876985204,
    "max_drawdown_pct": 67.66737960633645,
    "sharpe": -1.142386663876126,
    "win_rate_pct": 36.206896551724135,
    "profit_factor": 0.37034054164916497
  },
  "win019_tr20190701-20240630_te20240701-20240930_va20241001-20241231": {
    "cumulative_return_pct": 131.35262981535365,
    "annualized_return_pct": 2908.4798326799237,
    "max_drawdown_pct": 28.052364772399844,
    "sharpe": 27.18493713568976,
    "win_rate_pct": 50.79365079365079,
    "profit_factor": 2.016579153766408
  },
  "win020_tr20200101-20241231_te20250101-20250331_va20250401-20250630": {
    "cumulative_return_pct": 37.33101746242272,
    "annualized_return_pct": 273.0938789874082,
    "max_drawdown_pct": 23.435989996164857,
    "sharpe": 3.143815907674829,
    "win_rate_pct": 49.122807017543856,
    "profit_factor": 1.3528269675653206
  },
  "win021_tr20200701-20250630_te20250701-20250930_va20251001-20251231": {
    "cumulative_return_pct": -18.480272940575613,
    "annualized_return_pct": -56.361026517168675,
    "max_drawdown_pct": 36.97546098832866,
    "sharpe": -0.7279396402668566,
    "win_rate_pct": 41.53846153846154,
    "profit_factor": 0.8295886043302559
  }
}