{
  "size": 6,
  "models": "DLinear,FreTS,PatchTST,TimeMixer,WPMixer,iTransformer",
  "num_windows": 22,
  "mean_test_cumulative_return_pct": -0.970272142134493,
  "std_test_cumulative_return_pct": 33.42440355799831,
  "min_test_cumulative_return_pct": -55.22702165347949,
  "max_test_cumulative_return_pct": 93.20582460327059,
  "mean_test_annualized_return_pct": 86.28279607512049,
  "mean_test_max_drawdown_pct": 34.54485007306297,
  "mean_test_sharpe": 0.9255844669750249,
  "mean_test_win_rate_pct": 47.383276675184305,
  "mean_test_profit_factor": 1.0085676854132182
}