{
  "size": 6,
  "models": "FreTS,LightTS,PatchTST,TimeMixer,WPMixer,iTransformer",
  "num_windows": 22,
  "mean_test_cumulative_return_pct": -16.1524184877574,
  "std_test_cumulative_return_pct": 31.32513134726038,
  "min_test_cumulative_return_pct": -62.58167413407574,
  "max_test_cumulative_return_pct": 86.17331281556903,
  "mean_test_annualized_return_pct": 11.48112648800425,
  "mean_test_max_drawdown_pct": 38.57643573645736,
  "mean_test_sharpe": 0.08254698763817947,
  "mean_test_win_rate_pct": 45.7634316310183,
  "mean_test_profit_factor": 0.8677690821538581
}