{
  "win000_tr20100101-20141231_te20150101-20150331_va20150401-20150630": {
    "cumulative_return_pct": 17.548864017472813,
    "annualized_return_pct": 100.32389329046123,
    "max_drawdown_pct": 19.9224499247893,
    "sharpe": 1.4913498529049942,
    "win_rate_pct": 49.122807017543856,
    "profit_factor": 1.2483569715145924
  },
  "win001_tr20100701-20150630_te20150701-20150930_va20151001-20151231": {
    "cumulative_return_pct": -62.58167413407574,
    "annualized_return_pct": -98.14888244891468,
    "max_drawdown_pct": 71.61719531870054,
    "sharpe": -0.6722533831958861,
    "win_rate_pct": 49.2063492063492,
    "profit_factor": 0.7507937083898005
  },
  "win002_tr20110101-20151231_te20160101-20160331_va20160401-20160630": {
    "cumulative_return_pct": -37.16894963628898,
    "annualized_return_pct": -85.78718447057979,
    "max_drawdown_pct": 36.45443673872584,
    "sharpe": -0.923283242470229,
    "win_rate_pct": 49.152542372881356,
    "profit_factor": 0.6919626900044696
  },
  "win003_tr20110701-20160630_te20160701-20160930_va20161001-20161231": {
    "cumulative_return_pct": -3.3333763908089606,
    "annualized_return_pct": -13.126100556080733,
    "max_drawdown_pct": 33.324415260291076,
    "sharpe": -0.22497503957683027,
    "win_rate_pct": 49.2063492063492,
    "profit_factor": 0.9672863945679414
  },
  "win004_tr20120101-20161231_te20170101-20170331_va20170401-20170630": {
    "cumulative_return_pct": 15.885137499086186,
    "annualized_return_pct": 85.69752567119198,
    "max_drawdown_pct": 16.235686869220665,
    "sharpe": 1.3367387517321903,
    "win_rate_pct": 52.54237288135594,
    "profit_factor": 1.2041035178290151
  },
  "win005_tr20120701-20170630_te20170701-20170930_va20171001-20171231": {
    "cumulative_return_pct": -6.044810804313875,
    "annualized_return_pct": -22.802041520401495,
    "max_drawdown_pct": 31.829225600731938,
    "sharpe": -0.4125238117963324,
    "win_rate_pct": 53.84615384615385,
    "profit_factor": 0.9180833322621869
  },
  "win006_tr20130101-20171231_te20180101-20180331_va20180401-20180630": {
    "cumulative_return_pct": -27.77082305223681,
    "annualized_return_pct": -74.48257796812783,
    "max_drawdown_pct": 36.30830056687474,
    "sharpe": -0.8815798815092079,
    "win_rate_pct": 47.45762711864407,
    "profit_factor": 0.7521921715302452
  },
  "win007_tr20130701-20180630_te20180701-20180930_va20181001-20181231": {
    "cumulative_return_pct": -40.02571647857522,
    "annualized_return_pct": -88.02077071015013,
    "max_drawdown_pct": 49.891981127233514,
    "sharpe": -1.49774192306067,
    "win_rate_pct": 43.75,
    "profit_factor": 0.5881298916824348
  },
  "win008_tr20140101-20181231_te20190101-20190331_va20190401-20190630": {
    "cumulative_return_pct": -48.49687801396699,
    "annualized_return_pct": -94.0278555353465,
    "max_drawdown_pct": 60.85494898647301,
    "sharpe": -0.9016583445911104,
    "win_rate_pct": 46.55172413793103,
    "profit_factor": 0.5774839974611246
  },
  "win009_tr20140701-20190630_te20190701-20190930_va20191001-20191231": {
    "cumulative_return_pct": -21.61491782848657,
    "annualized_return_pct": -62.781063915637645,
    "max_drawdown_pct": 31.215632705981093,
    "sharpe": -1.1840288036972362,
    "win_rate_pct": 43.75,
    "profit_factor": 0.7335535149074166
  },
  "win010_tr20150101-20191231_te20200101-20200331_va20200401-20200630": {
    "cumulative_return_pct": -16.98935670040783,
    "annualized_return_pct": -53.42740013202012,
    "max_drawdown_pct": 50.38835777292153,
    "sharpe": -0.5095422413418541,
    "win_rate_pct": 44.827586206896555,
    "profit_factor": 0.8955579077441885
  },
  "win011_tr20150701-20200630_te20200701-20200930_va20201001-20201231": {
    "cumulative_return_pct": -10.218727243744418,
    "annualized_return_pct": -35.432763299121184,
    "max_drawdown_pct": 29.689121448910704,
    "sharpe": -0.5417947455496529,
    "win_rate_pct": 44.61538461538462,
    "profit_factor": 0.9175884735802695
  },
  "win012_tr20160101-20201231_te20210101-20210331_va20210401-20210630": {
    "cumulative_return_pct": -55.24106530641899,
    "annualized_return_pct": -96.70956144567671,
    "max_drawdown_pct": 64.41738427673265,
    "sharpe": -1.1450523565115136,
    "win_rate_pct": 39.6551724137931,
    "profit_factor": 0.41636490959797906
  },
  "win013_tr20160701-20210630_te20210701-20210930_va20211001-20211231": {
    "cumulative_return_pct": -57.32145963634786,
    "annualized_return_pct": -96.84305422611726,
    "max_drawdown_pct": 63.864082246712364,
    "sharpe": -1.0319325241253783,
    "win_rate_pct": 41.269841269841265,
    "profit_factor": 0.5520285858577288
  },
  "win014_tr20170101-20211231_te20220101-20220331_va20220401-20220630": {
    "cumulative_return_pct": -37.105461687722546,
    "annualized_return_pct": -86.04626744712431,
    "max_drawdown_pct": 55.63881661209565,
    "sharpe": -1.2845867595855516,
    "win_rate_pct": 44.827586206896555,
    "profit_factor": 0.6506960971474347
  },
  "win015_tr20170701-20220630_te20220701-20220930_va20221001-20221231": {
    "cumulative_return_pct": -3.1141698513262908,
    "annualized_return_pct": -12.305512933674045,
    "max_drawdown_pct": 34.521389842450695,
    "sharpe": -0.18746758701584929,
    "win_rate_pct": 40.625,
    "profit_factor": 0.9806907876204131
  },
  "win016_tr20180101-20221231_te20230101-20230331_va20230401-20230630": {
    "cumulative_return_pct": -19.402015609942712,
    "annualized_return_pct": -59.56820055670124,
    "max_drawdown_pct": 33.675502695908534,
    "sharpe": -0.8723977646463847,
    "win_rate_pct": 33.89830508474576,
    "profit_factor": 0.7790658915932993
  },
  "win017_tr20180701-20230630_te20230701-20230930_va20231001-20231231": {
    "cumulative_return_pct": -4.8455217085702,
    "annualized_return_pct": -18.821697181078644,
    "max_drawdown_pct": 26.88322143769937,
    "sharpe": -0.4295135879556664,
    "win_rate_pct": 40.625,
    "profit_factor": 0.9454488207936208
  },
  "win018_tr20190101-20231231_te20240101-20240331_va20240401-20240630": {
    "cumulative_return_pct": -7.767997994625196,
    "annualized_return_pct": -28.786321675201,
    "max_drawdown_pct": 36.197102282121506,
    "sharpe": -0.37842628276218415,
    "win_rate_pct": 44.827586206896555,
    "profit_factor": 0.9342591611371595
  },
  "win019_tr20190701-20240630_te20240701-20240930_va20241001-20241231": {
    "cumulative_return_pct": 86.17331281556903,
    "annualized_return_pct": 1145.7040897930415,
    "max_drawdown_pct": 23.19382671014635,
    "sharpe": 12.945537984059019,
    "win_rate_pct": 60.317460317460316,
    "profit_factor": 1.7643274206210426
  },
  "win020_tr20200101-20241231_te20250101-20250331_va20250401-20250630": {
    "cumulative_return_pct": -0.9033393766353024,
    "annualized_return_pct": -3.696362114670537,
    "max_drawdown_pct": 16.5703736689038,
    "sharpe": -0.072552375805452,
    "win_rate_pct": 42.10526315789473,
    "profit_factor": 0.9916277759233937
  },
  "win021_tr20200701-20250630_te20250701-20250930_va20251001-20251231": {
    "cumulative_return_pct": -15.014259608296292,
    "annualized_return_pct": -48.327107881977405,
    "max_drawdown_pct": 25.988134108437023,
    "sharpe": -0.8062822054592645,
    "win_rate_pct": 44.61538461538462,
    "profit_factor": 0.831317785619121
  }
}