{
  "size": 4,
  "models": "FiLM,FreTS,LightTS,iTransformer",
  "num_windows": 22,
  "mean_test_cumulative_return_pct": -6.706187169714153,
  "std_test_cumulative_return_pct": 40.62893014978613,
  "min_test_cumulative_return_pct": -72.87257304320389,
  "max_test_cumulative_return_pct": 101.98153071079372,
  "mean_test_annualized_return_pct": 99.4220391985997,
  "mean_test_max_drawdown_pct": 38.24726292419185,
  "mean_test_sharpe": 1.0313510635087721,
  "mean_test_win_rate_pct": 47.49431082497503,
  "mean_test_profit_factor": 0.9586828248702814
}