{
  "win000_tr20100101-20141231_te20150101-20150331_va20150401-20150630": {
    "cumulative_return_pct": 68.81452701774286,
    "annualized_return_pct": 848.8408145415523,
    "max_drawdown_pct": 23.62589619753995,
    "sharpe": 12.040195035223421,
    "win_rate_pct": 52.63157894736842,
    "profit_factor": 1.77164025758149
  },
  "win001_tr20100701-20150630_te20150701-20150930_va20151001-20151231": {
    "cumulative_return_pct": -73.29464612051805,
    "annualized_return_pct": -99.52908240342808,
    "max_drawdown_pct": 70.53391016006655,
    "sharpe": -0.7022763995973378,
    "win_rate_pct": 46.03174603174603,
    "profit_factor": 0.6223094189480068
  },
  "win002_tr20110101-20151231_te20160101-20160331_va20160401-20160630": {
    "cumulative_return_pct": -48.816536739846306,
    "annualized_return_pct": -93.99039249988421,
    "max_drawdown_pct": 53.9510810622262,
    "sharpe": -0.9121606319791238,
    "win_rate_pct": 40.67796610169492,
    "profit_factor": 0.6043781417715116
  },
  "win003_tr20110701-20160630_te20160701-20160930_va20161001-20161231": {
    "cumulative_return_pct": -1.2899115209185286,
    "annualized_return_pct": -5.246078614033756,
    "max_drawdown_pct": 36.561936025229066,
    "sharpe": -0.116169437516733,
    "win_rate_pct": 46.03174603174603,
    "profit_factor": 0.9847674601256198
  },
  "win004_tr20120101-20161231_te20170101-20170331_va20170401-20170630": {
    "cumulative_return_pct": -21.986991685923865,
    "annualized_return_pct": -64.73958451550092,
    "max_drawdown_pct": 46.119391667189554,
    "sharpe": -0.8082839508132187,
    "win_rate_pct": 49.152542372881356,
    "profit_factor": 0.7849444543312999
  },
  "win005_tr20120701-20170630_te20170701-20170930_va20171001-20171231": {
    "cumulative_return_pct": -31.71216297381318,
    "annualized_return_pct": -79.46802115168401,
    "max_drawdown_pct": 35.6723349013965,
    "sharpe": -1.550850996926219,
    "win_rate_pct": 46.15384615384615,
    "profit_factor": 0.561026818037327
  },
  "win006_tr20130101-20171231_te20180101-20180331_va20180401-20180630": {
    "cumulative_return_pct": 5.48931568885094,
    "annualized_return_pct": 25.151362094313367,
    "max_drawdown_pct": 35.336873603833816,
    "sharpe": 0.26063928030425615,
    "win_rate_pct": 55.932203389830505,
    "profit_factor": 1.063483400418911
  },
  "win007_tr20130701-20180630_te20180701-20180930_va20181001-20181231": {
    "cumulative_return_pct": -45.1939568809913,
    "annualized_return_pct": -91.75881494088792,
    "max_drawdown_pct": 53.10731980458756,
    "sharpe": -1.411865076603783,
    "win_rate_pct": 37.5,
    "profit_factor": 0.5852682589264946
  },
  "win008_tr20140101-20181231_te20190101-20190331_va20190401-20190630": {
    "cumulative_return_pct": -4.338319518760569,
    "annualized_return_pct": -17.16907354857453,
    "max_drawdown_pct": 56.59371005637814,
    "sharpe": -0.15442017328218893,
    "win_rate_pct": 48.275862068965516,
    "profit_factor": 0.9729749462083963
  },
  "win009_tr20140701-20190630_te20190701-20190930_va20191001-20191231": {
    "cumulative_return_pct": -25.580725929086213,
    "annualized_return_pct": -69.85212535851191,
    "max_drawdown_pct": 32.177888002075775,
    "sharpe": -0.8916650209632626,
    "win_rate_pct": 42.1875,
    "profit_factor": 0.7435435901206164
  },
  "win010_tr20150101-20191231_te20200101-20200331_va20200401-20200630": {
    "cumulative_return_pct": -64.75297908545811,
    "annualized_return_pct": -98.61509198967386,
    "max_drawdown_pct": 71.71467036594588,
    "sharpe": -0.9070325222840142,
    "win_rate_pct": 46.55172413793103,
    "profit_factor": 0.5882655070937947
  },
  "win011_tr20150701-20200630_te20200701-20200930_va20201001-20201231": {
    "cumulative_return_pct": -37.9066628050243,
    "annualized_return_pct": -85.54201961223768,
    "max_drawdown_pct": 67.1889484133525,
    "sharpe": -0.8391038256440906,
    "win_rate_pct": 41.53846153846154,
    "profit_factor": 0.7816102666721935
  },
  "win012_tr20160101-20201231_te20210101-20210331_va20210401-20210630": {
    "cumulative_return_pct": -59.66622099987564,
    "annualized_return_pct": -97.88534658882736,
    "max_drawdown_pct": 64.2030570104776,
    "sharpe": -1.2102862674831238,
    "win_rate_pct": 41.37931034482759,
    "profit_factor": 0.5062121443145502
  },
  "win013_tr20160701-20210630_te20210701-20210930_va20211001-20211231": {
    "cumulative_return_pct": -37.6740986475928,
    "annualized_return_pct": -85.32099545496045,
    "max_drawdown_pct": 42.68817728182521,
    "sharpe": -0.8122240348698042,
    "win_rate_pct": 47.61904761904761,
    "profit_factor": 0.7810440815235163
  },
  "win014_tr20170101-20211231_te20220101-20220331_va20220401-20220630": {
    "cumulative_return_pct": -47.471553587384626,
    "annualized_return_pct": -93.50633813368387,
    "max_drawdown_pct": 53.94363099551628,
    "sharpe": -0.9799989492298098,
    "win_rate_pct": 39.6551724137931,
    "profit_factor": 0.5879885385528972
  },
  "win015_tr20170701-20220630_te20220701-20220930_va20221001-20221231": {
    "cumulative_return_pct": -28.846528875801035,
    "annualized_return_pct": -75.64827112559578,
    "max_drawdown_pct": 45.91324716865352,
    "sharpe": -1.0859630317318527,
    "win_rate_pct": 43.75,
    "profit_factor": 0.7623469272308284
  },
  "win016_tr20180101-20221231_te20230101-20230331_va20230401-20230630": {
    "cumulative_return_pct": 5.689199801581097,
    "annualized_return_pct": 26.149963422146172,
    "max_drawdown_pct": 27.278693418229103,
    "sharpe": 0.32038394568864875,
    "win_rate_pct": 49.152542372881356,
    "profit_factor": 1.0449933670782723
  },
  "win017_tr20180701-20230630_te20230701-20230930_va20231001-20231231": {
    "cumulative_return_pct": -33.21878526876968,
    "annualized_return_pct": -81.64094000845947,
    "max_drawdown_pct": 49.21175593179149,
    "sharpe": -1.050293340373127,
    "win_rate_pct": 43.75,
    "profit_factor": 0.7257713055167136
  },
  "win018_tr20190101-20231231_te20240101-20240331_va20240401-20240630": {
    "cumulative_return_pct": 80.10936134608826,
    "annualized_return_pct": 1082.5290610030754,
    "max_drawdown_pct": 27.943738186097516,
    "sharpe": 9.042569206337234,
    "win_rate_pct": 62.06896551724138,
    "profit_factor": 1.3984553550550316
  },
  "win019_tr20190701-20240630_te20240701-20240930_va20241001-20241231": {
    "cumulative_return_pct": 32.025678445622,
    "annualized_return_pct": 208.7962649626774,
    "max_drawdown_pct": 29.782755115650367,
    "sharpe": 1.7487118678549765,
    "win_rate_pct": 52.38095238095239,
    "profit_factor": 1.201444386711087
  },
  "win020_tr20200101-20241231_te20250101-20250331_va20250401-20250630": {
    "cumulative_return_pct": -3.7393425441580823,
    "annualized_return_pct": -14.630406453055889,
    "max_drawdown_pct": 25.089340766675228,
    "sharpe": -0.16632316078103654,
    "win_rate_pct": 49.122807017543856,
    "profit_factor": 0.9699529008364786
  },
  "win021_tr20200701-20250630_te20250701-20250930_va20251001-20251231": {
    "cumulative_return_pct": -29.509560708183425,
    "annualized_return_pct": -75.8085557096497,
    "max_drawdown_pct": 43.69622663783606,
    "sharpe": -1.0902603279454461,
    "win_rate_pct": 49.23076923076923,
    "profit_factor": 0.7207503973607311
  }
}