{
  "win000_tr20100101-20141231_te20150101-20150331_va20150401-20150630": {
    "cumulative_return_pct": 33.0999704363219,
    "annualized_return_pct": 241.66460845163908,
    "max_drawdown_pct": 19.882660088921085,
    "sharpe": 3.459503820835711,
    "win_rate_pct": 45.614035087719294,
    "profit_factor": 1.4124478037224186
  },
  "win001_tr20100701-20150630_te20150701-20150930_va20151001-20151231": {
    "cumulative_return_pct": -12.26030452356285,
    "annualized_return_pct": -41.18732521517124,
    "max_drawdown_pct": 55.88331175542319,
    "sharpe": -0.34842246227255985,
    "win_rate_pct": 52.38095238095239,
    "profit_factor": 0.9464064545574307
  },
  "win002_tr20110101-20151231_te20160101-20160331_va20160401-20160630": {
    "cumulative_return_pct": -53.25333776606498,
    "annualized_return_pct": -95.89302607373857,
    "max_drawdown_pct": 50.921072738595555,
    "sharpe": -1.183710611202274,
    "win_rate_pct": 40.67796610169492,
    "profit_factor": 0.4776390149064604
  },
  "win003_tr20110701-20160630_te20160701-20160930_va20161001-20161231": {
    "cumulative_return_pct": -21.268184581002235,
    "annualized_return_pct": -62.93494944191615,
    "max_drawdown_pct": 45.50577174409114,
    "sharpe": -0.9450682654627498,
    "win_rate_pct": 46.03174603174603,
    "profit_factor": 0.7814713886767427
  },
  "win004_tr20120101-20161231_te20170101-20170331_va20170401-20170630": {
    "cumulative_return_pct": 10.799493673575716,
    "annualized_return_pct": 53.80904264983584,
    "max_drawdown_pct": 35.7728366450037,
    "sharpe": 0.8232529627523908,
    "win_rate_pct": 50.847457627118644,
    "profit_factor": 1.147419480720412
  },
  "win005_tr20120701-20170630_te20170701-20170930_va20171001-20171231": {
    "cumulative_return_pct": -8.15447255362405,
    "annualized_return_pct": -29.746209338649532,
    "max_drawdown_pct": 21.312886532069044,
    "sharpe": -0.5829872202690524,
    "win_rate_pct": 49.23076923076923,
    "profit_factor": 0.8871636635921983
  },
  "win006_tr20130101-20171231_te20180101-20180331_va20180401-20180630": {
    "cumulative_return_pct": -1.7810253338926354,
    "annualized_return_pct": -7.267040568871119,
    "max_drawdown_pct": 26.954099128520475,
    "sharpe": -0.12220834548067754,
    "win_rate_pct": 44.06779661016949,
    "profit_factor": 0.9816360717802719
  },
  "win007_tr20130701-20180630_te20180701-20180930_va20181001-20181231": {
    "cumulative_return_pct": -66.66833999988975,
    "annualized_return_pct": -98.95387107558243,
    "max_drawdown_pct": 67.62918346223131,
    "sharpe": -1.7185816138521162,
    "win_rate_pct": 29.6875,
    "profit_factor": 0.3065539646262853
  },
  "win008_tr20140101-20181231_te20190101-20190331_va20190401-20190630": {
    "cumulative_return_pct": -19.13993268643259,
    "annualized_return_pct": -59.43624662188745,
    "max_drawdown_pct": 54.721388858926844,
    "sharpe": -0.5346349072920483,
    "win_rate_pct": 39.6551724137931,
    "profit_factor": 0.875252365359191
  },
  "win009_tr20140701-20190630_te20190701-20190930_va20191001-20191231": {
    "cumulative_return_pct": -7.176101594726404,
    "annualized_return_pct": -26.08157508438298,
    "max_drawdown_pct": 35.566185572657574,
    "sharpe": -0.38299592481864736,
    "win_rate_pct": 54.6875,
    "profit_factor": 0.9317551192453816
  },
  "win010_tr20150101-20191231_te20200101-20200331_va20200401-20200630": {
    "cumulative_return_pct": -15.726348094130424,
    "annualized_return_pct": -50.449936634547235,
    "max_drawdown_pct": 43.496896346025835,
    "sharpe": -0.5003145543659824,
    "win_rate_pct": 46.55172413793103,
    "profit_factor": 0.8996318227950642
  },
  "win011_tr20150701-20200630_te20200701-20200930_va20201001-20201231": {
    "cumulative_return_pct": -14.696576068336947,
    "annualized_return_pct": -47.53871826468846,
    "max_drawdown_pct": 46.003670807551785,
    "sharpe": -0.7573461257182622,
    "win_rate_pct": 49.23076923076923,
    "profit_factor": 0.8718176201159618
  },
  "win012_tr20160101-20201231_te20210101-20210331_va20210401-20210630": {
    "cumulative_return_pct": 20.97864020042571,
    "annualized_return_pct": 124.52853223275145,
    "max_drawdown_pct": 38.15248710319337,
    "sharpe": 1.3639242713017028,
    "win_rate_pct": 50.0,
    "profit_factor": 1.1696699492168396
  },
  "win013_tr20160701-20210630_te20210701-20210930_va20211001-20211231": {
    "cumulative_return_pct": -35.58783570423149,
    "annualized_return_pct": -83.22246983135591,
    "max_drawdown_pct": 44.48331150197443,
    "sharpe": -0.9961270557005154,
    "win_rate_pct": 47.61904761904761,
    "profit_factor": 0.7366943103900867
  },
  "win014_tr20170101-20211231_te20220101-20220331_va20220401-20220630": {
    "cumulative_return_pct": 41.217496115133265,
    "annualized_return_pct": 333.10224193941167,
    "max_drawdown_pct": 33.473720279237774,
    "sharpe": 3.969189714269774,
    "win_rate_pct": 55.172413793103445,
    "profit_factor": 1.4420398576095947
  },
  "win015_tr20170701-20220630_te20220701-20220930_va20221001-20221231": {
    "cumulative_return_pct": -18.028617413083627,
    "annualized_return_pct": -56.182325531690005,
    "max_drawdown_pct": 25.322904369085837,
    "sharpe": -0.7206278372471946,
    "win_rate_pct": 43.75,
    "profit_factor": 0.8352971996295582
  },
  "win016_tr20180101-20221231_te20230101-20230331_va20230401-20230630": {
    "cumulative_return_pct": -49.151050825697354,
    "annualized_return_pct": -94.15357023979027,
    "max_drawdown_pct": 51.27737489052334,
    "sharpe": -1.4584013614506208,
    "win_rate_pct": 38.983050847457626,
    "profit_factor": 0.4988664036004442
  },
  "win017_tr20180701-20230630_te20230701-20230930_va20231001-20231231": {
    "cumulative_return_pct": 70.74658848828966,
    "annualized_return_pct": 845.100387195472,
    "max_drawdown_pct": 11.16701518039461,
    "sharpe": 13.293022430002157,
    "win_rate_pct": 54.6875,
    "profit_factor": 1.7713431372535597
  },
  "win018_tr20190101-20231231_te20240101-20240331_va20240401-20240630": {
    "cumulative_return_pct": -57.17420467673463,
    "annualized_return_pct": -97.15686274444528,
    "max_drawdown_pct": 59.136708092126455,
    "sharpe": -1.217527717884922,
    "win_rate_pct": 39.6551724137931,
    "profit_factor": 0.45132245442454194
  },
  "win019_tr20190701-20240630_te20240701-20240930_va20241001-20241231": {
    "cumulative_return_pct": 45.11283270731771,
    "annualized_return_pct": 353.16474882550676,
    "max_drawdown_pct": 20.98417423649577,
    "sharpe": 4.436777248938119,
    "win_rate_pct": 47.61904761904761,
    "profit_factor": 1.521291289457963
  },
  "win020_tr20200101-20241231_te20250101-20250331_va20250401-20250630": {
    "cumulative_return_pct": 16.008722312137227,
    "annualized_return_pct": 85.21357450759506,
    "max_drawdown_pct": 23.626377645138035,
    "sharpe": 1.0873496640334948,
    "win_rate_pct": 45.614035087719294,
    "profit_factor": 1.1627633892966542
  },
  "win021_tr20200701-20250630_te20250701-20250930_va20251001-20251231": {
    "cumulative_return_pct": -18.267680176389334,
    "annualized_return_pct": -55.89732389045856,
    "max_drawdown_pct": 25.72219927365374,
    "sharpe": -0.9030370893824178,
    "win_rate_pct": 41.53846153846154,
    "profit_factor": 0.8325339452072231
  }
}