{
  "win000_tr20100101-20141231_te20150101-20150331_va20150401-20150630": {
    "cumulative_return_pct": 54.59581155502236,
    "annualized_return_pct": 550.1203297514123,
    "max_drawdown_pct": 14.865852209029972,
    "sharpe": 8.131498562805886,
    "win_rate_pct": 52.63157894736842,
    "profit_factor": 1.8038666254663196
  },
  "win001_tr20100701-20150630_te20150701-20150930_va20151001-20151231": {
    "cumulative_return_pct": -76.21397481261262,
    "annualized_return_pct": -99.70562137413049,
    "max_drawdown_pct": 74.11574616228188,
    "sharpe": -0.6860735166268659,
    "win_rate_pct": 47.61904761904761,
    "profit_factor": 0.5422112748957544
  },
  "win002_tr20110101-20151231_te20160101-20160331_va20160401-20160630": {
    "cumulative_return_pct": -29.70758989183947,
    "annualized_return_pct": -77.23438565473316,
    "max_drawdown_pct": 35.2629383033002,
    "sharpe": -0.7805737588550341,
    "win_rate_pct": 50.847457627118644,
    "profit_factor": 0.8041113816041009
  },
  "win003_tr20110701-20160630_te20160701-20160930_va20161001-20161231": {
    "cumulative_return_pct": 6.190404984847572,
    "annualized_return_pct": 28.312427445905854,
    "max_drawdown_pct": 27.801861298936203,
    "sharpe": 0.3575268427935897,
    "win_rate_pct": 50.79365079365079,
    "profit_factor": 1.0562542191553757
  },
  "win004_tr20120101-20161231_te20170101-20170331_va20170401-20170630": {
    "cumulative_return_pct": -45.77660893407719,
    "annualized_return_pct": -92.34328765999508,
    "max_drawdown_pct": 49.09030942160521,
    "sharpe": -1.7360738726448395,
    "win_rate_pct": 47.45762711864407,
    "profit_factor": 0.4168470662363443
  },
  "win005_tr20120701-20170630_te20170701-20170930_va20171001-20171231": {
    "cumulative_return_pct": -42.40659439816867,
    "annualized_return_pct": -89.87463233959207,
    "max_drawdown_pct": 49.07059088010754,
    "sharpe": -1.305830904260373,
    "win_rate_pct": 44.61538461538462,
    "profit_factor": 0.4980886031172782
  },
  "win006_tr20130101-20171231_te20180101-20180331_va20180401-20180630": {
    "cumulative_return_pct": -0.49230597043425073,
    "annualized_return_pct": -2.0506234021529735,
    "max_drawdown_pct": 49.00493308179725,
    "sharpe": -0.05178164228718921,
    "win_rate_pct": 55.932203389830505,
    "profit_factor": 0.994876198339837
  },
  "win007_tr20130701-20180630_te20180701-20180930_va20181001-20181231": {
    "cumulative_return_pct": -69.73484113906838,
    "annualized_return_pct": -99.29916084662129,
    "max_drawdown_pct": 70.27893626114388,
    "sharpe": -1.583085574994645,
    "win_rate_pct": 40.625,
    "profit_factor": 0.30274431731395246
  },
  "win008_tr20140101-20181231_te20190101-20190331_va20190401-20190630": {
    "cumulative_return_pct": 1.7365013020830926,
    "annualized_return_pct": 7.585726697882134,
    "max_drawdown_pct": 38.425707589293694,
    "sharpe": 0.03983612893155945,
    "win_rate_pct": 44.827586206896555,
    "profit_factor": 1.0095454973466456
  },
  "win009_tr20140701-20190630_te20190701-20190930_va20191001-20191231": {
    "cumulative_return_pct": 39.5882178631033,
    "annualized_return_pct": 287.11906626480175,
    "max_drawdown_pct": 20.674452452210478,
    "sharpe": 4.587170251158767,
    "win_rate_pct": 53.125,
    "profit_factor": 1.5035495046829879
  },
  "win010_tr20150101-20191231_te20200101-20200331_va20200401-20200630": {
    "cumulative_return_pct": -26.962360397546075,
    "annualized_return_pct": -72.45739735430492,
    "max_drawdown_pct": 50.92391954495979,
    "sharpe": -0.6258746612459158,
    "win_rate_pct": 41.37931034482759,
    "profit_factor": 0.8375902817388104
  },
  "win011_tr20150701-20200630_te20200701-20200930_va20201001-20201231": {
    "cumulative_return_pct": -17.836677565897674,
    "annualized_return_pct": -54.94584458204213,
    "max_drawdown_pct": 39.05207979796948,
    "sharpe": -0.8575079151777509,
    "win_rate_pct": 50.76923076923077,
    "profit_factor": 0.8149408248177363
  },
  "win012_tr20160101-20201231_te20210101-20210331_va20210401-20210630": {
    "cumulative_return_pct": -44.48109599518941,
    "annualized_return_pct": -91.78482797321591,
    "max_drawdown_pct": 58.38644864187687,
    "sharpe": -1.138855522996472,
    "win_rate_pct": 39.6551724137931,
    "profit_factor": 0.549550573758966
  },
  "win013_tr20160701-20210630_te20210701-20210930_va20211001-20211231": {
    "cumulative_return_pct": -60.64908752297393,
    "annualized_return_pct": -97.7291335552327,
    "max_drawdown_pct": 66.19246598833136,
    "sharpe": -1.0299488706785644,
    "win_rate_pct": 41.269841269841265,
    "profit_factor": 0.5099797249543947
  },
  "win014_tr20170101-20211231_te20220101-20220331_va20220401-20220630": {
    "cumulative_return_pct": -28.81648043045993,
    "annualized_return_pct": -76.39294439789195,
    "max_drawdown_pct": 48.009561228004685,
    "sharpe": -1.0814834487606526,
    "win_rate_pct": 44.827586206896555,
    "profit_factor": 0.7231807401642276
  },
  "win015_tr20170701-20220630_te20220701-20220930_va20221001-20221231": {
    "cumulative_return_pct": -0.4005101098264568,
    "annualized_return_pct": -1.6518865780439929,
    "max_drawdown_pct": 47.65533621930704,
    "sharpe": -0.060998678244122605,
    "win_rate_pct": 40.625,
    "profit_factor": 0.9977180533372653
  },
  "win016_tr20180101-20221231_te20230101-20230331_va20230401-20230630": {
    "cumulative_return_pct": -30.80714183560455,
    "annualized_return_pct": -78.69247079361202,
    "max_drawdown_pct": 46.03583856968268,
    "sharpe": -1.1830268617479909,
    "win_rate_pct": 42.3728813559322,
    "profit_factor": 0.6322060797495406
  },
  "win017_tr20180701-20230630_te20230701-20230930_va20231001-20231231": {
    "cumulative_return_pct": 5.842565539210197,
    "annualized_return_pct": 26.920269857645017,
    "max_drawdown_pct": 23.302770129503863,
    "sharpe": 0.45449256474828237,
    "win_rate_pct": 51.5625,
    "profit_factor": 1.068799137754698
  },
  "win018_tr20190101-20231231_te20240101-20240331_va20240401-20240630": {
    "cumulative_return_pct": 5.6025021384862015,
    "annualized_return_pct": 25.716087899033635,
    "max_drawdown_pct": 30.23871198799458,
    "sharpe": 0.30319638495219814,
    "win_rate_pct": 43.103448275862064,
    "profit_factor": 1.050911733343824
  },
  "win019_tr20190701-20240630_te20240701-20240930_va20241001-20241231": {
    "cumulative_return_pct": 26.561409622868382,
    "annualized_return_pct": 160.11942731651465,
    "max_drawdown_pct": 31.346328304010108,
    "sharpe": 2.009145379398663,
    "win_rate_pct": 52.38095238095239,
    "profit_factor": 1.3165470267555668
  },
  "win020_tr20200101-20241231_te20250101-20250331_va20250401-20250630": {
    "cumulative_return_pct": -33.14406313595233,
    "annualized_return_pct": -81.19680886481635,
    "max_drawdown_pct": 34.3730036125305,
    "sharpe": -1.5365357763114993,
    "win_rate_pct": 38.59649122807017,
    "profit_factor": 0.5755564615966636
  },
  "win021_tr20200701-20250630_te20250701-20250930_va20251001-20251231": {
    "cumulative_return_pct": -16.880017291106878,
    "annualized_return_pct": -52.778701226692505,
    "max_drawdown_pct": 29.468140134089683,
    "sharpe": -0.8566477349621704,
    "win_rate_pct": 38.46153846153847,
    "profit_factor": 0.8344611001617406
  }
}