{
  "win000_tr20100101-20141231_te20150101-20150331_va20150401-20150630": {
    "cumulative_return_pct": 18.932392349806918,
    "annualized_return_pct": 110.65375013692909,
    "max_drawdown_pct": 12.010101836327344,
    "sharpe": 1.7292536341251736,
    "win_rate_pct": 54.385964912280706,
    "profit_factor": 1.235738889843044
  },
  "win001_tr20100701-20150630_te20150701-20150930_va20151001-20151231": {
    "cumulative_return_pct": -78.73089096431256,
    "annualized_return_pct": -99.8130254200016,
    "max_drawdown_pct": 80.7078892430303,
    "sharpe": -0.7477655549220414,
    "win_rate_pct": 42.857142857142854,
    "profit_factor": 0.6263254005458628
  },
  "win002_tr20110101-20151231_te20160101-20160331_va20160401-20160630": {
    "cumulative_return_pct": -7.827452954652614,
    "annualized_return_pct": -28.978849337592383,
    "max_drawdown_pct": 27.040176692842138,
    "sharpe": -0.34702932559895455,
    "win_rate_pct": 50.847457627118644,
    "profit_factor": 0.932506549016347
  },
  "win003_tr20110701-20160630_te20160701-20160930_va20161001-20161231": {
    "cumulative_return_pct": -15.876441403230793,
    "annualized_return_pct": -51.20610034708898,
    "max_drawdown_pct": 39.190512880437126,
    "sharpe": -0.7446048746531998,
    "win_rate_pct": 42.857142857142854,
    "profit_factor": 0.834677190243329
  },
  "win004_tr20120101-20161231_te20170101-20170331_va20170401-20170630": {
    "cumulative_return_pct": 12.254396843338828,
    "annualized_return_pct": 62.46789642392292,
    "max_drawdown_pct": 22.481177994382044,
    "sharpe": 1.0075889819879116,
    "win_rate_pct": 54.23728813559322,
    "profit_factor": 1.153861408588834
  },
  "win005_tr20120701-20170630_te20170701-20170930_va20171001-20171231": {
    "cumulative_return_pct": -8.007392453214667,
    "annualized_return_pct": -29.27807697892497,
    "max_drawdown_pct": 19.28609795884769,
    "sharpe": -0.5382314969031445,
    "win_rate_pct": 46.15384615384615,
    "profit_factor": 0.9045059682677156
  },
  "win006_tr20130101-20171231_te20180101-20180331_va20180401-20180630": {
    "cumulative_return_pct": -49.373225064206615,
    "annualized_return_pct": -94.26006741355191,
    "max_drawdown_pct": 57.55680707735012,
    "sharpe": -1.259086133504895,
    "win_rate_pct": 40.67796610169492,
    "profit_factor": 0.4744735213787407
  },
  "win007_tr20130701-20180630_te20180701-20180930_va20181001-20181231": {
    "cumulative_return_pct": -64.649137349853,
    "annualized_return_pct": -98.66462427837722,
    "max_drawdown_pct": 65.10357676351927,
    "sharpe": -1.4995605169597481,
    "win_rate_pct": 29.6875,
    "profit_factor": 0.3605637284351614
  },
  "win008_tr20140101-20181231_te20190101-20190331_va20190401-20190630": {
    "cumulative_return_pct": 77.79413245530988,
    "annualized_return_pct": 1051.9206114981887,
    "max_drawdown_pct": 35.32360074626705,
    "sharpe": 10.991803445917672,
    "win_rate_pct": 53.44827586206896,
    "profit_factor": 1.543855755168545
  },
  "win009_tr20140701-20190630_te20190701-20190930_va20191001-20191231": {
    "cumulative_return_pct": 49.18895198690708,
    "annualized_return_pct": 407.0856157664796,
    "max_drawdown_pct": 23.00978298625252,
    "sharpe": 4.371264005425512,
    "win_rate_pct": 54.6875,
    "profit_factor": 1.3190677125828485
  },
  "win010_tr20150101-20191231_te20200101-20200331_va20200401-20200630": {
    "cumulative_return_pct": -30.323508959885743,
    "annualized_return_pct": -77.29943663643886,
    "max_drawdown_pct": 51.569832672953375,
    "sharpe": -0.7890163070044256,
    "win_rate_pct": 43.103448275862064,
    "profit_factor": 0.8133399973841197
  },
  "win011_tr20150701-20200630_te20200701-20200930_va20201001-20201231": {
    "cumulative_return_pct": -44.476993928905515,
    "annualized_return_pct": -90.81696707304849,
    "max_drawdown_pct": 50.20289436630859,
    "sharpe": -1.32601950659819,
    "win_rate_pct": 43.07692307692308,
    "profit_factor": 0.6085315864025106
  },
  "win012_tr20160101-20201231_te20210101-20210331_va20210401-20210630": {
    "cumulative_return_pct": 2.118032169248024,
    "annualized_return_pct": 9.309749211355012,
    "max_drawdown_pct": 44.855904238623005,
    "sharpe": 0.0738955565630245,
    "win_rate_pct": 51.724137931034484,
    "profit_factor": 1.0234651697771675
  },
  "win013_tr20160701-20210630_te20210701-20210930_va20211001-20211231": {
    "cumulative_return_pct": -55.73990293938624,
    "annualized_return_pct": -96.34068185588227,
    "max_drawdown_pct": 64.06737143551861,
    "sharpe": -0.8933488645265738,
    "win_rate_pct": 42.857142857142854,
    "profit_factor": 0.6345176872151719
  },
  "win014_tr20170101-20211231_te20220101-20220331_va20220401-20220630": {
    "cumulative_return_pct": 21.50050432985816,
    "annualized_return_pct": 128.6709395401399,
    "max_drawdown_pct": 29.573718653785097,
    "sharpe": 1.5382951543136996,
    "win_rate_pct": 56.896551724137936,
    "profit_factor": 1.20519772998099
  },
  "win015_tr20170701-20220630_te20220701-20220930_va20221001-20221231": {
    "cumulative_return_pct": -50.65976523033976,
    "annualized_return_pct": -94.67142956659025,
    "max_drawdown_pct": 58.83182191925586,
    "sharpe": -1.2258719719841227,
    "win_rate_pct": 42.1875,
    "profit_factor": 0.5859012186234164
  },
  "win016_tr20180101-20221231_te20230101-20230331_va20230401-20230630": {
    "cumulative_return_pct": -35.605187413524675,
    "annualized_return_pct": -84.24192081658501,
    "max_drawdown_pct": 44.38086326740272,
    "sharpe": -1.4227949206634303,
    "win_rate_pct": 27.11864406779661,
    "profit_factor": 0.6249003926988821
  },
  "win017_tr20180701-20230630_te20230701-20230930_va20231001-20231231": {
    "cumulative_return_pct": -37.476418670116935,
    "annualized_return_pct": -86.07690446823038,
    "max_drawdown_pct": 39.11335364335127,
    "sharpe": -1.41237934473689,
    "win_rate_pct": 46.875,
    "profit_factor": 0.5957352611093477
  },
  "win018_tr20190101-20231231_te20240101-20240331_va20240401-20240630": {
    "cumulative_return_pct": -15.237548264832574,
    "annualized_return_pct": -50.045049905962046,
    "max_drawdown_pct": 27.43535075883748,
    "sharpe": -0.7767924740051019,
    "win_rate_pct": 48.275862068965516,
    "profit_factor": 0.836640185444393
  },
  "win019_tr20190701-20240630_te20240701-20240930_va20241001-20241231": {
    "cumulative_return_pct": 184.43191984329818,
    "annualized_return_pct": 6856.573853859496,
    "max_drawdown_pct": 34.409910130924665,
    "sharpe": 62.852689329518384,
    "win_rate_pct": 50.79365079365079,
    "profit_factor": 2.3544462925003278
  },
  "win020_tr20200101-20241231_te20250101-20250331_va20250401-20250630": {
    "cumulative_return_pct": -37.28562438851249,
    "annualized_return_pct": -85.58022964020256,
    "max_drawdown_pct": 41.85454543338687,
    "sharpe": -1.4089282156111784,
    "win_rate_pct": 38.59649122807017,
    "profit_factor": 0.5924096369864157
  },
  "win021_tr20200701-20250630_te20250701-20250930_va20251001-20251231": {
    "cumulative_return_pct": -23.025943050300356,
    "annualized_return_pct": -65.4261617404298,
    "max_drawdown_pct": 32.642886653243046,
    "sharpe": -1.065160728418985,
    "win_rate_pct": 36.92307692307693,
    "profit_factor": 0.726928434877108
  }
}