{
  "size": 4,
  "models": "DLinear,FiLM,TimeMixer,iTransformer",
  "num_windows": 22,
  "mean_test_cumulative_return_pct": -14.171668708148951,
  "std_test_cumulative_return_pct": 42.74812002568641,
  "min_test_cumulative_return_pct": -74.76042480030783,
  "max_test_cumulative_return_pct": 116.18364783950486,
  "mean_test_annualized_return_pct": 99.27569661871408,
  "mean_test_max_drawdown_pct": 39.131015232474084,
  "mean_test_sharpe": 1.18612029875063,
  "mean_test_win_rate_pct": 46.2970375112974,
  "mean_test_profit_factor": 0.8981908692430012
}