{
  "win000_tr20100101-20141231_te20150101-20150331_va20150401-20150630": {
    "cumulative_return_pct": 70.15142126754856,
    "annualized_return_pct": 881.5537136204272,
    "max_drawdown_pct": 10.07786610754904,
    "sharpe": 14.498403796643172,
    "win_rate_pct": 61.40350877192983,
    "profit_factor": 1.9218069851202284
  },
  "win001_tr20100701-20150630_te20150701-20150930_va20151001-20151231": {
    "cumulative_return_pct": -58.39241098821417,
    "annualized_return_pct": -97.15242435857772,
    "max_drawdown_pct": 75.70967840077249,
    "sharpe": -0.6820321179185331,
    "win_rate_pct": 50.79365079365079,
    "profit_factor": 0.7786625016348605
  },
  "win002_tr20110101-20151231_te20160101-20160331_va20160401-20160630": {
    "cumulative_return_pct": -46.233983936280325,
    "annualized_return_pct": -92.61079623298737,
    "max_drawdown_pct": 50.77157756208209,
    "sharpe": -0.9959240951913382,
    "win_rate_pct": 45.76271186440678,
    "profit_factor": 0.6000435484754592
  },
  "win003_tr20110701-20160630_te20160701-20160930_va20161001-20161231": {
    "cumulative_return_pct": -18.23309082378122,
    "annualized_return_pct": -56.63420708460591,
    "max_drawdown_pct": 35.334163069584704,
    "sharpe": -0.8047949572763249,
    "win_rate_pct": 44.44444444444444,
    "profit_factor": 0.8315260582643991
  },
  "win004_tr20120101-20161231_te20170101-20170331_va20170401-20170630": {
    "cumulative_return_pct": 7.456080787999323,
    "annualized_return_pct": 35.243480651130696,
    "max_drawdown_pct": 22.87689829534962,
    "sharpe": 0.5781029276339834,
    "win_rate_pct": 59.32203389830508,
    "profit_factor": 1.1190419868553587
  },
  "win005_tr20120701-20170630_te20170701-20170930_va20171001-20171231": {
    "cumulative_return_pct": -32.17424269306131,
    "annualized_return_pct": -80.03855366552955,
    "max_drawdown_pct": 28.747822909362153,
    "sharpe": -1.3585897238819875,
    "win_rate_pct": 53.84615384615385,
    "profit_factor": 0.6245825593259178
  },
  "win006_tr20130101-20171231_te20180101-20180331_va20180401-20180630": {
    "cumulative_return_pct": 22.6954935873298,
    "annualized_return_pct": 136.00815940429035,
    "max_drawdown_pct": 21.595964042538338,
    "sharpe": 1.4357472735923797,
    "win_rate_pct": 50.847457627118644,
    "profit_factor": 1.228418473542366
  },
  "win007_tr20130701-20180630_te20180701-20180930_va20181001-20181231": {
    "cumulative_return_pct": -74.76042480030783,
    "annualized_return_pct": -99.67016195730882,
    "max_drawdown_pct": 74.18521710732585,
    "sharpe": -1.682514446617467,
    "win_rate_pct": 31.25,
    "profit_factor": 0.21356123429287613
  },
  "win008_tr20140101-20181231_te20190101-20190331_va20190401-20190630": {
    "cumulative_return_pct": 1.134478845017578,
    "annualized_return_pct": 4.9077400925116255,
    "max_drawdown_pct": 43.99010920184722,
    "sharpe": 0.01805137300674164,
    "win_rate_pct": 48.275862068965516,
    "profit_factor": 1.0065579172558732
  },
  "win009_tr20140701-20190630_te20190701-20190930_va20191001-20191231": {
    "cumulative_return_pct": 7.241683507842291,
    "annualized_return_pct": 32.80844858427721,
    "max_drawdown_pct": 31.612213318675824,
    "sharpe": 0.44224084503726985,
    "win_rate_pct": 46.875,
    "profit_factor": 1.0858338735401913
  },
  "win010_tr20150101-20191231_te20200101-20200331_va20200401-20200630": {
    "cumulative_return_pct": -35.50723844312898,
    "annualized_return_pct": -83.47102670907248,
    "max_drawdown_pct": 43.64824814179539,
    "sharpe": -0.8343855124987571,
    "win_rate_pct": 39.6551724137931,
    "profit_factor": 0.7677985048479337
  },
  "win011_tr20150701-20200630_te20200701-20200930_va20201001-20201231": {
    "cumulative_return_pct": -36.54864278807512,
    "annualized_return_pct": -84.21518907660337,
    "max_drawdown_pct": 42.93777887396178,
    "sharpe": -1.4236663894970265,
    "win_rate_pct": 46.15384615384615,
    "profit_factor": 0.6323367196068276
  },
  "win012_tr20160101-20201231_te20210101-20210331_va20210401-20210630": {
    "cumulative_return_pct": 6.605382892394555,
    "annualized_return_pct": 31.21411865114323,
    "max_drawdown_pct": 40.436072774373734,
    "sharpe": 0.3092061941291402,
    "win_rate_pct": 50.0,
    "profit_factor": 1.0547806739011147
  },
  "win013_tr20160701-20210630_te20210701-20210930_va20211001-20211231": {
    "cumulative_return_pct": -66.05834411785933,
    "annualized_return_pct": -98.75388478898972,
    "max_drawdown_pct": 73.7049028712269,
    "sharpe": -0.8582392181680663,
    "win_rate_pct": 39.682539682539684,
    "profit_factor": 0.5825013188069249
  },
  "win014_tr20170101-20211231_te20220101-20220331_va20220401-20220630": {
    "cumulative_return_pct": -12.636770492739267,
    "annualized_return_pct": -43.65992172044968,
    "max_drawdown_pct": 33.785897363865644,
    "sharpe": -0.7054605952654038,
    "win_rate_pct": 43.103448275862064,
    "profit_factor": 0.8523502479069712
  },
  "win015_tr20170701-20220630_te20220701-20220930_va20221001-20221231": {
    "cumulative_return_pct": -44.91865453792938,
    "annualized_return_pct": -91.58562844942271,
    "max_drawdown_pct": 42.106291354435314,
    "sharpe": -1.2010711697721241,
    "win_rate_pct": 40.625,
    "profit_factor": 0.6049728718512202
  },
  "win016_tr20180101-20221231_te20230101-20230331_va20230401-20230630": {
    "cumulative_return_pct": -46.86686235870164,
    "annualized_return_pct": -92.9691399775153,
    "max_drawdown_pct": 50.48238847459273,
    "sharpe": -1.4394204637037735,
    "win_rate_pct": 30.508474576271187,
    "profit_factor": 0.5280023344103536
  },
  "win017_tr20180701-20230630_te20230701-20230930_va20231001-20231231": {
    "cumulative_return_pct": -25.205630387242277,
    "annualized_return_pct": -70.45616471416454,
    "max_drawdown_pct": 34.71620277482253,
    "sharpe": -1.1139435685616426,
    "win_rate_pct": 50.0,
    "profit_factor": 0.7319751182689337
  },
  "win018_tr20190101-20231231_te20240101-20240331_va20240401-20240630": {
    "cumulative_return_pct": -18.7610815329595,
    "annualized_return_pct": -58.201091827535976,
    "max_drawdown_pct": 30.446423817050437,
    "sharpe": -0.704154699904295,
    "win_rate_pct": 48.275862068965516,
    "profit_factor": 0.8286033857308833
  },
  "win019_tr20190701-20240630_te20240701-20240930_va20241001-20241231": {
    "cumulative_return_pct": 116.18364783950486,
    "annualized_return_pct": 2184.6658779278014,
    "max_drawdown_pct": 18.77126681983005,
    "sharpe": 23.811392599138617,
    "win_rate_pct": 57.14285714285714,
    "profit_factor": 2.0410207419430564
  },
  "win020_tr20200101-20241231_te20250101-20250331_va20250401-20250630": {
    "cumulative_return_pct": -0.34371704253365754,
    "annualized_return_pct": -1.4189155663379527,
    "max_drawdown_pct": 19.450094941396685,
    "sharpe": -0.06762251516074272,
    "win_rate_pct": 42.10526315789473,
    "profit_factor": 0.9962024115245774
  },
  "win021_tr20200701-20250630_te20250701-20250930_va20251001-20251231": {
    "cumulative_return_pct": -26.60380536409988,
    "annualized_return_pct": -71.49910719077066,
    "max_drawdown_pct": 35.49525689199138,
    "sharpe": -1.1266789632499614,
    "win_rate_pct": 38.46153846153847,
    "profit_factor": 0.7296196562397002
  }
}