{
  "win000_tr20100101-20141231_te20150101-20150331_va20150401-20150630": {
    "cumulative_return_pct": 1.4103340663030628,
    "annualized_return_pct": 6.202717276964065,
    "max_drawdown_pct": 22.020280050094133,
    "sharpe": 0.05054257617900125,
    "win_rate_pct": 43.859649122807014,
    "profit_factor": 1.020442357431204
  },
  "win001_tr20100701-20150630_te20150701-20150930_va20151001-20151231": {
    "cumulative_return_pct": -77.10343330616469,
    "annualized_return_pct": -99.74780600988133,
    "max_drawdown_pct": 74.06012541688257,
    "sharpe": -0.7070927444331698,
    "win_rate_pct": 50.79365079365079,
    "profit_factor": 0.5546816113915203
  },
  "win002_tr20110101-20151231_te20160101-20160331_va20160401-20160630": {
    "cumulative_return_pct": -34.7944462719288,
    "annualized_return_pct": -83.39207152983613,
    "max_drawdown_pct": 39.16452407638509,
    "sharpe": -0.811219076251409,
    "win_rate_pct": 49.152542372881356,
    "profit_factor": 0.7593445010485901
  },
  "win003_tr20110701-20160630_te20160701-20160930_va20161001-20161231": {
    "cumulative_return_pct": 43.40979726347774,
    "annualized_return_pct": 346.57157483525845,
    "max_drawdown_pct": 24.70765965547202,
    "sharpe": 5.214401043671547,
    "win_rate_pct": 60.317460317460316,
    "profit_factor": 1.4646025605711086
  },
  "win004_tr20120101-20161231_te20170101-20170331_va20170401-20170630": {
    "cumulative_return_pct": -19.442141148980113,
    "annualized_return_pct": -59.652639925008714,
    "max_drawdown_pct": 36.92871193385042,
    "sharpe": -1.0949431624876835,
    "win_rate_pct": 52.54237288135594,
    "profit_factor": 0.7506104760567031
  },
  "win005_tr20120701-20170630_te20170701-20170930_va20171001-20171231": {
    "cumulative_return_pct": -28.13108894065311,
    "annualized_return_pct": -74.61577507886565,
    "max_drawdown_pct": 40.9048761671807,
    "sharpe": -1.1397026040234723,
    "win_rate_pct": 44.61538461538462,
    "profit_factor": 0.6611225415861324
  },
  "win006_tr20130101-20171231_te20180101-20180331_va20180401-20180630": {
    "cumulative_return_pct": -3.6106425387142806,
    "annualized_return_pct": -14.30614228664534,
    "max_drawdown_pct": 44.99349752372872,
    "sharpe": -0.18824829060832962,
    "win_rate_pct": 50.847457627118644,
    "profit_factor": 0.9612318976644996
  },
  "win007_tr20130701-20180630_te20180701-20180930_va20181001-20181231": {
    "cumulative_return_pct": -72.69322366089052,
    "annualized_return_pct": -99.54269916245391,
    "max_drawdown_pct": 73.18413414558304,
    "sharpe": -1.8973296585286057,
    "win_rate_pct": 26.5625,
    "profit_factor": 0.1625453278787243
  },
  "win008_tr20140101-20181231_te20190101-20190331_va20190401-20190630": {
    "cumulative_return_pct": -26.2765644195425,
    "annualized_return_pct": -72.60265231841903,
    "max_drawdown_pct": 38.103758279819246,
    "sharpe": -0.6819042348197621,
    "win_rate_pct": 46.55172413793103,
    "profit_factor": 0.8026868626424821
  },
  "win009_tr20140701-20190630_te20190701-20190930_va20191001-20191231": {
    "cumulative_return_pct": 16.794984313820535,
    "annualized_return_pct": 87.77157479621975,
    "max_drawdown_pct": 18.63117209853661,
    "sharpe": 1.560471356777329,
    "win_rate_pct": 48.4375,
    "profit_factor": 1.2231238794826471
  },
  "win010_tr20150101-20191231_te20200101-20200331_va20200401-20200630": {
    "cumulative_return_pct": -29.132596860517307,
    "annualized_return_pct": -75.6643699068435,
    "max_drawdown_pct": 55.35260806170857,
    "sharpe": -0.662917716692759,
    "win_rate_pct": 48.275862068965516,
    "profit_factor": 0.8298577874599834
  },
  "win011_tr20150701-20200630_te20200701-20200930_va20201001-20201231": {
    "cumulative_return_pct": -25.978712350068122,
    "annualized_return_pct": -70.50110963769261,
    "max_drawdown_pct": 44.38263787981528,
    "sharpe": -1.0863210706561461,
    "win_rate_pct": 44.61538461538462,
    "profit_factor": 0.7528232724234908
  },
  "win012_tr20160101-20201231_te20210101-20210331_va20210401-20210630": {
    "cumulative_return_pct": -30.571122554558922,
    "annualized_return_pct": -78.76724987548238,
    "max_drawdown_pct": 50.58021993029153,
    "sharpe": -1.0701115132841537,
    "win_rate_pct": 44.827586206896555,
    "profit_factor": 0.6770949538152878
  },
  "win013_tr20160701-20210630_te20210701-20210930_va20211001-20211231": {
    "cumulative_return_pct": -65.64043180247758,
    "annualized_return_pct": -98.69043546549156,
    "max_drawdown_pct": 70.48067764268079,
    "sharpe": -1.0487314445881437,
    "win_rate_pct": 38.095238095238095,
    "profit_factor": 0.4641409671440315
  },
  "win014_tr20170101-20211231_te20220101-20220331_va20220401-20220630": {
    "cumulative_return_pct": -28.8007314252645,
    "annualized_return_pct": -76.37075409335698,
    "max_drawdown_pct": 47.471568568221215,
    "sharpe": -1.0974478823225546,
    "win_rate_pct": 48.275862068965516,
    "profit_factor": 0.7250277947595783
  },
  "win015_tr20170701-20220630_te20220701-20220930_va20221001-20221231": {
    "cumulative_return_pct": 11.760111811300296,
    "annualized_return_pct": 58.641851640077604,
    "max_drawdown_pct": 34.5049763539296,
    "sharpe": 0.7393135795684138,
    "win_rate_pct": 42.1875,
    "profit_factor": 1.0734583722155322
  },
  "win016_tr20180101-20221231_te20230101-20230331_va20230401-20230630": {
    "cumulative_return_pct": -5.948854086936429,
    "annualized_return_pct": -22.70078071875039,
    "max_drawdown_pct": 29.879303516461835,
    "sharpe": -0.34370748907938986,
    "win_rate_pct": 44.06779661016949,
    "profit_factor": 0.9336543630568571
  },
  "win017_tr20180701-20230630_te20230701-20230930_va20231001-20231231": {
    "cumulative_return_pct": 20.123240722966383,
    "annualized_return_pct": 115.92169505900118,
    "max_drawdown_pct": 20.236904929301964,
    "sharpe": 2.090035917556828,
    "win_rate_pct": 53.125,
    "profit_factor": 1.2571929684381133
  },
  "win018_tr20190101-20231231_te20240101-20240331_va20240401-20240630": {
    "cumulative_return_pct": -31.64200388037794,
    "annualized_return_pct": -79.75116679211314,
    "max_drawdown_pct": 36.10725430242054,
    "sharpe": -1.046554874630562,
    "win_rate_pct": 39.6551724137931,
    "profit_factor": 0.7036407977191523
  },
  "win019_tr20190701-20240630_te20240701-20240930_va20241001-20241231": {
    "cumulative_return_pct": -2.4310471338522737,
    "annualized_return_pct": -9.50531163298962,
    "max_drawdown_pct": 41.89368163743792,
    "sharpe": -0.15916192135633933,
    "win_rate_pct": 47.61904761904761,
    "profit_factor": 0.9717601903637625
  },
  "win020_tr20200101-20241231_te20250101-20250331_va20250401-20250630": {
    "cumulative_return_pct": -23.45714502578862,
    "annualized_return_pct": -67.02852598131534,
    "max_drawdown_pct": 35.68798476058962,
    "sharpe": -1.2244327779260844,
    "win_rate_pct": 42.10526315789473,
    "profit_factor": 0.735866413816029
  },
  "win021_tr20200701-20250630_te20250701-20250930_va20251001-20251231": {
    "cumulative_return_pct": 6.446721860099072,
    "annualized_return_pct": 28.858147251275135,
    "max_drawdown_pct": 20.27833717490998,
    "sharpe": 0.36603558092187444,
    "win_rate_pct": 38.46153846153847,
    "profit_factor": 1.0659355570514408
  }
}