{
  "size": 3,
  "models": "FreTS,PatchTST,WPMixer",
  "num_windows": 22,
  "mean_test_cumulative_return_pct": -11.289908371895562,
  "std_test_cumulative_return_pct": 49.94187859636766,
  "min_test_cumulative_return_pct": -55.36729009073014,
  "max_test_cumulative_return_pct": 144.61346939147035,
  "mean_test_annualized_return_pct": 205.59726615154776,
  "mean_test_max_drawdown_pct": 42.09653635506784,
  "mean_test_sharpe": 2.1118731794954164,
  "mean_test_win_rate_pct": 47.26838323012651,
  "mean_test_profit_factor": 0.89861166738293
}