{
  "win000_tr20100101-20141231_te20150101-20150331_va20150401-20150630": {
    "cumulative_return_pct": -6.56824691506403,
    "annualized_return_pct": -25.3184847413466,
    "max_drawdown_pct": 32.947896258164604,
    "sharpe": -0.3749230591808975,
    "win_rate_pct": 42.10526315789473,
    "profit_factor": 0.9233488445731594
  },
  "win001_tr20100701-20150630_te20150701-20150930_va20151001-20151231": {
    "cumulative_return_pct": -48.66491731721941,
    "annualized_return_pct": -93.32018303791126,
    "max_drawdown_pct": 58.11611907288147,
    "sharpe": -0.6225226701138757,
    "win_rate_pct": 52.38095238095239,
    "profit_factor": 0.7563500702406811
  },
  "win002_tr20110101-20151231_te20160101-20160331_va20160401-20160630": {
    "cumulative_return_pct": -43.89731405658773,
    "annualized_return_pct": -91.16586294308543,
    "max_drawdown_pct": 53.919321331938704,
    "sharpe": -0.9699010533324346,
    "win_rate_pct": 47.45762711864407,
    "profit_factor": 0.6067021023872794
  },
  "win003_tr20110701-20160630_te20160701-20160930_va20161001-20161231": {
    "cumulative_return_pct": 48.68176824554461,
    "annualized_return_pct": 418.7610983342597,
    "max_drawdown_pct": 27.835927377741992,
    "sharpe": 5.235232139955125,
    "win_rate_pct": 58.730158730158735,
    "profit_factor": 1.4574284748258246
  },
  "win004_tr20120101-20161231_te20170101-20170331_va20170401-20170630": {
    "cumulative_return_pct": -7.312282861579,
    "annualized_return_pct": -27.297383898127016,
    "max_drawdown_pct": 26.725530997125563,
    "sharpe": -0.39065740777018265,
    "win_rate_pct": 50.847457627118644,
    "profit_factor": 0.9340357487256461
  },
  "win005_tr20120701-20170630_te20170701-20170930_va20171001-20171231": {
    "cumulative_return_pct": 0.0909585434936802,
    "annualized_return_pct": 0.3780709347035449,
    "max_drawdown_pct": 24.50111302902669,
    "sharpe": -0.03688962721620014,
    "win_rate_pct": 47.69230769230769,
    "profit_factor": 1.0008951115239177
  },
  "win006_tr20130101-20171231_te20180101-20180331_va20180401-20180630": {
    "cumulative_return_pct": -36.768016680803164,
    "annualized_return_pct": -85.40252335032412,
    "max_drawdown_pct": 59.21623593948946,
    "sharpe": -1.1498342160576134,
    "win_rate_pct": 49.152542372881356,
    "profit_factor": 0.5284935985284631
  },
  "win007_tr20130701-20180630_te20180701-20180930_va20181001-20181231": {
    "cumulative_return_pct": -41.03077918653473,
    "annualized_return_pct": -88.83226656672386,
    "max_drawdown_pct": 48.2323866238129,
    "sharpe": -1.2067921323178932,
    "win_rate_pct": 42.1875,
    "profit_factor": 0.6254888330040417
  },
  "win008_tr20140101-20181231_te20190101-20190331_va20190401-20190630": {
    "cumulative_return_pct": -37.26953416284646,
    "annualized_return_pct": -86.20021233901312,
    "max_drawdown_pct": 49.13673625515484,
    "sharpe": -0.8344375563297419,
    "win_rate_pct": 46.55172413793103,
    "profit_factor": 0.7639493635672847
  },
  "win009_tr20140701-20190630_te20190701-20190930_va20191001-20191231": {
    "cumulative_return_pct": -49.79266685604832,
    "annualized_return_pct": -93.89601630112729,
    "max_drawdown_pct": 50.66527515895402,
    "sharpe": -1.0863261043312207,
    "win_rate_pct": 42.1875,
    "profit_factor": 0.552928566505485
  },
  "win010_tr20150101-20191231_te20200101-20200331_va20200401-20200630": {
    "cumulative_return_pct": -14.607619184223003,
    "annualized_return_pct": -47.694338234147395,
    "max_drawdown_pct": 38.40579377125652,
    "sharpe": -0.5820098581640331,
    "win_rate_pct": 51.724137931034484,
    "profit_factor": 0.9004258991447539
  },
  "win011_tr20150701-20200630_te20200701-20200930_va20201001-20201231": {
    "cumulative_return_pct": -46.55472135764519,
    "annualized_return_pct": -92.13379196685081,
    "max_drawdown_pct": 65.19014569055595,
    "sharpe": -1.2844195322451564,
    "win_rate_pct": 35.38461538461539,
    "profit_factor": 0.6037392124977913
  },
  "win012_tr20160101-20201231_te20210101-20210331_va20210401-20210630": {
    "cumulative_return_pct": -40.684691724775554,
    "annualized_return_pct": -89.12026632708246,
    "max_drawdown_pct": 42.38516605643922,
    "sharpe": -0.8768002263668286,
    "win_rate_pct": 36.206896551724135,
    "profit_factor": 0.6832763812654704
  },
  "win013_tr20160701-20210630_te20210701-20210930_va20211001-20211231": {
    "cumulative_return_pct": -55.36729009073014,
    "annualized_return_pct": -96.21403904030609,
    "max_drawdown_pct": 59.784851374200045,
    "sharpe": -0.866526205679266,
    "win_rate_pct": 47.61904761904761,
    "profit_factor": 0.5783776514219202
  },
  "win014_tr20170101-20211231_te20220101-20220331_va20220401-20220630": {
    "cumulative_return_pct": 54.37420411146323,
    "annualized_return_pct": 532.2581362731871,
    "max_drawdown_pct": 23.881525324752545,
    "sharpe": 6.211801630460829,
    "win_rate_pct": 51.724137931034484,
    "profit_factor": 1.5867555886904436
  },
  "win015_tr20170701-20220630_te20220701-20220930_va20221001-20221231": {
    "cumulative_return_pct": 3.846195675725618,
    "annualized_return_pct": 16.95808963140253,
    "max_drawdown_pct": 30.734183744249332,
    "sharpe": 0.18468111734639803,
    "win_rate_pct": 46.875,
    "profit_factor": 1.035573913770703
  },
  "win016_tr20180101-20221231_te20230101-20230331_va20230401-20230630": {
    "cumulative_return_pct": -25.52796875910937,
    "annualized_return_pct": -70.98703332268612,
    "max_drawdown_pct": 42.870985351392164,
    "sharpe": -0.8195794178407699,
    "win_rate_pct": 49.152542372881356,
    "profit_factor": 0.787475969497776
  },
  "win017_tr20180701-20230630_te20230701-20230930_va20231001-20231231": {
    "cumulative_return_pct": -53.221790039563686,
    "annualized_return_pct": -95.88137733114506,
    "max_drawdown_pct": 64.8392129137217,
    "sharpe": -1.454543972504637,
    "win_rate_pct": 34.375,
    "profit_factor": 0.509858160705717
  },
  "win018_tr20190101-20231231_te20240101-20240331_va20240401-20240630": {
    "cumulative_return_pct": 82.02873512721074,
    "annualized_return_pct": 1136.3438654496667,
    "max_drawdown_pct": 21.41707950220677,
    "sharpe": 11.52979772469738,
    "win_rate_pct": 60.3448275862069,
    "profit_factor": 1.6092622501970122
  },
  "win019_tr20190701-20240630_te20240701-20240930_va20241001-20241231": {
    "cumulative_return_pct": 144.61346939147035,
    "annualized_return_pct": 3672.09675660453,
    "max_drawdown_pct": 26.003152281798975,
    "sharpe": 37.7490715228434,
    "win_rate_pct": 58.730158730158735,
    "profit_factor": 1.944279070678205
  },
  "win020_tr20200101-20241231_te20250101-20250331_va20250401-20250630": {
    "cumulative_return_pct": -40.4181139968131,
    "annualized_return_pct": -88.34274367863692,
    "max_drawdown_pct": 44.86160642481941,
    "sharpe": -0.8383316100641917,
    "win_rate_pct": 43.859649122807014,
    "profit_factor": 0.6991766800302248
  },
  "win021_tr20200701-20250630_te20250701-20250930_va20251001-20251231": {
    "cumulative_return_pct": -34.32736208706765,
    "annualized_return_pct": -81.84963881518627,
    "max_drawdown_pct": 34.453555331809596,
    "sharpe": -1.054879536889026,
    "win_rate_pct": 44.61538461538462,
    "profit_factor": 0.6816351906426573
  }
}