{
  "win000_tr20100101-20141231_te20150101-20150331_va20150401-20150630": {
    "cumulative_return_pct": -11.788459866361144,
    "annualized_return_pct": -41.66630860637011,
    "max_drawdown_pct": 30.817445645921822,
    "sharpe": -0.7445085317567923,
    "win_rate_pct": 50.877192982456144,
    "profit_factor": 0.8499113077155965
  },
  "win001_tr20100701-20150630_te20150701-20150930_va20151001-20151231": {
    "cumulative_return_pct": -53.48436422777066,
    "annualized_return_pct": -95.5228073270117,
    "max_drawdown_pct": 74.89898883390757,
    "sharpe": -0.6718552663185757,
    "win_rate_pct": 42.857142857142854,
    "profit_factor": 0.7830372876813889
  },
  "win002_tr20110101-20151231_te20160101-20160331_va20160401-20160630": {
    "cumulative_return_pct": -60.70383094090229,
    "annualized_return_pct": -98.01860851148957,
    "max_drawdown_pct": 56.60075949753015,
    "sharpe": -1.2405066046662196,
    "win_rate_pct": 44.06779661016949,
    "profit_factor": 0.4384221618332886
  },
  "win003_tr20110701-20160630_te20160701-20160930_va20161001-20161231": {
    "cumulative_return_pct": -38.61353616594126,
    "annualized_return_pct": -86.80586432808364,
    "max_drawdown_pct": 54.03447745303356,
    "sharpe": -1.1220996170488,
    "win_rate_pct": 42.857142857142854,
    "profit_factor": 0.6259802367598477
  },
  "win004_tr20120101-20161231_te20170101-20170331_va20170401-20170630": {
    "cumulative_return_pct": -20.20554538669749,
    "annualized_return_pct": -61.23369595830786,
    "max_drawdown_pct": 24.054231211834615,
    "sharpe": -1.0302216403051179,
    "win_rate_pct": 49.152542372881356,
    "profit_factor": 0.7631831544536605
  },
  "win005_tr20120701-20170630_te20170701-20170930_va20171001-20171231": {
    "cumulative_return_pct": -36.2053403683275,
    "annualized_return_pct": -84.52095975796824,
    "max_drawdown_pct": 42.173840315799524,
    "sharpe": -1.4176572783849637,
    "win_rate_pct": 46.15384615384615,
    "profit_factor": 0.5787340384872218
  },
  "win006_tr20130101-20171231_te20180101-20180331_va20180401-20180630": {
    "cumulative_return_pct": -20.2449420432264,
    "annualized_return_pct": -61.31398737523085,
    "max_drawdown_pct": 49.23198511239899,
    "sharpe": -0.7324345771354984,
    "win_rate_pct": 45.76271186440678,
    "profit_factor": 0.8434435102279533
  },
  "win007_tr20130701-20180630_te20180701-20180930_va20181001-20181231": {
    "cumulative_return_pct": -70.99181149040558,
    "annualized_return_pct": -99.41230074331848,
    "max_drawdown_pct": 70.30105482605352,
    "sharpe": -1.8126587901270115,
    "win_rate_pct": 29.6875,
    "profit_factor": 0.20995448197677555
  },
  "win008_tr20140101-20181231_te20190101-20190331_va20190401-20190630": {
    "cumulative_return_pct": 27.469857534502793,
    "annualized_return_pct": 180.3337971660587,
    "max_drawdown_pct": 38.68508462947845,
    "sharpe": 1.4011134128879297,
    "win_rate_pct": 48.275862068965516,
    "profit_factor": 1.1589074835469353
  },
  "win009_tr20140701-20190630_te20190701-20190930_va20191001-20191231": {
    "cumulative_return_pct": 34.463191650453275,
    "annualized_return_pct": 232.59485609199388,
    "max_drawdown_pct": 37.64505843255481,
    "sharpe": 1.9675013930370635,
    "win_rate_pct": 54.6875,
    "profit_factor": 1.1870562742432254
  },
  "win010_tr20150101-20191231_te20200101-20200331_va20200401-20200630": {
    "cumulative_return_pct": -41.82569213811922,
    "annualized_return_pct": -89.17388071846027,
    "max_drawdown_pct": 49.144889143060006,
    "sharpe": -0.7623151787508156,
    "win_rate_pct": 41.37931034482759,
    "profit_factor": 0.7612861217994906
  },
  "win011_tr20150701-20200630_te20200701-20200930_va20201001-20201231": {
    "cumulative_return_pct": -26.952160840656525,
    "annualized_return_pct": -72.04411421099022,
    "max_drawdown_pct": 40.016142431610334,
    "sharpe": -0.880058130529919,
    "win_rate_pct": 47.69230769230769,
    "profit_factor": 0.8063899694451194
  },
  "win012_tr20160101-20201231_te20210101-20210331_va20210401-20210630": {
    "cumulative_return_pct": -36.45615072639915,
    "annualized_return_pct": -85.42411550507283,
    "max_drawdown_pct": 49.20146533828946,
    "sharpe": -0.88055658664855,
    "win_rate_pct": 37.93103448275862,
    "profit_factor": 0.7544282695249563
  },
  "win013_tr20160701-20210630_te20210701-20210930_va20211001-20211231": {
    "cumulative_return_pct": -51.52370114736695,
    "annualized_return_pct": -94.70612476601701,
    "max_drawdown_pct": 64.30518350267316,
    "sharpe": -0.9478035578423976,
    "win_rate_pct": 41.269841269841265,
    "profit_factor": 0.6073482002945713
  },
  "win014_tr20170101-20211231_te20220101-20220331_va20220401-20220630": {
    "cumulative_return_pct": 39.9230569228899,
    "annualized_return_pct": 316.4907525812569,
    "max_drawdown_pct": 44.54278694184205,
    "sharpe": 3.000062633284602,
    "win_rate_pct": 58.620689655172406,
    "profit_factor": 1.3329917434951746
  },
  "win015_tr20170701-20220630_te20220701-20220930_va20221001-20221231": {
    "cumulative_return_pct": -41.320351001523214,
    "annualized_return_pct": -89.05812839263383,
    "max_drawdown_pct": 51.56814969203276,
    "sharpe": -1.0482092693679026,
    "win_rate_pct": 42.1875,
    "profit_factor": 0.6545236547177109
  },
  "win016_tr20180101-20221231_te20230101-20230331_va20230401-20230630": {
    "cumulative_return_pct": -1.6206422591978802,
    "annualized_return_pct": -6.629655097602938,
    "max_drawdown_pct": 25.927048912192095,
    "sharpe": -0.13202366784564434,
    "win_rate_pct": 38.983050847457626,
    "profit_factor": 0.9810045961274164
  },
  "win017_tr20180701-20230630_te20230701-20230930_va20231001-20231231": {
    "cumulative_return_pct": 7.553394494838571,
    "annualized_return_pct": 35.75842374532736,
    "max_drawdown_pct": 23.118325419102888,
    "sharpe": 0.4904913869964186,
    "win_rate_pct": 53.125,
    "profit_factor": 1.0787311012691476
  },
  "win018_tr20190101-20231231_te20240101-20240331_va20240401-20240630": {
    "cumulative_return_pct": -75.70458422783612,
    "annualized_return_pct": -99.73681468667755,
    "max_drawdown_pct": 77.50541763457362,
    "sharpe": -1.1660488707905956,
    "win_rate_pct": 29.310344827586203,
    "profit_factor": 0.3084259186223176
  },
  "win019_tr20190701-20240630_te20240701-20240930_va20241001-20241231": {
    "cumulative_return_pct": 141.05464403467548,
    "annualized_return_pct": 3454.2836368965473,
    "max_drawdown_pct": 15.78418309849137,
    "sharpe": 31.147833264491563,
    "win_rate_pct": 47.61904761904761,
    "profit_factor": 2.0874552920274443
  },
  "win020_tr20200101-20241231_te20250101-20250331_va20250401-20250630": {
    "cumulative_return_pct": -38.007117866755486,
    "annualized_return_pct": -86.25639712518146,
    "max_drawdown_pct": 40.0496063982654,
    "sharpe": -1.3308480144049402,
    "win_rate_pct": 40.35087719298245,
    "profit_factor": 0.5899750927170239
  },
  "win021_tr20200701-20250630_te20250701-20250930_va20251001-20251231": {
    "cumulative_return_pct": 27.910273494468278,
    "annualized_return_pct": 171.55503528836195,
    "max_drawdown_pct": 20.512817046801597,
    "sharpe": 2.018566919663034,
    "win_rate_pct": 52.307692307692314,
    "profit_factor": 1.23336056017185
  }
}