{
  "size": 4,
  "models": "DLinear,FreTS,PatchTST,iTransformer",
  "num_windows": 22,
  "mean_test_cumulative_return_pct": -8.183609718551365,
  "std_test_cumulative_return_pct": 33.41881601028336,
  "min_test_cumulative_return_pct": -59.036613075217495,
  "max_test_cumulative_return_pct": 63.063776410081076,
  "mean_test_annualized_return_pct": 44.24237368910259,
  "mean_test_max_drawdown_pct": 36.713074971136024,
  "mean_test_sharpe": 0.611746654477282,
  "mean_test_win_rate_pct": 47.346330737535865,
  "mean_test_profit_factor": 0.953427181892852
}