{
  "win000_tr20100101-20141231_te20150101-20150331_va20150401-20150630": {
    "cumulative_return_pct": 53.09057544461917,
    "annualized_return_pct": 523.353486112227,
    "max_drawdown_pct": 11.326600439950964,
    "sharpe": 9.513185496186052,
    "win_rate_pct": 50.877192982456144,
    "profit_factor": 1.7795143953082233
  },
  "win001_tr20100701-20150630_te20150701-20150930_va20151001-20151231": {
    "cumulative_return_pct": -59.036613075217495,
    "annualized_return_pct": -97.32715860265422,
    "max_drawdown_pct": 68.87168295067754,
    "sharpe": -0.728570985664549,
    "win_rate_pct": 52.38095238095239,
    "profit_factor": 0.7255541430248995
  },
  "win002_tr20110101-20151231_te20160101-20160331_va20160401-20160630": {
    "cumulative_return_pct": -3.664307671420707,
    "annualized_return_pct": -14.506265335380474,
    "max_drawdown_pct": 29.131986586795573,
    "sharpe": -0.19571601493493732,
    "win_rate_pct": 47.45762711864407,
    "profit_factor": 0.968871631482179
  },
  "win003_tr20110701-20160630_te20160701-20160930_va20161001-20161231": {
    "cumulative_return_pct": -3.292851040377072,
    "annualized_return_pct": -12.974837141988383,
    "max_drawdown_pct": 24.72435003687279,
    "sharpe": -0.24441879483140047,
    "win_rate_pct": 46.03174603174603,
    "profit_factor": 0.9645421219659145
  },
  "win004_tr20120101-20161231_te20170101-20170331_va20170401-20170630": {
    "cumulative_return_pct": 41.230838319239254,
    "annualized_return_pct": 326.0352718621326,
    "max_drawdown_pct": 8.952359726235569,
    "sharpe": 7.54233990625643,
    "win_rate_pct": 55.932203389830505,
    "profit_factor": 1.8099465627042062
  },
  "win005_tr20120701-20170630_te20170701-20170930_va20171001-20171231": {
    "cumulative_return_pct": -22.32288789729208,
    "annualized_return_pct": -64.9527528848151,
    "max_drawdown_pct": 31.61424337749162,
    "sharpe": -1.4059344221315881,
    "win_rate_pct": 50.76923076923077,
    "profit_factor": 0.6521225627432257
  },
  "win006_tr20130101-20171231_te20180101-20180331_va20180401-20180630": {
    "cumulative_return_pct": -6.7442317662942,
    "annualized_return_pct": -25.408345441562997,
    "max_drawdown_pct": 33.0080294036285,
    "sharpe": -0.37539486415245493,
    "win_rate_pct": 45.76271186440678,
    "profit_factor": 0.9177522611718489
  },
  "win007_tr20130701-20180630_te20180701-20180930_va20181001-20181231": {
    "cumulative_return_pct": -32.02197072711381,
    "annualized_return_pct": -79.851889679263,
    "max_drawdown_pct": 42.41374426296538,
    "sharpe": -1.479088812814359,
    "win_rate_pct": 43.75,
    "profit_factor": 0.6513815988924798
  },
  "win008_tr20140101-20181231_te20190101-20190331_va20190401-20190630": {
    "cumulative_return_pct": -38.66640467778902,
    "annualized_return_pct": -87.45890507182075,
    "max_drawdown_pct": 44.23152626188706,
    "sharpe": -1.218503926878551,
    "win_rate_pct": 48.275862068965516,
    "profit_factor": 0.6349073507421337
  },
  "win009_tr20140701-20190630_te20190701-20190930_va20191001-20191231": {
    "cumulative_return_pct": 14.571178752321517,
    "annualized_return_pct": 73.67911166802077,
    "max_drawdown_pct": 31.670879463228722,
    "sharpe": 0.9074912632190383,
    "win_rate_pct": 46.875,
    "profit_factor": 1.1576854162144607
  },
  "win010_tr20150101-20191231_te20200101-20200331_va20200401-20200630": {
    "cumulative_return_pct": -33.24780038720544,
    "annualized_return_pct": -80.96212028024188,
    "max_drawdown_pct": 51.7155716700892,
    "sharpe": -0.8505168536115231,
    "win_rate_pct": 53.44827586206896,
    "profit_factor": 0.7740392459144676
  },
  "win011_tr20150701-20200630_te20200701-20200930_va20201001-20201231": {
    "cumulative_return_pct": -57.914465851385266,
    "annualized_return_pct": -97.01732598760854,
    "max_drawdown_pct": 62.921837947053646,
    "sharpe": -1.1198140781698596,
    "win_rate_pct": 38.46153846153847,
    "profit_factor": 0.4383927918761098
  },
  "win012_tr20160101-20201231_te20210101-20210331_va20210401-20210630": {
    "cumulative_return_pct": -3.2849347242545566,
    "annualized_return_pct": -13.225480478134022,
    "max_drawdown_pct": 54.4405776226384,
    "sharpe": -0.13927324167945673,
    "win_rate_pct": 48.275862068965516,
    "profit_factor": 0.9813599110079525
  },
  "win013_tr20160701-20210630_te20210701-20210930_va20211001-20211231": {
    "cumulative_return_pct": -41.60689143365319,
    "annualized_return_pct": -88.73276180837586,
    "max_drawdown_pct": 62.2722569947417,
    "sharpe": -0.9265074348239464,
    "win_rate_pct": 38.095238095238095,
    "profit_factor": 0.7246871512415192
  },
  "win014_tr20170101-20211231_te20220101-20220331_va20220401-20220630": {
    "cumulative_return_pct": -31.318400041113364,
    "annualized_return_pct": -79.72102421743166,
    "max_drawdown_pct": 47.58353581085708,
    "sharpe": -1.1030124936407781,
    "win_rate_pct": 44.827586206896555,
    "profit_factor": 0.6434207398684344
  },
  "win015_tr20170701-20220630_te20220701-20220930_va20221001-20221231": {
    "cumulative_return_pct": -35.683932206401906,
    "annualized_return_pct": -83.9890555581544,
    "max_drawdown_pct": 47.42746526815426,
    "sharpe": -1.6504109428624611,
    "win_rate_pct": 42.1875,
    "profit_factor": 0.6620606078138694
  },
  "win016_tr20180101-20221231_te20230101-20230331_va20230401-20230630": {
    "cumulative_return_pct": 11.124539799409407,
    "annualized_return_pct": 55.71229801917754,
    "max_drawdown_pct": 21.147721892342076,
    "sharpe": 0.9069612444587718,
    "win_rate_pct": 49.152542372881356,
    "profit_factor": 1.1409937962993206
  },
  "win017_tr20180701-20230630_te20230701-20230930_va20231001-20231231": {
    "cumulative_return_pct": -14.275816086349401,
    "annualized_return_pct": -47.62193523005377,
    "max_drawdown_pct": 20.87211315631349,
    "sharpe": -1.1534015490054572,
    "win_rate_pct": 51.5625,
    "profit_factor": 0.8097100358470699
  },
  "win018_tr20190101-20231231_te20240101-20240331_va20240401-20240630": {
    "cumulative_return_pct": -20.091716609144036,
    "annualized_return_pct": -61.00099651033377,
    "max_drawdown_pct": 39.693150331353,
    "sharpe": -0.7720002060713838,
    "win_rate_pct": 48.275862068965516,
    "profit_factor": 0.7798969508778179
  },
  "win019_tr20190701-20240630_te20240701-20240930_va20241001-20241231": {
    "cumulative_return_pct": 63.063776410081076,
    "annualized_return_pct": 627.4740473845654,
    "max_drawdown_pct": 33.08128810316302,
    "sharpe": 4.883952951622747,
    "win_rate_pct": 49.2063492063492,
    "profit_factor": 1.3524534924884042
  },
  "win020_tr20200101-20241231_te20250101-20250331_va20250401-20250630": {
    "cumulative_return_pct": 39.68041637417276,
    "annualized_return_pct": 300.30855850897717,
    "max_drawdown_pct": 18.040587548013363,
    "sharpe": 3.094735623630136,
    "win_rate_pct": 43.859649122807014,
    "profit_factor": 1.4012653647932087
  },
  "win021_tr20200701-20250630_te20250701-20250930_va20251001-20251231": {
    "cumulative_return_pct": 0.37248528703835326,
    "annualized_return_pct": 1.5203018329754237,
    "max_drawdown_pct": 22.546140510539562,
    "sharpe": -0.027675465600263797,
    "win_rate_pct": 46.15384615384615,
    "profit_factor": 1.004839869365003
  }
}