{
  "size": 4,
  "models": "DLinear,FiLM,FreTS,LightTS",
  "num_windows": 22,
  "mean_test_cumulative_return_pct": -23.70712983687773,
  "std_test_cumulative_return_pct": 26.95145544002207,
  "min_test_cumulative_return_pct": -67.31367782894938,
  "max_test_cumulative_return_pct": 34.09685197490817,
  "mean_test_annualized_return_pct": -37.15630336776416,
  "mean_test_max_drawdown_pct": 40.29953464068563,
  "mean_test_sharpe": -0.49897916174908025,
  "mean_test_win_rate_pct": 45.36221577331347,
  "mean_test_profit_factor": 0.7938559604825707
}