{
  "win000_tr20100101-20141231_te20150101-20150331_va20150401-20150630": {
    "cumulative_return_pct": 26.68723456982938,
    "annualized_return_pct": 176.34341859117026,
    "max_drawdown_pct": 12.6812517015807,
    "sharpe": 3.1791223168988316,
    "win_rate_pct": 50.877192982456144,
    "profit_factor": 1.4004453327833264
  },
  "win001_tr20100701-20150630_te20150701-20150930_va20151001-20151231": {
    "cumulative_return_pct": -18.571213574820685,
    "annualized_return_pct": -56.55825815510222,
    "max_drawdown_pct": 48.38788014009114,
    "sharpe": -0.4099601914201681,
    "win_rate_pct": 49.2063492063492,
    "profit_factor": 0.9196499844591587
  },
  "win002_tr20110101-20151231_te20160101-20160331_va20160401-20160630": {
    "cumulative_return_pct": -64.11893758229638,
    "annualized_return_pct": -98.64729932269788,
    "max_drawdown_pct": 60.292436081756385,
    "sharpe": -1.4034350904917894,
    "win_rate_pct": 44.06779661016949,
    "profit_factor": 0.37535682160824874
  },
  "win003_tr20110701-20160630_te20160701-20160930_va20161001-20161231": {
    "cumulative_return_pct": -12.26349199845798,
    "annualized_return_pct": -41.901335679057716,
    "max_drawdown_pct": 38.19456123154645,
    "sharpe": -0.6504130633883839,
    "win_rate_pct": 49.2063492063492,
    "profit_factor": 0.8900942693910787
  },
  "win004_tr20120101-20161231_te20170101-20170331_va20170401-20170630": {
    "cumulative_return_pct": -13.674688584632777,
    "annualized_return_pct": -46.06255722689174,
    "max_drawdown_pct": 33.07465503180676,
    "sharpe": -0.8704336227932707,
    "win_rate_pct": 49.152542372881356,
    "profit_factor": 0.8289467686093376
  },
  "win005_tr20120701-20170630_te20170701-20170930_va20171001-20171231": {
    "cumulative_return_pct": 13.244269916443994,
    "annualized_return_pct": 67.57069519687109,
    "max_drawdown_pct": 20.458644957447227,
    "sharpe": 1.1170788425054448,
    "win_rate_pct": 46.15384615384615,
    "profit_factor": 1.1541623543345938
  },
  "win006_tr20130101-20171231_te20180101-20180331_va20180401-20180630": {
    "cumulative_return_pct": -27.875576784825533,
    "annualized_return_pct": -74.63758710047392,
    "max_drawdown_pct": 39.46626760583546,
    "sharpe": -1.053702236247004,
    "win_rate_pct": 38.983050847457626,
    "profit_factor": 0.6935492603140233
  },
  "win007_tr20130701-20180630_te20180701-20180930_va20181001-20181231": {
    "cumulative_return_pct": -64.38111204766287,
    "annualized_return_pct": -98.6220966634307,
    "max_drawdown_pct": 63.53293829073391,
    "sharpe": -1.7341319332097294,
    "win_rate_pct": 37.5,
    "profit_factor": 0.30244563580770234
  },
  "win008_tr20140101-20181231_te20190101-20190331_va20190401-20190630": {
    "cumulative_return_pct": -41.36979005780759,
    "annualized_return_pct": -89.64404331947419,
    "max_drawdown_pct": 66.11598364954203,
    "sharpe": -0.7695564972259399,
    "win_rate_pct": 44.827586206896555,
    "profit_factor": 0.7634671850079979
  },
  "win009_tr20140701-20190630_te20190701-20190930_va20191001-20191231": {
    "cumulative_return_pct": -38.93237391220386,
    "annualized_return_pct": -86.4870616626236,
    "max_drawdown_pct": 42.73772558395177,
    "sharpe": -1.0109672143488115,
    "win_rate_pct": 40.625,
    "profit_factor": 0.6960035233789622
  },
  "win010_tr20150101-20191231_te20200101-20200331_va20200401-20200630": {
    "cumulative_return_pct": -67.31367782894938,
    "annualized_return_pct": -98.98377227970316,
    "max_drawdown_pct": 71.79027889363532,
    "sharpe": -1.0028976354133887,
    "win_rate_pct": 34.48275862068966,
    "profit_factor": 0.549571907488896
  },
  "win011_tr20150701-20200630_te20200701-20200930_va20201001-20201231": {
    "cumulative_return_pct": -33.37999228011875,
    "annualized_return_pct": -80.763370183402,
    "max_drawdown_pct": 45.636807470483966,
    "sharpe": -1.1447487019196083,
    "win_rate_pct": 44.61538461538462,
    "profit_factor": 0.7226874331970425
  },
  "win012_tr20160101-20201231_te20210101-20210331_va20210401-20210630": {
    "cumulative_return_pct": -22.4315092633481,
    "annualized_return_pct": -65.99965036529227,
    "max_drawdown_pct": 51.28478649628183,
    "sharpe": -0.6728404404724777,
    "win_rate_pct": 43.103448275862064,
    "profit_factor": 0.8538001724886379
  },
  "win013_tr20160701-20210630_te20210701-20210930_va20211001-20211231": {
    "cumulative_return_pct": -9.801682747378317,
    "annualized_return_pct": -34.20690496555125,
    "max_drawdown_pct": 30.93925329508255,
    "sharpe": -0.39460909863917143,
    "win_rate_pct": 52.38095238095239,
    "profit_factor": 0.9300246808527722
  },
  "win014_tr20170101-20211231_te20220101-20220331_va20220401-20220630": {
    "cumulative_return_pct": -45.24150378681062,
    "annualized_return_pct": -92.2521849423949,
    "max_drawdown_pct": 47.31584820040383,
    "sharpe": -1.1063859258901512,
    "win_rate_pct": 50.0,
    "profit_factor": 0.5756658956976806
  },
  "win015_tr20170701-20220630_te20220701-20220930_va20221001-20221231": {
    "cumulative_return_pct": -29.052956125824096,
    "annualized_return_pct": -75.94016373156126,
    "max_drawdown_pct": 35.903065740307646,
    "sharpe": -0.9858587820942759,
    "win_rate_pct": 42.1875,
    "profit_factor": 0.7388949713082525
  },
  "win016_tr20180101-20221231_te20230101-20230331_va20230401-20230630": {
    "cumulative_return_pct": -8.576835027068562,
    "annualized_return_pct": -31.371674424606766,
    "max_drawdown_pct": 29.026611657324956,
    "sharpe": -0.4621441040974471,
    "win_rate_pct": 45.76271186440678,
    "profit_factor": 0.914985870776064
  },
  "win017_tr20180701-20230630_te20230701-20230930_va20231001-20231231": {
    "cumulative_return_pct": -5.467510995681224,
    "annualized_return_pct": -21.026262557580445,
    "max_drawdown_pct": 19.109625722217892,
    "sharpe": -0.5678621375991674,
    "win_rate_pct": 48.4375,
    "profit_factor": 0.9202844108201964
  },
  "win018_tr20190101-20231231_te20240101-20240331_va20240401-20240630": {
    "cumulative_return_pct": -54.57279585374456,
    "annualized_return_pct": -96.35818340361327,
    "max_drawdown_pct": 56.07781740533891,
    "sharpe": -1.3848895574163838,
    "win_rate_pct": 46.55172413793103,
    "profit_factor": 0.41739046938767405
  },
  "win019_tr20190701-20240630_te20240701-20240930_va20241001-20241231": {
    "cumulative_return_pct": 34.09685197490817,
    "annualized_return_pct": 228.93272353152506,
    "max_drawdown_pct": 26.33184985027538,
    "sharpe": 2.37736447367419,
    "win_rate_pct": 55.55555555555556,
    "profit_factor": 1.2901713545917584
  },
  "win020_tr20200101-20241231_te20250101-20250331_va20250401-20250630": {
    "cumulative_return_pct": -5.287552809447249,
    "annualized_return_pct": -20.186586366544656,
    "max_drawdown_pct": 14.069136827428274,
    "sharpe": -0.3643092422803239,
    "win_rate_pct": 47.368421052631575,
    "profit_factor": 0.931348575414054
  },
  "win021_tr20200701-20250630_te20250701-20250930_va20251001-20251231": {
    "cumulative_return_pct": -33.2720116114132,
    "annualized_return_pct": -80.63651906037607,
    "max_drawdown_pct": 34.16233626201148,
    "sharpe": -1.6619617166107383,
    "win_rate_pct": 36.92307692307693,
    "profit_factor": 0.5958842528990976
  }
}