{
  "size": 6,
  "models": "DLinear,FiLM,FreTS,LightTS,PatchTST,TimeMixer",
  "num_windows": 22,
  "mean_test_cumulative_return_pct": -16.12480089725493,
  "std_test_cumulative_return_pct": 29.768154617311268,
  "min_test_cumulative_return_pct": -68.82581536658535,
  "max_test_cumulative_return_pct": 60.924351181455606,
  "mean_test_annualized_return_pct": -3.1883497241731322,
  "mean_test_max_drawdown_pct": 38.79413495452771,
  "mean_test_sharpe": -0.06927550175212711,
  "mean_test_win_rate_pct": 45.23716732546883,
  "mean_test_profit_factor": 0.8497106668578008
}