{
  "win000_tr20100101-20141231_te20150101-20150331_va20150401-20150630": {
    "cumulative_return_pct": 32.03992666904079,
    "annualized_return_pct": 230.12443025115806,
    "max_drawdown_pct": 13.36057719115088,
    "sharpe": 3.944196530629938,
    "win_rate_pct": 52.63157894736842,
    "profit_factor": 1.4902708225210892
  },
  "win001_tr20100701-20150630_te20150701-20150930_va20151001-20151231": {
    "cumulative_return_pct": -40.613727454972526,
    "annualized_return_pct": -87.93457505867815,
    "max_drawdown_pct": 52.93396575153757,
    "sharpe": -0.6714967818316685,
    "win_rate_pct": 46.03174603174603,
    "profit_factor": 0.8079758895267408
  },
  "win002_tr20110101-20151231_te20160101-20160331_va20160401-20160630": {
    "cumulative_return_pct": -43.27185057030747,
    "annualized_return_pct": -90.74495203516118,
    "max_drawdown_pct": 45.94648503868027,
    "sharpe": -1.0354819693270185,
    "win_rate_pct": 47.45762711864407,
    "profit_factor": 0.6180924497708178
  },
  "win003_tr20110701-20160630_te20160701-20160930_va20161001-20161231": {
    "cumulative_return_pct": 13.419015363099215,
    "annualized_return_pct": 68.64654296075987,
    "max_drawdown_pct": 37.158980989356444,
    "sharpe": 0.8573805765886521,
    "win_rate_pct": 57.14285714285714,
    "profit_factor": 1.1336650441110778
  },
  "win004_tr20120101-20161231_te20170101-20170331_va20170401-20170630": {
    "cumulative_return_pct": -16.3094310514126,
    "annualized_return_pct": -52.644033830659964,
    "max_drawdown_pct": 34.78418073753065,
    "sharpe": -0.9488266454031032,
    "win_rate_pct": 50.847457627118644,
    "profit_factor": 0.7879034275703108
  },
  "win005_tr20120701-20170630_te20170701-20170930_va20171001-20171231": {
    "cumulative_return_pct": -23.273911917635193,
    "annualized_return_pct": -66.69968748062496,
    "max_drawdown_pct": 23.23090046449084,
    "sharpe": -1.2641778891627977,
    "win_rate_pct": 43.07692307692308,
    "profit_factor": 0.7015162498412366
  },
  "win006_tr20130101-20171231_te20180101-20180331_va20180401-20180630": {
    "cumulative_return_pct": -10.816441517780175,
    "annualized_return_pct": -38.15823683234411,
    "max_drawdown_pct": 47.2490481243546,
    "sharpe": -0.4931752702321622,
    "win_rate_pct": 45.76271186440678,
    "profit_factor": 0.8655019098314017
  },
  "win007_tr20130701-20180630_te20180701-20180930_va20181001-20181231": {
    "cumulative_return_pct": -68.82581536658535,
    "annualized_return_pct": -99.20756789572661,
    "max_drawdown_pct": 69.72446582380067,
    "sharpe": -1.5895327011429432,
    "win_rate_pct": 32.8125,
    "profit_factor": 0.2916039164741191
  },
  "win008_tr20140101-20181231_te20190101-20190331_va20190401-20190630": {
    "cumulative_return_pct": -29.824330749728272,
    "annualized_return_pct": -77.78020615438446,
    "max_drawdown_pct": 40.97331479757826,
    "sharpe": -0.8572544270940692,
    "win_rate_pct": 44.827586206896555,
    "profit_factor": 0.7204993657495726
  },
  "win009_tr20140701-20190630_te20190701-20190930_va20191001-20191231": {
    "cumulative_return_pct": 2.748671894311474,
    "annualized_return_pct": 11.63279897519991,
    "max_drawdown_pct": 32.502588736465306,
    "sharpe": 0.13343642843372344,
    "win_rate_pct": 53.125,
    "profit_factor": 1.0268937355577967
  },
  "win010_tr20150101-20191231_te20200101-20200331_va20200401-20200630": {
    "cumulative_return_pct": 4.34856072900705,
    "annualized_return_pct": 19.08777988429131,
    "max_drawdown_pct": 52.23978233988894,
    "sharpe": 0.16130628741798042,
    "win_rate_pct": 43.103448275862064,
    "profit_factor": 1.0237293848474005
  },
  "win011_tr20150701-20200630_te20200701-20200930_va20201001-20201231": {
    "cumulative_return_pct": -38.65953462208689,
    "annualized_return_pct": -86.24036716831093,
    "max_drawdown_pct": 46.5502542670438,
    "sharpe": -1.3812691603458251,
    "win_rate_pct": 44.61538461538462,
    "profit_factor": 0.6379520019995268
  },
  "win012_tr20160101-20201231_te20210101-20210331_va20210401-20210630": {
    "cumulative_return_pct": -31.175201443843708,
    "annualized_return_pct": -79.54084443469655,
    "max_drawdown_pct": 46.19120163976103,
    "sharpe": -1.044855630564606,
    "win_rate_pct": 44.827586206896555,
    "profit_factor": 0.6852820635614194
  },
  "win013_tr20160701-20210630_te20210701-20210930_va20211001-20211231": {
    "cumulative_return_pct": -1.4647825608313783,
    "annualized_return_pct": -5.812756536107411,
    "max_drawdown_pct": 31.744562450331916,
    "sharpe": -0.09707504152910905,
    "win_rate_pct": 46.03174603174603,
    "profit_factor": 0.9903085959864842
  },
  "win014_tr20170101-20211231_te20220101-20220331_va20220401-20220630": {
    "cumulative_return_pct": -43.66200033100285,
    "annualized_return_pct": -91.25760425739253,
    "max_drawdown_pct": 53.487865557466286,
    "sharpe": -1.2779713860395667,
    "win_rate_pct": 44.827586206896555,
    "profit_factor": 0.5337081463049482
  },
  "win015_tr20170701-20220630_te20220701-20220930_va20221001-20221231": {
    "cumulative_return_pct": -8.547470091886796,
    "annualized_return_pct": -30.985522032976075,
    "max_drawdown_pct": 28.17903241253839,
    "sharpe": -0.3856711386198722,
    "win_rate_pct": 43.75,
    "profit_factor": 0.92454068498085
  },
  "win016_tr20180101-20221231_te20230101-20230331_va20230401-20230630": {
    "cumulative_return_pct": -48.95065833426777,
    "annualized_return_pct": -94.0562288788727,
    "max_drawdown_pct": 52.202457481330676,
    "sharpe": -1.4044379880830753,
    "win_rate_pct": 30.508474576271187,
    "profit_factor": 0.5177396513550946
  },
  "win017_tr20180701-20230630_te20230701-20230930_va20231001-20231231": {
    "cumulative_return_pct": 18.99711347623232,
    "annualized_return_pct": 107.55000937906942,
    "max_drawdown_pct": 18.29103145020516,
    "sharpe": 1.8875829357543015,
    "win_rate_pct": 50.0,
    "profit_factor": 1.2158992786959222
  },
  "win018_tr20190101-20231231_te20240101-20240331_va20240401-20240630": {
    "cumulative_return_pct": -48.53748803269664,
    "annualized_return_pct": -93.85163630405309,
    "max_drawdown_pct": 45.77006892231334,
    "sharpe": -1.1560114552868692,
    "win_rate_pct": 37.93103448275862,
    "profit_factor": 0.536124983031068
  },
  "win019_tr20190701-20240630_te20240701-20240930_va20241001-20241231": {
    "cumulative_return_pct": 60.924351181455606,
    "annualized_return_pct": 589.5091021296322,
    "max_drawdown_pct": 23.061190689978577,
    "sharpe": 6.70141522409358,
    "win_rate_pct": 55.55555555555556,
    "profit_factor": 1.5382477822729275
  },
  "win020_tr20200101-20241231_te20250101-20250331_va20250401-20250630": {
    "cumulative_return_pct": -23.059965179230353,
    "annualized_return_pct": -66.31258515619923,
    "max_drawdown_pct": 30.999574810567243,
    "sharpe": -0.9849543215407405,
    "win_rate_pct": 40.35087719298245,
    "profit_factor": 0.7442870543088151
  },
  "win021_tr20200701-20250630_te20250701-20250930_va20251001-20251231": {
    "cumulative_return_pct": -10.230649828486971,
    "annualized_return_pct": -35.467553455731725,
    "max_drawdown_pct": 26.88943932323864,
    "sharpe": -0.6171872152615463,
    "win_rate_pct": 40.0,
    "profit_factor": 0.901892232572999
  }
}