{
  "win000_tr20100101-20141231_te20150101-20150331_va20150401-20150630": {
    "cumulative_return_pct": 54.149645677215716,
    "annualized_return_pct": 542.0962156944943,
    "max_drawdown_pct": 10.237458498201354,
    "sharpe": 8.548043186627549,
    "win_rate_pct": 57.89473684210527,
    "profit_factor": 1.7789998575373391
  },
  "win001_tr20100701-20150630_te20150701-20150930_va20151001-20151231": {
    "cumulative_return_pct": -70.31057953311345,
    "annualized_return_pct": -99.27616099552071,
    "max_drawdown_pct": 64.42753498012647,
    "sharpe": -0.6766957899208702,
    "win_rate_pct": 49.2063492063492,
    "profit_factor": 0.6022744477297216
  },
  "win002_tr20110101-20151231_te20160101-20160331_va20160401-20160630": {
    "cumulative_return_pct": -44.35123648333047,
    "annualized_return_pct": -91.46208062013866,
    "max_drawdown_pct": 46.100516995747014,
    "sharpe": -0.9253700884629916,
    "win_rate_pct": 44.06779661016949,
    "profit_factor": 0.6673147238844802
  },
  "win003_tr20110701-20160630_te20160701-20160930_va20161001-20161231": {
    "cumulative_return_pct": 24.91805726447613,
    "annualized_return_pct": 151.79643074560633,
    "max_drawdown_pct": 29.940159801520533,
    "sharpe": 2.0334770585888764,
    "win_rate_pct": 49.2063492063492,
    "profit_factor": 1.2716716005486164
  },
  "win004_tr20120101-20161231_te20170101-20170331_va20170401-20170630": {
    "cumulative_return_pct": -44.14277652625928,
    "annualized_return_pct": -91.32700061362243,
    "max_drawdown_pct": 44.84967078052245,
    "sharpe": -1.7928486626811442,
    "win_rate_pct": 50.847457627118644,
    "profit_factor": 0.4347009471425622
  },
  "win005_tr20120701-20170630_te20170701-20170930_va20171001-20171231": {
    "cumulative_return_pct": -52.3018802629882,
    "annualized_return_pct": -95.3698233869633,
    "max_drawdown_pct": 55.31055077552216,
    "sharpe": -1.3985503451998964,
    "win_rate_pct": 38.46153846153847,
    "profit_factor": 0.38289236105313756
  },
  "win006_tr20130101-20171231_te20180101-20180331_va20180401-20180630": {
    "cumulative_return_pct": -0.3030561225661659,
    "annualized_return_pct": -1.2661608915105038,
    "max_drawdown_pct": 42.24205152392286,
    "sharpe": -0.040497410417834,
    "win_rate_pct": 49.152542372881356,
    "profit_factor": 0.9972082186371389
  },
  "win007_tr20130701-20180630_te20180701-20180930_va20181001-20181231": {
    "cumulative_return_pct": -73.77720269631467,
    "annualized_return_pct": -99.61346606447415,
    "max_drawdown_pct": 73.82048055959216,
    "sharpe": -1.5333406249536812,
    "win_rate_pct": 35.9375,
    "profit_factor": 0.238545675292683
  },
  "win008_tr20140101-20181231_te20190101-20190331_va20190401-20190630": {
    "cumulative_return_pct": -22.139822195855192,
    "annualized_return_pct": -65.45331691203529,
    "max_drawdown_pct": 55.62889314889327,
    "sharpe": -0.6103034750124413,
    "win_rate_pct": 46.55172413793103,
    "profit_factor": 0.8809363600447415
  },
  "win009_tr20140701-20190630_te20190701-20190930_va20191001-20191231": {
    "cumulative_return_pct": -15.973032555722922,
    "annualized_return_pct": -50.65242107192258,
    "max_drawdown_pct": 41.65951979208695,
    "sharpe": -0.8492194669560307,
    "win_rate_pct": 50.0,
    "profit_factor": 0.808083126666121
  },
  "win010_tr20150101-20191231_te20200101-20200331_va20200401-20200630": {
    "cumulative_return_pct": -26.69340462764904,
    "annualized_return_pct": -72.03877671245168,
    "max_drawdown_pct": 54.72572612715045,
    "sharpe": -0.5752818344444781,
    "win_rate_pct": 43.103448275862064,
    "profit_factor": 0.8787777936490472
  },
  "win011_tr20150701-20200630_te20200701-20200930_va20201001-20201231": {
    "cumulative_return_pct": -7.704508458570414,
    "annualized_return_pct": -27.774457915895834,
    "max_drawdown_pct": 34.75408794351192,
    "sharpe": -0.3578878344859041,
    "win_rate_pct": 49.23076923076923,
    "profit_factor": 0.9388879141704619
  },
  "win012_tr20160101-20201231_te20210101-20210331_va20210401-20210630": {
    "cumulative_return_pct": 21.141619051934313,
    "annualized_return_pct": 125.81599794222669,
    "max_drawdown_pct": 29.278353917666568,
    "sharpe": 1.4390963834155985,
    "win_rate_pct": 53.44827586206896,
    "profit_factor": 1.1871993947653046
  },
  "win013_tr20160701-20210630_te20210701-20210930_va20211001-20211231": {
    "cumulative_return_pct": -60.50534042334842,
    "annualized_return_pct": -97.69527964392107,
    "max_drawdown_pct": 67.4056375934876,
    "sharpe": -0.9398497586958136,
    "win_rate_pct": 39.682539682539684,
    "profit_factor": 0.6099871488197933
  },
  "win014_tr20170101-20211231_te20220101-20220331_va20220401-20220630": {
    "cumulative_return_pct": -35.38000929549073,
    "annualized_return_pct": -84.34653283233841,
    "max_drawdown_pct": 44.1253914613554,
    "sharpe": -1.0168755044629734,
    "win_rate_pct": 46.55172413793103,
    "profit_factor": 0.7281750362472924
  },
  "win015_tr20170701-20220630_te20220701-20220930_va20221001-20221231": {
    "cumulative_return_pct": -11.928377960045822,
    "annualized_return_pct": -40.97472273325382,
    "max_drawdown_pct": 31.955933847031385,
    "sharpe": -0.5157534652681859,
    "win_rate_pct": 43.75,
    "profit_factor": 0.9110279212034601
  },
  "win016_tr20180101-20221231_te20230101-20230331_va20230401-20230630": {
    "cumulative_return_pct": -54.77130701563032,
    "annualized_return_pct": -96.42453054591034,
    "max_drawdown_pct": 57.562837667569625,
    "sharpe": -1.6555886429783762,
    "win_rate_pct": 32.20338983050847,
    "profit_factor": 0.44407296397318036
  },
  "win017_tr20180701-20230630_te20230701-20230930_va20231001-20231231": {
    "cumulative_return_pct": -0.04554159182024887,
    "annualized_return_pct": -0.19105696913944703,
    "max_drawdown_pct": 31.39987305712592,
    "sharpe": -0.04789385500155149,
    "win_rate_pct": 57.8125,
    "profit_factor": 0.999523710473315
  },
  "win018_tr20190101-20231231_te20240101-20240331_va20240401-20240630": {
    "cumulative_return_pct": -29.761516528827453,
    "annualized_return_pct": -77.30761959833849,
    "max_drawdown_pct": 34.59849565664011,
    "sharpe": -0.9906601106010148,
    "win_rate_pct": 46.55172413793103,
    "profit_factor": 0.7163748410591156
  },
  "win019_tr20190701-20240630_te20240701-20240930_va20241001-20241231": {
    "cumulative_return_pct": 1.7550015686717002,
    "annualized_return_pct": 7.3158362832297374,
    "max_drawdown_pct": 31.887234448637063,
    "sharpe": 0.05079222140950381,
    "win_rate_pct": 46.03174603174603,
    "profit_factor": 1.0176043744100687
  },
  "win020_tr20200101-20241231_te20250101-20250331_va20250401-20250630": {
    "cumulative_return_pct": -49.50178382899975,
    "annualized_return_pct": -94.13285311672895,
    "max_drawdown_pct": 50.75893670236871,
    "sharpe": -1.6389251957567916,
    "win_rate_pct": 33.33333333333333,
    "profit_factor": 0.4357766860542656
  },
  "win021_tr20200701-20250630_te20250701-20250930_va20251001-20251231": {
    "cumulative_return_pct": 1.943902305302676,
    "annualized_return_pct": 8.126651900003633,
    "max_drawdown_pct": 19.42810875914161,
    "sharpe": 0.06998921628974648,
    "win_rate_pct": 50.76923076923077,
    "profit_factor": 1.0186615505119998
  }
}