{
  "size": 5,
  "models": "DLinear,FiLM,FreTS,PatchTST,TimeMixer",
  "num_windows": 22,
  "mean_test_cumulative_return_pct": -10.726008616363421,
  "std_test_cumulative_return_pct": 32.58790254057194,
  "min_test_cumulative_return_pct": -56.059608279721914,
  "max_test_cumulative_return_pct": 79.64610810515752,
  "mean_test_annualized_return_pct": 33.35788922024463,
  "mean_test_max_drawdown_pct": 38.60777832418574,
  "mean_test_sharpe": 0.40433759695056354,
  "mean_test_win_rate_pct": 46.295800268320384,
  "mean_test_profit_factor": 0.919799417960667
}