{
  "win000_tr20100101-20141231_te20150101-20150331_va20150401-20150630": {
    "cumulative_return_pct": 22.883405448992363,
    "annualized_return_pct": 142.41400663577255,
    "max_drawdown_pct": 23.65561235284752,
    "sharpe": 2.226493015963285,
    "win_rate_pct": 52.63157894736842,
    "profit_factor": 1.3094417210301443
  },
  "win001_tr20100701-20150630_te20150701-20150930_va20151001-20151231": {
    "cumulative_return_pct": -21.937482580398676,
    "annualized_return_pct": -63.39874085671473,
    "max_drawdown_pct": 55.38463420449283,
    "sharpe": -0.5040249432504087,
    "win_rate_pct": 52.38095238095239,
    "profit_factor": 0.9062429141866272
  },
  "win002_tr20110101-20151231_te20160101-20160331_va20160401-20160630": {
    "cumulative_return_pct": -47.595734861880096,
    "annualized_return_pct": -93.36526289886426,
    "max_drawdown_pct": 45.24702379832479,
    "sharpe": -0.9569739513860359,
    "win_rate_pct": 45.76271186440678,
    "profit_factor": 0.6225535661026855
  },
  "win003_tr20110701-20160630_te20160701-20160930_va20161001-20161231": {
    "cumulative_return_pct": 29.534921934543224,
    "annualized_return_pct": 192.7314319562055,
    "max_drawdown_pct": 37.407027261926764,
    "sharpe": 2.680885462753741,
    "win_rate_pct": 55.55555555555556,
    "profit_factor": 1.309202163615316
  },
  "win004_tr20120101-20161231_te20170101-20170331_va20170401-20170630": {
    "cumulative_return_pct": 9.446391353916308,
    "annualized_return_pct": 46.075871923451615,
    "max_drawdown_pct": 33.885792758056894,
    "sharpe": 0.6668703964349395,
    "win_rate_pct": 52.54237288135594,
    "profit_factor": 1.1311941580960327
  },
  "win005_tr20120701-20170630_te20170701-20170930_va20171001-20171231": {
    "cumulative_return_pct": -14.894629242740443,
    "annualized_return_pct": -48.79862545155359,
    "max_drawdown_pct": 15.220961552437446,
    "sharpe": -0.9963640426171951,
    "win_rate_pct": 47.69230769230769,
    "profit_factor": 0.8019331268830451
  },
  "win006_tr20130101-20171231_te20180101-20180331_va20180401-20180630": {
    "cumulative_return_pct": -4.976631541163556,
    "annualized_return_pct": -19.290251516254152,
    "max_drawdown_pct": 43.979125193999415,
    "sharpe": -0.24387187058821985,
    "win_rate_pct": 44.06779661016949,
    "profit_factor": 0.9442061035246336
  },
  "win007_tr20130701-20180630_te20180701-20180930_va20181001-20181231": {
    "cumulative_return_pct": -56.059608279721914,
    "annualized_return_pct": -96.70631268325606,
    "max_drawdown_pct": 57.57606465861323,
    "sharpe": -1.6838815761999963,
    "win_rate_pct": 35.9375,
    "profit_factor": 0.41977698849267764
  },
  "win008_tr20140101-20181231_te20190101-20190331_va20190401-20190630": {
    "cumulative_return_pct": -41.89557614760153,
    "annualized_return_pct": -90.03276873825925,
    "max_drawdown_pct": 57.08918545925027,
    "sharpe": -0.9960465436579246,
    "win_rate_pct": 37.93103448275862,
    "profit_factor": 0.6507611034782721
  },
  "win009_tr20140701-20190630_te20190701-20190930_va20191001-20191231": {
    "cumulative_return_pct": -10.388540794095478,
    "annualized_return_pct": -35.92694903890816,
    "max_drawdown_pct": 53.61167808935055,
    "sharpe": -0.42075148040585214,
    "win_rate_pct": 53.125,
    "profit_factor": 0.9319515627314079
  },
  "win010_tr20150101-20191231_te20200101-20200331_va20200401-20200630": {
    "cumulative_return_pct": 16.429941913053465,
    "annualized_return_pct": 86.6916938914595,
    "max_drawdown_pct": 33.59986830011193,
    "sharpe": 0.8547556624744199,
    "win_rate_pct": 51.724137931034484,
    "profit_factor": 1.108737090831193
  },
  "win011_tr20150701-20200630_te20200701-20200930_va20201001-20201231": {
    "cumulative_return_pct": -17.58106197879949,
    "annualized_return_pct": -54.374290292183304,
    "max_drawdown_pct": 40.106555944412825,
    "sharpe": -0.8459138203308906,
    "win_rate_pct": 44.61538461538462,
    "profit_factor": 0.8552723139586982
  },
  "win012_tr20160101-20201231_te20210101-20210331_va20210401-20210630": {
    "cumulative_return_pct": -22.648277138455246,
    "annualized_return_pct": -66.40136159490328,
    "max_drawdown_pct": 41.48948737477024,
    "sharpe": -0.9274586735010916,
    "win_rate_pct": 48.275862068965516,
    "profit_factor": 0.7566955235573969
  },
  "win013_tr20160701-20210630_te20210701-20210930_va20211001-20211231": {
    "cumulative_return_pct": -35.80469623773958,
    "annualized_return_pct": -83.45053128498058,
    "max_drawdown_pct": 43.3922126382038,
    "sharpe": -0.9440936130683326,
    "win_rate_pct": 44.44444444444444,
    "profit_factor": 0.7387678326773196
  },
  "win014_tr20170101-20211231_te20220101-20220331_va20220401-20220630": {
    "cumulative_return_pct": -21.671703657214376,
    "annualized_return_pct": -64.56252509600762,
    "max_drawdown_pct": 47.38899479949253,
    "sharpe": -0.9010615475578841,
    "win_rate_pct": 46.55172413793103,
    "profit_factor": 0.7646842811248873
  },
  "win015_tr20170701-20220630_te20220701-20220930_va20221001-20221231": {
    "cumulative_return_pct": -25.231268372749387,
    "annualized_return_pct": -70.08656369540836,
    "max_drawdown_pct": 38.68740105928778,
    "sharpe": -0.8939070589224802,
    "win_rate_pct": 42.1875,
    "profit_factor": 0.7663323589757159
  },
  "win016_tr20180101-20221231_te20230101-20230331_va20230401-20230630": {
    "cumulative_return_pct": -49.635034280000625,
    "annualized_return_pct": -94.38365922791637,
    "max_drawdown_pct": 51.26718413801831,
    "sharpe": -1.3564491585918887,
    "win_rate_pct": 35.59322033898305,
    "profit_factor": 0.5315875445162168
  },
  "win017_tr20180701-20230630_te20230701-20230930_va20231001-20231231": {
    "cumulative_return_pct": 40.45011884863265,
    "annualized_return_pct": 316.23492515446594,
    "max_drawdown_pct": 16.524280393387052,
    "sharpe": 5.050214864816143,
    "win_rate_pct": 51.5625,
    "profit_factor": 1.4371272013571095
  },
  "win018_tr20190101-20231231_te20240101-20240331_va20240401-20240630": {
    "cumulative_return_pct": -47.21347974290461,
    "annualized_return_pct": -93.15969998112071,
    "max_drawdown_pct": 48.240869799205385,
    "sharpe": -1.0640551705728427,
    "win_rate_pct": 37.93103448275862,
    "profit_factor": 0.6121895303020208
  },
  "win019_tr20190701-20240630_te20240701-20240930_va20241001-20241231": {
    "cumulative_return_pct": 79.64610810515752,
    "annualized_return_pct": 977.7357544325386,
    "max_drawdown_pct": 19.410523288113893,
    "sharpe": 11.047480157114343,
    "win_rate_pct": 52.38095238095239,
    "profit_factor": 1.799309533937626
  },
  "win020_tr20200101-20241231_te20250101-20250331_va20250401-20250630": {
    "cumulative_return_pct": -0.8043256562574184,
    "annualized_return_pct": -3.296352784815515,
    "max_drawdown_pct": 22.297612122900322,
    "sharpe": -0.08185843226615967,
    "win_rate_pct": 45.614035087719294,
    "profit_factor": 0.9926122427989142
  },
  "win021_tr20200701-20250630_te20250701-20250930_va20251001-20251231": {
    "cumulative_return_pct": -16.02502665256832,
    "annualized_return_pct": -50.77622600736578,
    "max_drawdown_pct": 23.909027944882546,
    "sharpe": -0.8145605437272699,
    "win_rate_pct": 40.0,
    "profit_factor": 0.8450083329567355
  }
}