{
  "size": 5,
  "models": "FiLM,FreTS,TimeMixer,WPMixer,iTransformer",
  "num_windows": 22,
  "mean_test_cumulative_return_pct": -7.714043431104727,
  "std_test_cumulative_return_pct": 37.50660268029812,
  "min_test_cumulative_return_pct": -60.40840652215618,
  "max_test_cumulative_return_pct": 89.69773178232346,
  "mean_test_annualized_return_pct": 85.23180983970062,
  "mean_test_max_drawdown_pct": 34.877175631752046,
  "mean_test_sharpe": 1.083453536382754,
  "mean_test_win_rate_pct": 46.94898903645904,
  "mean_test_profit_factor": 0.977008517504074
}