{
  "size": 3,
  "models": "FiLM,LightTS,PatchTST",
  "num_windows": 22,
  "mean_test_cumulative_return_pct": -17.376231605311663,
  "std_test_cumulative_return_pct": 27.32342666472228,
  "min_test_cumulative_return_pct": -81.91892479872953,
  "max_test_cumulative_return_pct": 37.38625972120552,
  "mean_test_annualized_return_pct": -20.981835880097965,
  "mean_test_max_drawdown_pct": 43.1260232414869,
  "mean_test_sharpe": -0.3749039774384139,
  "mean_test_win_rate_pct": 45.31830197380027,
  "mean_test_profit_factor": 0.8220427379198174
}