{
  "win000_tr20100101-20141231_te20150101-20150331_va20150401-20150630": {
    "cumulative_return_pct": -36.935463390911956,
    "annualized_return_pct": -86.20679263269685,
    "max_drawdown_pct": 42.064313514785006,
    "sharpe": -1.3390610328753358,
    "win_rate_pct": 40.35087719298245,
    "profit_factor": 0.6163987983110273
  },
  "win001_tr20100701-20150630_te20150701-20150930_va20151001-20151231": {
    "cumulative_return_pct": -9.958908877479402,
    "annualized_return_pct": -34.671095783238414,
    "max_drawdown_pct": 41.60118762206885,
    "sharpe": -0.2377602254739167,
    "win_rate_pct": 47.61904761904761,
    "profit_factor": 0.9561856203574333
  },
  "win002_tr20110101-20151231_te20160101-20160331_va20160401-20160630": {
    "cumulative_return_pct": -72.57057827952661,
    "annualized_return_pct": -99.5619955436289,
    "max_drawdown_pct": 76.10007141674967,
    "sharpe": -1.0751915826870937,
    "win_rate_pct": 42.3728813559322,
    "profit_factor": 0.2771728079961341
  },
  "win003_tr20110701-20160630_te20160701-20160930_va20161001-20161231": {
    "cumulative_return_pct": -14.079293454283873,
    "annualized_return_pct": -46.7317302629833,
    "max_drawdown_pct": 39.66207995361425,
    "sharpe": -0.6972985004467308,
    "win_rate_pct": 47.61904761904761,
    "profit_factor": 0.854812509387927
  },
  "win004_tr20120101-20161231_te20170101-20170331_va20170401-20170630": {
    "cumulative_return_pct": -54.27452570405735,
    "annualized_return_pct": -96.25673603239314,
    "max_drawdown_pct": 57.370174662021626,
    "sharpe": -1.3328200637539287,
    "win_rate_pct": 42.3728813559322,
    "profit_factor": 0.38894575930510883
  },
  "win005_tr20120701-20170630_te20170701-20170930_va20171001-20171231": {
    "cumulative_return_pct": -34.33166980084761,
    "annualized_return_pct": -82.54485286051528,
    "max_drawdown_pct": 44.43064305704065,
    "sharpe": -1.1773999560101587,
    "win_rate_pct": 46.15384615384615,
    "profit_factor": 0.629106658607566
  },
  "win006_tr20130101-20171231_te20180101-20180331_va20180401-20180630": {
    "cumulative_return_pct": -6.44967878877282,
    "annualized_return_pct": -24.414217997538312,
    "max_drawdown_pct": 51.4355884412675,
    "sharpe": -0.27846874373019104,
    "win_rate_pct": 44.06779661016949,
    "profit_factor": 0.9391311720933723
  },
  "win007_tr20130701-20180630_te20180701-20180930_va20181001-20181231": {
    "cumulative_return_pct": -67.67910767919344,
    "annualized_return_pct": -99.07938686263202,
    "max_drawdown_pct": 77.4092097389769,
    "sharpe": -1.1571710955586942,
    "win_rate_pct": 39.0625,
    "profit_factor": 0.5042397181966107
  },
  "win008_tr20140101-20181231_te20190101-20190331_va20190401-20190630": {
    "cumulative_return_pct": -5.706531915900786,
    "annualized_return_pct": -22.085009749344053,
    "max_drawdown_pct": 38.903597292971405,
    "sharpe": -0.24832826153732762,
    "win_rate_pct": 50.0,
    "profit_factor": 0.9574207346820587
  },
  "win009_tr20140701-20190630_te20190701-20190930_va20191001-20191231": {
    "cumulative_return_pct": -47.04428898613886,
    "annualized_return_pct": -92.42214785083024,
    "max_drawdown_pct": 47.08201193364353,
    "sharpe": -1.2923058545669457,
    "win_rate_pct": 39.0625,
    "profit_factor": 0.5642048761826868
  },
  "win010_tr20150101-20191231_te20200101-20200331_va20200401-20200630": {
    "cumulative_return_pct": -14.729954776208185,
    "annualized_return_pct": -48.001181724934426,
    "max_drawdown_pct": 72.63351754821917,
    "sharpe": -0.39498733425645705,
    "win_rate_pct": 46.55172413793103,
    "profit_factor": 0.9598104800711613
  },
  "win011_tr20150701-20200630_te20200701-20200930_va20201001-20201231": {
    "cumulative_return_pct": 12.798407891541485,
    "annualized_return_pct": 63.02825712779945,
    "max_drawdown_pct": 41.692132556186344,
    "sharpe": 0.8001936564383642,
    "win_rate_pct": 47.69230769230769,
    "profit_factor": 1.084277284612402
  },
  "win012_tr20160101-20201231_te20210101-20210331_va20210401-20210630": {
    "cumulative_return_pct": 30.776668591177604,
    "annualized_return_pct": 212.54668463396595,
    "max_drawdown_pct": 26.935710206444092,
    "sharpe": 2.0429470822373057,
    "win_rate_pct": 46.55172413793103,
    "profit_factor": 1.2291422073194456
  },
  "win013_tr20160701-20210630_te20210701-20210930_va20211001-20211231": {
    "cumulative_return_pct": -24.917737625278814,
    "annualized_return_pct": -68.74718940841302,
    "max_drawdown_pct": 47.67850237805467,
    "sharpe": -0.6084558989093609,
    "win_rate_pct": 47.61904761904761,
    "profit_factor": 0.8706766324191684
  },
  "win014_tr20170101-20211231_te20220101-20220331_va20220401-20220630": {
    "cumulative_return_pct": -60.04964655690992,
    "annualized_return_pct": -97.96941567039977,
    "max_drawdown_pct": 62.154711624888556,
    "sharpe": -1.115818390389738,
    "win_rate_pct": 36.206896551724135,
    "profit_factor": 0.4958821465537572
  },
  "win015_tr20170701-20220630_te20220701-20220930_va20221001-20221231": {
    "cumulative_return_pct": -5.4379163128105,
    "annualized_return_pct": -20.7111915442178,
    "max_drawdown_pct": 36.3389515451072,
    "sharpe": -0.2728107932931699,
    "win_rate_pct": 48.4375,
    "profit_factor": 0.9524064257671951
  },
  "win016_tr20180101-20221231_te20230101-20230331_va20230401-20230630": {
    "cumulative_return_pct": -27.670133336486053,
    "annualized_return_pct": -74.33290330928848,
    "max_drawdown_pct": 42.189597769601036,
    "sharpe": -1.1137382667569555,
    "win_rate_pct": 35.59322033898305,
    "profit_factor": 0.6790138859718705
  },
  "win017_tr20180701-20230630_te20230701-20230930_va20231001-20231231": {
    "cumulative_return_pct": 2.2624703771178027,
    "annualized_return_pct": 9.847865714162229,
    "max_drawdown_pct": 27.50458043301332,
    "sharpe": 0.10020117737939528,
    "win_rate_pct": 53.125,
    "profit_factor": 1.02171548556944
  },
  "win018_tr20190101-20231231_te20240101-20240331_va20240401-20240630": {
    "cumulative_return_pct": -54.80605545394742,
    "annualized_return_pct": -96.4360489338108,
    "max_drawdown_pct": 59.13753482361942,
    "sharpe": -1.2026801157729712,
    "win_rate_pct": 46.55172413793103,
    "profit_factor": 0.5083107351133298
  },
  "win019_tr20190701-20240630_te20240701-20240930_va20241001-20241231": {
    "cumulative_return_pct": 6.388728614135343,
    "annualized_return_pct": 28.573476468609215,
    "max_drawdown_pct": 48.35159653303048,
    "sharpe": 0.2848774023287449,
    "win_rate_pct": 50.79365079365079,
    "profit_factor": 1.045379965290045
  },
  "win020_tr20200101-20241231_te20250101-20250331_va20250401-20250630": {
    "cumulative_return_pct": -42.179553593593475,
    "annualized_return_pct": -89.70792845733502,
    "max_drawdown_pct": 47.529218084978304,
    "sharpe": -1.6989463411568972,
    "win_rate_pct": 33.33333333333333,
    "profit_factor": 0.4858519578962466
  },
  "win021_tr20200701-20250630_te20250701-20250930_va20251001-20251231": {
    "cumulative_return_pct": 23.44732715680294,
    "annualized_return_pct": 135.10572065704207,
    "max_drawdown_pct": 34.65607227907913,
    "sharpe": 1.8432203534049698,
    "win_rate_pct": 53.84615384615385,
    "profit_factor": 1.168316578349751
  }
}