{
  "win000_tr20100101-20141231_te20150101-20150331_va20150401-20150630": {
    "cumulative_return_pct": 49.08360460650828,
    "annualized_return_pct": 456.2095183087068,
    "max_drawdown_pct": 14.859059138122488,
    "sharpe": 7.390614155812278,
    "win_rate_pct": 56.14035087719298,
    "profit_factor": 1.7307106614423686
  },
  "win001_tr20100701-20150630_te20150701-20150930_va20151001-20151231": {
    "cumulative_return_pct": -58.97805699213598,
    "annualized_return_pct": -97.31161877191784,
    "max_drawdown_pct": 81.53294336757226,
    "sharpe": -0.6828883415372919,
    "win_rate_pct": 50.79365079365079,
    "profit_factor": 0.8200887742653628
  },
  "win002_tr20110101-20151231_te20160101-20160331_va20160401-20160630": {
    "cumulative_return_pct": -34.398224330323806,
    "annualized_return_pct": -82.96425382121713,
    "max_drawdown_pct": 32.36099500435745,
    "sharpe": -0.9369963835284536,
    "win_rate_pct": 47.45762711864407,
    "profit_factor": 0.6911425336659901
  },
  "win003_tr20110701-20160630_te20160701-20160930_va20161001-20161231": {
    "cumulative_return_pct": -37.49519872694892,
    "annualized_return_pct": -85.77918248777445,
    "max_drawdown_pct": 53.89346585454709,
    "sharpe": -1.0754784814655385,
    "win_rate_pct": 44.44444444444444,
    "profit_factor": 0.6454185799775276
  },
  "win004_tr20120101-20161231_te20170101-20170331_va20170401-20170630": {
    "cumulative_return_pct": 4.7723969409137155,
    "annualized_return_pct": 21.619156240212845,
    "max_drawdown_pct": 21.946683139844183,
    "sharpe": 0.36312305366222386,
    "win_rate_pct": 54.23728813559322,
    "profit_factor": 1.0587434008949184
  },
  "win005_tr20120701-20170630_te20170701-20170930_va20171001-20171231": {
    "cumulative_return_pct": -40.44030429370337,
    "annualized_return_pct": -88.36075302549172,
    "max_drawdown_pct": 47.01914835324425,
    "sharpe": -1.6625391215757455,
    "win_rate_pct": 50.76923076923077,
    "profit_factor": 0.4690166819191445
  },
  "win006_tr20130101-20171231_te20180101-20180331_va20180401-20180630": {
    "cumulative_return_pct": -37.007523734159,
    "annualized_return_pct": -85.6332506703347,
    "max_drawdown_pct": 53.99448300741631,
    "sharpe": -1.0839290309260892,
    "win_rate_pct": 42.3728813559322,
    "profit_factor": 0.6706825119693958
  },
  "win007_tr20130701-20180630_te20180701-20180930_va20181001-20181231": {
    "cumulative_return_pct": -67.14442929582599,
    "annualized_return_pct": -99.01450877944663,
    "max_drawdown_pct": 66.36205695232401,
    "sharpe": -1.6837353629488374,
    "win_rate_pct": 28.125,
    "profit_factor": 0.2740628743771984
  },
  "win008_tr20140101-20181231_te20190101-20190331_va20190401-20190630": {
    "cumulative_return_pct": 20.728853830708378,
    "annualized_return_pct": 122.56622350470812,
    "max_drawdown_pct": 43.62475525721063,
    "sharpe": 1.107162686799244,
    "win_rate_pct": 50.0,
    "profit_factor": 1.1174321571357126
  },
  "win009_tr20140701-20190630_te20190701-20190930_va20191001-20191231": {
    "cumulative_return_pct": 49.533804388166594,
    "annualized_return_pct": 411.859373942528,
    "max_drawdown_pct": 26.193071699579722,
    "sharpe": 4.322511342105512,
    "win_rate_pct": 53.125,
    "profit_factor": 1.3737575017510353
  },
  "win010_tr20150101-20191231_te20200101-20200331_va20200401-20200630": {
    "cumulative_return_pct": -32.968717617865636,
    "annualized_return_pct": -80.63334185576649,
    "max_drawdown_pct": 42.10969810324152,
    "sharpe": -0.7787948764919878,
    "win_rate_pct": 37.93103448275862,
    "profit_factor": 0.7837638352469878
  },
  "win011_tr20150701-20200630_te20200701-20200930_va20201001-20201231": {
    "cumulative_return_pct": -42.94821379676784,
    "annualized_return_pct": -89.74680169842273,
    "max_drawdown_pct": 53.29563941396219,
    "sharpe": -1.5115991049983382,
    "win_rate_pct": 49.23076923076923,
    "profit_factor": 0.6029106424684281
  },
  "win012_tr20160101-20201231_te20210101-20210331_va20210401-20210630": {
    "cumulative_return_pct": -1.3759951521548444,
    "annualized_return_pct": -5.714765174356595,
    "max_drawdown_pct": 29.415862890303124,
    "sharpe": -0.08672317440416512,
    "win_rate_pct": 51.724137931034484,
    "profit_factor": 0.9893342073294072
  },
  "win013_tr20160701-20210630_te20210701-20210930_va20211001-20211231": {
    "cumulative_return_pct": -31.40739030683754,
    "annualized_return_pct": -78.34496866233418,
    "max_drawdown_pct": 50.10300527262308,
    "sharpe": -0.792529632502316,
    "win_rate_pct": 46.03174603174603,
    "profit_factor": 0.7953081783188884
  },
  "win014_tr20170101-20211231_te20220101-20220331_va20220401-20220630": {
    "cumulative_return_pct": -25.02873117235992,
    "annualized_return_pct": -70.57836272794434,
    "max_drawdown_pct": 38.818583668475384,
    "sharpe": -0.928390717958993,
    "win_rate_pct": 44.827586206896555,
    "profit_factor": 0.7569416250127015
  },
  "win015_tr20170701-20220630_te20220701-20220930_va20221001-20221231": {
    "cumulative_return_pct": -51.96392088464727,
    "annualized_return_pct": -95.23212994024898,
    "max_drawdown_pct": 60.46321848854047,
    "sharpe": -1.1743553184307025,
    "win_rate_pct": 43.75,
    "profit_factor": 0.6002888943400903
  },
  "win016_tr20180101-20221231_te20230101-20230331_va20230401-20230630": {
    "cumulative_return_pct": -22.159471290015915,
    "annualized_return_pct": -65.0657165231537,
    "max_drawdown_pct": 32.79946742633012,
    "sharpe": -0.9320731339151284,
    "win_rate_pct": 30.508474576271187,
    "profit_factor": 0.7859703962947499
  },
  "win017_tr20180701-20230630_te20230701-20230930_va20231001-20231231": {
    "cumulative_return_pct": -22.546065590185393,
    "annualized_return_pct": -65.7883567498518,
    "max_drawdown_pct": 27.144271272497743,
    "sharpe": -0.998093014340579,
    "win_rate_pct": 51.5625,
    "profit_factor": 0.7679371613644914
  },
  "win018_tr20190101-20231231_te20240101-20240331_va20240401-20240630": {
    "cumulative_return_pct": -42.62418992284535,
    "annualized_return_pct": -90.29317785976497,
    "max_drawdown_pct": 46.479284641017735,
    "sharpe": -1.1235636728517706,
    "win_rate_pct": 44.827586206896555,
    "profit_factor": 0.6184333219419184
  },
  "win019_tr20190701-20240630_te20240701-20240930_va20241001-20241231": {
    "cumulative_return_pct": 151.06016011995524,
    "annualized_return_pct": 4092.09945661976,
    "max_drawdown_pct": 23.365850424372013,
    "sharpe": 40.889675212163176,
    "win_rate_pct": 53.96825396825397,
    "profit_factor": 2.1613518923542903
  },
  "win020_tr20200101-20241231_te20250101-20250331_va20250401-20250630": {
    "cumulative_return_pct": -27.742764733343,
    "annualized_return_pct": -74.0416321961864,
    "max_drawdown_pct": 31.858646040378453,
    "sharpe": -1.3059707986972537,
    "win_rate_pct": 42.10526315789473,
    "profit_factor": 0.683928246103049
  },
  "win021_tr20200701-20250630_te20250701-20250930_va20251001-20251231": {
    "cumulative_return_pct": -43.00772412334026,
    "annualized_return_pct": -89.79013655621773,
    "max_drawdown_pct": 43.03287947168491,
    "sharpe": -1.5080359743784564,
    "win_rate_pct": 32.30769230769231,
    "profit_factor": 0.5149665351662579
  }
}