{
  "win000_tr20100101-20141231_te20150101-20150331_va20150401-20150630": {
    "cumulative_return_pct": 42.524917091117445,
    "annualized_return_pct": 358.4350423366007,
    "max_drawdown_pct": 9.722907689469851,
    "sharpe": 6.511238044932818,
    "win_rate_pct": 57.89473684210527,
    "profit_factor": 1.6258859217837107
  },
  "win001_tr20100701-20150630_te20150701-20150930_va20151001-20151231": {
    "cumulative_return_pct": -40.75188082130665,
    "annualized_return_pct": -88.04808150066337,
    "max_drawdown_pct": 60.21485809203505,
    "sharpe": -0.6408491041807792,
    "win_rate_pct": 50.79365079365079,
    "profit_factor": 0.8197588413321379
  },
  "win002_tr20110101-20151231_te20160101-20160331_va20160401-20160630": {
    "cumulative_return_pct": -60.810665280913646,
    "annualized_return_pct": -98.04112566329327,
    "max_drawdown_pct": 60.51259424952815,
    "sharpe": -1.3327422188960452,
    "win_rate_pct": 42.3728813559322,
    "profit_factor": 0.44754787483276237
  },
  "win003_tr20110701-20160630_te20160701-20160930_va20161001-20161231": {
    "cumulative_return_pct": -17.62081701317312,
    "annualized_return_pct": -55.27043106665099,
    "max_drawdown_pct": 35.923462095280705,
    "sharpe": -0.8345520937939697,
    "win_rate_pct": 52.38095238095239,
    "profit_factor": 0.8258897134973603
  },
  "win004_tr20120101-20161231_te20170101-20170331_va20170401-20170630": {
    "cumulative_return_pct": 4.268515176199842,
    "annualized_return_pct": 19.182391442247273,
    "max_drawdown_pct": 24.893000076044817,
    "sharpe": 0.2921877945801854,
    "win_rate_pct": 50.847457627118644,
    "profit_factor": 1.0576474489932806
  },
  "win005_tr20120701-20170630_te20170701-20170930_va20171001-20171231": {
    "cumulative_return_pct": 0.4431225696833921,
    "annualized_return_pct": 1.852089769406584,
    "max_drawdown_pct": 22.699286463534744,
    "sharpe": -0.01824140580463246,
    "win_rate_pct": 46.15384615384615,
    "profit_factor": 1.0050997341356
  },
  "win006_tr20130101-20171231_te20180101-20180331_va20180401-20180630": {
    "cumulative_return_pct": -31.796711049364294,
    "annualized_return_pct": -79.94286589281401,
    "max_drawdown_pct": 49.35836984296888,
    "sharpe": -0.9575745079584225,
    "win_rate_pct": 37.28813559322034,
    "profit_factor": 0.7011660033932198
  },
  "win007_tr20130701-20180630_te20180701-20180930_va20181001-20181231": {
    "cumulative_return_pct": -52.437523477088924,
    "annualized_return_pct": -95.42423053891716,
    "max_drawdown_pct": 51.30494335680934,
    "sharpe": -1.807913288982407,
    "win_rate_pct": 37.5,
    "profit_factor": 0.41142500579283486
  },
  "win008_tr20140101-20181231_te20190101-20190331_va20190401-20190630": {
    "cumulative_return_pct": -21.54569757536717,
    "annualized_return_pct": -64.31977381063186,
    "max_drawdown_pct": 60.91401976098587,
    "sharpe": -0.5750521064654878,
    "win_rate_pct": 41.37931034482759,
    "profit_factor": 0.8726985431961141
  },
  "win009_tr20140701-20190630_te20190701-20190930_va20191001-20191231": {
    "cumulative_return_pct": -49.01479112973927,
    "annualized_return_pct": -93.50302708279807,
    "max_drawdown_pct": 49.677860242863595,
    "sharpe": -1.236601417781169,
    "win_rate_pct": 42.1875,
    "profit_factor": 0.5565401071845401
  },
  "win010_tr20150101-20191231_te20200101-20200331_va20200401-20200630": {
    "cumulative_return_pct": -35.89279043170767,
    "annualized_return_pct": -83.87280540148319,
    "max_drawdown_pct": 46.20227201541728,
    "sharpe": -0.8479518021277129,
    "win_rate_pct": 36.206896551724135,
    "profit_factor": 0.7708773216840885
  },
  "win011_tr20150701-20200630_te20200701-20200930_va20201001-20201231": {
    "cumulative_return_pct": -19.34645721728455,
    "annualized_return_pct": -58.21245759895466,
    "max_drawdown_pct": 34.18306259708198,
    "sharpe": -0.9202630199969016,
    "win_rate_pct": 46.15384615384615,
    "profit_factor": 0.8325269038867867
  },
  "win012_tr20160101-20201231_te20210101-20210331_va20210401-20210630": {
    "cumulative_return_pct": -48.172854133978696,
    "annualized_return_pct": -93.86664263876138,
    "max_drawdown_pct": 64.94627854299078,
    "sharpe": -0.9786233177554201,
    "win_rate_pct": 36.206896551724135,
    "profit_factor": 0.6581509088355243
  },
  "win013_tr20160701-20210630_te20210701-20210930_va20211001-20211231": {
    "cumulative_return_pct": -18.11748483942731,
    "annualized_return_pct": -55.56748982772075,
    "max_drawdown_pct": 35.97085191451237,
    "sharpe": -0.6228967731650721,
    "win_rate_pct": 50.79365079365079,
    "profit_factor": 0.8716661466890043
  },
  "win014_tr20170101-20211231_te20220101-20220331_va20220401-20220630": {
    "cumulative_return_pct": -48.965653403042744,
    "annualized_return_pct": -94.25532966024406,
    "max_drawdown_pct": 53.473354050607924,
    "sharpe": -1.1947416502601502,
    "win_rate_pct": 48.275862068965516,
    "profit_factor": 0.5306209520918986
  },
  "win015_tr20170701-20220630_te20220701-20220930_va20221001-20221231": {
    "cumulative_return_pct": -23.845114103425363,
    "annualized_return_pct": -67.71665438136168,
    "max_drawdown_pct": 43.320080630425686,
    "sharpe": -0.9132405359961624,
    "win_rate_pct": 42.1875,
    "profit_factor": 0.7386314474595981
  },
  "win016_tr20180101-20221231_te20230101-20230331_va20230401-20230630": {
    "cumulative_return_pct": -5.148993713063316,
    "annualized_return_pct": -19.903093638059932,
    "max_drawdown_pct": 28.240339908436585,
    "sharpe": -0.3144487905736853,
    "win_rate_pct": 47.45762711864407,
    "profit_factor": 0.9488719065970087
  },
  "win017_tr20180701-20230630_te20230701-20230930_va20231001-20231231": {
    "cumulative_return_pct": -1.1621099077125312,
    "annualized_return_pct": -4.788959933210757,
    "max_drawdown_pct": 23.25441871504844,
    "sharpe": -0.17794576584055777,
    "win_rate_pct": 51.5625,
    "profit_factor": 0.9841416441216291
  },
  "win018_tr20190101-20231231_te20240101-20240331_va20240401-20240630": {
    "cumulative_return_pct": -59.45592608359311,
    "annualized_return_pct": -97.74071507691023,
    "max_drawdown_pct": 60.799167565881376,
    "sharpe": -1.4232750614647314,
    "win_rate_pct": 44.827586206896555,
    "profit_factor": 0.3686156546240438
  },
  "win019_tr20190701-20240630_te20240701-20240930_va20241001-20241231": {
    "cumulative_return_pct": 91.4883935160655,
    "annualized_return_pct": 1296.4588174946527,
    "max_drawdown_pct": 21.82606453976427,
    "sharpe": 11.157461011950083,
    "win_rate_pct": 52.38095238095239,
    "profit_factor": 1.6914340294344141
  },
  "win020_tr20200101-20241231_te20250101-20250331_va20250401-20250630": {
    "cumulative_return_pct": -23.66813550060694,
    "annualized_return_pct": -67.40411935046318,
    "max_drawdown_pct": 24.105118784334078,
    "sharpe": -1.098136432442221,
    "win_rate_pct": 43.859649122807014,
    "profit_factor": 0.718443279196017
  },
  "win021_tr20200701-20250630_te20250701-20250930_va20251001-20251231": {
    "cumulative_return_pct": -34.146874863424664,
    "annualized_return_pct": -81.64634706439863,
    "max_drawdown_pct": 43.10292321465697,
    "sharpe": -1.5527163790652083,
    "win_rate_pct": 41.53846153846154,
    "profit_factor": 0.6538588503265849
  }
}