{
  "win000_tr20100101-20141231_te20150101-20150331_va20150401-20150630": {
    "cumulative_return_pct": 5.247210071175801,
    "annualized_return_pct": 24.57767499575889,
    "max_drawdown_pct": 13.391414297490506,
    "sharpe": 0.4421811411031787,
    "win_rate_pct": 47.368421052631575,
    "profit_factor": 1.0801360187840565
  },
  "win001_tr20100701-20150630_te20150701-20150930_va20151001-20151231": {
    "cumulative_return_pct": -53.02523554343742,
    "annualized_return_pct": -95.34073713075139,
    "max_drawdown_pct": 76.37131784957509,
    "sharpe": -0.6851360567119067,
    "win_rate_pct": 49.2063492063492,
    "profit_factor": 0.8243844419517159
  },
  "win002_tr20110101-20151231_te20160101-20160331_va20160401-20160630": {
    "cumulative_return_pct": -44.2668660440918,
    "annualized_return_pct": -91.40760393801813,
    "max_drawdown_pct": 45.88563392700978,
    "sharpe": -1.1130829382775091,
    "win_rate_pct": 49.152542372881356,
    "profit_factor": 0.6009107105994289
  },
  "win003_tr20110701-20160630_te20160701-20160930_va20161001-20161231": {
    "cumulative_return_pct": -6.491568703736156,
    "annualized_return_pct": -24.314246519704707,
    "max_drawdown_pct": 31.643899075562583,
    "sharpe": -0.36763743162094425,
    "win_rate_pct": 49.2063492063492,
    "profit_factor": 0.9408988677935645
  },
  "win004_tr20120101-20161231_te20170101-20170331_va20170401-20170630": {
    "cumulative_return_pct": 6.202192483588495,
    "annualized_return_pct": 28.740611960323157,
    "max_drawdown_pct": 11.510419176527781,
    "sharpe": 0.5702850041238563,
    "win_rate_pct": 54.23728813559322,
    "profit_factor": 1.1024463883631623
  },
  "win005_tr20120701-20170630_te20170701-20170930_va20171001-20171231": {
    "cumulative_return_pct": -3.121455682944064,
    "annualized_return_pct": -12.332881198426914,
    "max_drawdown_pct": 16.756037371393585,
    "sharpe": -0.3208479409077546,
    "win_rate_pct": 44.61538461538462,
    "profit_factor": 0.9498198634531063
  },
  "win006_tr20130101-20171231_te20180101-20180331_va20180401-20180630": {
    "cumulative_return_pct": -0.9378250838344451,
    "annualized_return_pct": -3.8786056722540763,
    "max_drawdown_pct": 32.816894495250686,
    "sharpe": -0.09027706093522019,
    "win_rate_pct": 47.45762711864407,
    "profit_factor": 0.9887605344382122
  },
  "win007_tr20130701-20180630_te20180701-20180930_va20181001-20181231": {
    "cumulative_return_pct": -33.72510802791555,
    "annualized_return_pct": -81.86586009175335,
    "max_drawdown_pct": 44.802761739756946,
    "sharpe": -1.3321360625736451,
    "win_rate_pct": 43.75,
    "profit_factor": 0.6919585858228768
  },
  "win008_tr20140101-20181231_te20190101-20190331_va20190401-20190630": {
    "cumulative_return_pct": 34.23990320611273,
    "annualized_return_pct": 249.24096535292807,
    "max_drawdown_pct": 36.333815735198264,
    "sharpe": 2.7656288666509727,
    "win_rate_pct": 50.0,
    "profit_factor": 1.3388192776993693
  },
  "win009_tr20140701-20190630_te20190701-20190930_va20191001-20191231": {
    "cumulative_return_pct": 24.1498239123998,
    "annualized_return_pct": 140.58282559134184,
    "max_drawdown_pct": 24.666727055196578,
    "sharpe": 2.3258035780470356,
    "win_rate_pct": 50.0,
    "profit_factor": 1.2811867400662147
  },
  "win010_tr20150101-20191231_te20200101-20200331_va20200401-20200630": {
    "cumulative_return_pct": -47.69444171265732,
    "annualized_return_pct": -93.00255783578571,
    "max_drawdown_pct": 64.49814196016041,
    "sharpe": -1.015742992779657,
    "win_rate_pct": 43.103448275862064,
    "profit_factor": 0.6878913861061869
  },
  "win011_tr20150701-20200630_te20200701-20200930_va20201001-20201231": {
    "cumulative_return_pct": -41.0918250344201,
    "annualized_return_pct": -88.32395266220468,
    "max_drawdown_pct": 49.0743951819596,
    "sharpe": -1.2543832515280176,
    "win_rate_pct": 44.61538461538462,
    "profit_factor": 0.656795716410224
  },
  "win012_tr20160101-20201231_te20210101-20210331_va20210401-20210630": {
    "cumulative_return_pct": -25.127007731736896,
    "annualized_return_pct": -70.7418143880335,
    "max_drawdown_pct": 53.11065907948831,
    "sharpe": -0.7848044844758578,
    "win_rate_pct": 46.55172413793103,
    "profit_factor": 0.7578335502091719
  },
  "win013_tr20160701-20210630_te20210701-20210930_va20211001-20211231": {
    "cumulative_return_pct": -46.02499158735513,
    "annualized_return_pct": -91.81254768939048,
    "max_drawdown_pct": 62.02684334951534,
    "sharpe": -0.9637506928562117,
    "win_rate_pct": 39.682539682539684,
    "profit_factor": 0.6423454784070288
  },
  "win014_tr20170101-20211231_te20220101-20220331_va20220401-20220630": {
    "cumulative_return_pct": 1.5758555735690054,
    "annualized_return_pct": 6.8660700687590115,
    "max_drawdown_pct": 30.119422522456667,
    "sharpe": 0.05492500030516248,
    "win_rate_pct": 48.275862068965516,
    "profit_factor": 1.0162667972863602
  },
  "win015_tr20170701-20220630_te20220701-20220930_va20221001-20221231": {
    "cumulative_return_pct": 3.681766475053981,
    "annualized_return_pct": 16.19135903409252,
    "max_drawdown_pct": 27.41600218933515,
    "sharpe": 0.19389372516932377,
    "win_rate_pct": 43.75,
    "profit_factor": 1.0281458077940069
  },
  "win016_tr20180101-20221231_te20230101-20230331_va20230401-20230630": {
    "cumulative_return_pct": -32.761237916419475,
    "annualized_return_pct": -81.10704083757402,
    "max_drawdown_pct": 38.250695775292584,
    "sharpe": -1.467832786358178,
    "win_rate_pct": 32.20338983050847,
    "profit_factor": 0.6165575153913075
  },
  "win017_tr20180701-20230630_te20230701-20230930_va20231001-20231231": {
    "cumulative_return_pct": -10.909084981691732,
    "annualized_return_pct": -38.42749031727875,
    "max_drawdown_pct": 22.734887292277094,
    "sharpe": -0.8615878446495927,
    "win_rate_pct": 39.0625,
    "profit_factor": 0.863740749457416
  },
  "win018_tr20190101-20231231_te20240101-20240331_va20240401-20240630": {
    "cumulative_return_pct": 15.4009944866725,
    "annualized_return_pct": 82.46217950579076,
    "max_drawdown_pct": 43.378899488251825,
    "sharpe": 1.0317022079440878,
    "win_rate_pct": 48.275862068965516,
    "profit_factor": 1.1604926792577586
  },
  "win019_tr20190701-20240630_te20240701-20240930_va20241001-20241231": {
    "cumulative_return_pct": 178.97172567641772,
    "annualized_return_pct": 6330.307872096505,
    "max_drawdown_pct": 19.690166334350234,
    "sharpe": 67.56389122715396,
    "win_rate_pct": 61.904761904761905,
    "profit_factor": 2.5686797973396955
  },
  "win020_tr20200101-20241231_te20250101-20250331_va20250401-20250630": {
    "cumulative_return_pct": 26.16928648315747,
    "annualized_return_pct": 162.43091532371997,
    "max_drawdown_pct": 13.67795692953745,
    "sharpe": 1.7178085526040332,
    "win_rate_pct": 43.859649122807014,
    "profit_factor": 1.2583611672370012
  },
  "win021_tr20200701-20250630_te20250701-20250930_va20251001-20251231": {
    "cumulative_return_pct": -9.752020558347274,
    "annualized_return_pct": -34.05976823879266,
    "max_drawdown_pct": 25.715687449799468,
    "sharpe": -0.5483714886717361,
    "win_rate_pct": 44.61538461538462,
    "profit_factor": 0.8868360720372422
  }
}