{
  "win000_tr20100101-20141231_te20150101-20150331_va20150401-20150630": {
    "cumulative_return_pct": 109.70750970700327,
    "annualized_return_pct": 2309.8732635422216,
    "max_drawdown_pct": 21.153864844853217,
    "sharpe": 30.905906713010154,
    "win_rate_pct": 59.64912280701754,
    "profit_factor": 2.2905259037464654
  },
  "win001_tr20100701-20150630_te20150701-20150930_va20151001-20151231": {
    "cumulative_return_pct": -73.66853214806704,
    "annualized_return_pct": -99.55527181154817,
    "max_drawdown_pct": 74.87163264276214,
    "sharpe": -0.744356130227064,
    "win_rate_pct": 44.44444444444444,
    "profit_factor": 0.618886344235286
  },
  "win002_tr20110101-20151231_te20160101-20160331_va20160401-20160630": {
    "cumulative_return_pct": -46.99295377853614,
    "annualized_return_pct": -93.03892321434023,
    "max_drawdown_pct": 50.48646305816364,
    "sharpe": -0.9048079845912873,
    "win_rate_pct": 44.06779661016949,
    "profit_factor": 0.6126619422534225
  },
  "win003_tr20110701-20160630_te20160701-20160930_va20161001-20161231": {
    "cumulative_return_pct": -7.9133296525825045,
    "annualized_return_pct": -28.9774513017229,
    "max_drawdown_pct": 29.749574547904984,
    "sharpe": -0.5560275863405726,
    "win_rate_pct": 47.61904761904761,
    "profit_factor": 0.8955639890990263
  },
  "win004_tr20120101-20161231_te20170101-20170331_va20170401-20170630": {
    "cumulative_return_pct": -11.221836480525683,
    "annualized_return_pct": -39.32986151537647,
    "max_drawdown_pct": 38.50545290765126,
    "sharpe": -0.4668483578564309,
    "win_rate_pct": 52.54237288135594,
    "profit_factor": 0.9017433127139861
  },
  "win005_tr20120701-20170630_te20170701-20170930_va20171001-20171231": {
    "cumulative_return_pct": 0.3606843607264222,
    "annualized_return_pct": 1.5055729623989045,
    "max_drawdown_pct": 22.803729684242565,
    "sharpe": -0.03848935625463355,
    "win_rate_pct": 47.69230769230769,
    "profit_factor": 1.006963570855859
  },
  "win006_tr20130101-20171231_te20180101-20180331_va20180401-20180630": {
    "cumulative_return_pct": 9.725812965059816,
    "annualized_return_pct": 47.64797415195279,
    "max_drawdown_pct": 27.020669683786423,
    "sharpe": 0.5420086253306873,
    "win_rate_pct": 54.23728813559322,
    "profit_factor": 1.1126613787940849
  },
  "win007_tr20130701-20180630_te20180701-20180930_va20181001-20181231": {
    "cumulative_return_pct": -19.028053433316188,
    "annualized_return_pct": -58.35753554210675,
    "max_drawdown_pct": 36.127557886321625,
    "sharpe": -1.0118575178307103,
    "win_rate_pct": 43.75,
    "profit_factor": 0.8126658042443918
  },
  "win008_tr20140101-20181231_te20190101-20190331_va20190401-20190630": {
    "cumulative_return_pct": -10.74287788844289,
    "annualized_return_pct": -38.28713346951855,
    "max_drawdown_pct": 45.69910895782311,
    "sharpe": -0.37507123085895616,
    "win_rate_pct": 48.275862068965516,
    "profit_factor": 0.921091484924429
  },
  "win009_tr20140701-20190630_te20190701-20190930_va20191001-20191231": {
    "cumulative_return_pct": -31.23947881286156,
    "annualized_return_pct": -78.12902770386785,
    "max_drawdown_pct": 34.96646560799806,
    "sharpe": -0.9960677556308006,
    "win_rate_pct": 40.625,
    "profit_factor": 0.706046571568847
  },
  "win010_tr20150101-20191231_te20200101-20200331_va20200401-20200630": {
    "cumulative_return_pct": -36.164130545801946,
    "annualized_return_pct": -84.15110492413653,
    "max_drawdown_pct": 46.89910296878246,
    "sharpe": -0.7896529107070264,
    "win_rate_pct": 44.827586206896555,
    "profit_factor": 0.7853021530606531
  },
  "win011_tr20150701-20200630_te20200701-20200930_va20201001-20201231": {
    "cumulative_return_pct": -28.024631834245113,
    "annualized_return_pct": -73.67280193626617,
    "max_drawdown_pct": 51.10901818097972,
    "sharpe": -0.9584593479032072,
    "win_rate_pct": 46.15384615384615,
    "profit_factor": 0.753324756369922
  },
  "win012_tr20160101-20201231_te20210101-20210331_va20210401-20210630": {
    "cumulative_return_pct": -66.82949656851291,
    "annualized_return_pct": -99.07830033444573,
    "max_drawdown_pct": 67.85406051669285,
    "sharpe": -1.2409354601287808,
    "win_rate_pct": 36.206896551724135,
    "profit_factor": 0.4255232711872508
  },
  "win013_tr20160701-20210630_te20210701-20210930_va20211001-20211231": {
    "cumulative_return_pct": -28.372426983390735,
    "annualized_return_pct": -74.18528758026936,
    "max_drawdown_pct": 46.11061294915725,
    "sharpe": -0.7191350815115098,
    "win_rate_pct": 50.79365079365079,
    "profit_factor": 0.8545502061477143
  },
  "win014_tr20170101-20211231_te20220101-20220331_va20220401-20220630": {
    "cumulative_return_pct": -43.97850324944898,
    "annualized_return_pct": -91.46430210825596,
    "max_drawdown_pct": 55.64824993281452,
    "sharpe": -0.9393471514855704,
    "win_rate_pct": 37.93103448275862,
    "profit_factor": 0.6216682959297571
  },
  "win015_tr20170701-20220630_te20220701-20220930_va20221001-20221231": {
    "cumulative_return_pct": -25.230828609138566,
    "annualized_return_pct": -70.08583343600448,
    "max_drawdown_pct": 45.55047226369309,
    "sharpe": -1.0562206998198778,
    "win_rate_pct": 46.875,
    "profit_factor": 0.8099338336890954
  },
  "win016_tr20180101-20221231_te20230101-20230331_va20230401-20230630": {
    "cumulative_return_pct": 38.73119382451994,
    "annualized_return_pct": 295.2630259022595,
    "max_drawdown_pct": 31.208808711812424,
    "sharpe": 4.0181934235723995,
    "win_rate_pct": 50.847457627118644,
    "profit_factor": 1.2851927637805038
  },
  "win017_tr20180701-20230630_te20230701-20230930_va20231001-20231231": {
    "cumulative_return_pct": 22.04233141446416,
    "annualized_return_pct": 130.7782762477827,
    "max_drawdown_pct": 31.281592845096878,
    "sharpe": 1.3599519750030402,
    "win_rate_pct": 48.4375,
    "profit_factor": 1.1496226500992304
  },
  "win018_tr20190101-20231231_te20240101-20240331_va20240401-20240630": {
    "cumulative_return_pct": 64.17081393459722,
    "annualized_return_pct": 701.4414420742595,
    "max_drawdown_pct": 26.504923497447137,
    "sharpe": 6.287007225868334,
    "win_rate_pct": 62.06896551724138,
    "profit_factor": 1.4032513768495647
  },
  "win019_tr20190701-20240630_te20240701-20240930_va20241001-20241231": {
    "cumulative_return_pct": 299.84405705948154,
    "annualized_return_pct": 27612.318983475358,
    "max_drawdown_pct": 24.217099486408518,
    "sharpe": 205.42271766772276,
    "win_rate_pct": 60.317460317460316,
    "profit_factor": 2.130744792914756
  },
  "win020_tr20200101-20241231_te20250101-20250331_va20250401-20250630": {
    "cumulative_return_pct": -18.097527503087324,
    "annualized_return_pct": -56.335012605721914,
    "max_drawdown_pct": 35.378099139221895,
    "sharpe": -0.6177196739149813,
    "win_rate_pct": 52.63157894736842,
    "profit_factor": 0.8506175368206232
  },
  "win021_tr20200701-20250630_te20250701-20250930_va20251001-20251231": {
    "cumulative_return_pct": -20.748945933116982,
    "annualized_return_pct": -61.083944280051526,
    "max_drawdown_pct": 32.11019807144563,
    "sharpe": -0.7718744975138394,
    "win_rate_pct": 47.69230769230769,
    "profit_factor": 0.8164827177638184
  }
}