{
  "win000_tr20100101-20141231_te20150101-20150331_va20150401-20150630": {
    "cumulative_return_pct": 31.403174965820558,
    "annualized_return_pct": 223.33770541850328,
    "max_drawdown_pct": 17.59606083775678,
    "sharpe": 3.958051953488976,
    "win_rate_pct": 49.122807017543856,
    "profit_factor": 1.4909503690685129
  },
  "win001_tr20100701-20150630_te20150701-20150930_va20151001-20151231": {
    "cumulative_return_pct": -69.5815265359027,
    "annualized_return_pct": -99.20127119997223,
    "max_drawdown_pct": 70.628494476638,
    "sharpe": -0.7198021953799998,
    "win_rate_pct": 42.857142857142854,
    "profit_factor": 0.6419620271458392
  },
  "win002_tr20110101-20151231_te20160101-20160331_va20160401-20160630": {
    "cumulative_return_pct": -31.223951280565878,
    "annualized_return_pct": -79.22616822432921,
    "max_drawdown_pct": 41.09628801592077,
    "sharpe": -1.0056602674685573,
    "win_rate_pct": 49.152542372881356,
    "profit_factor": 0.7381919161686176
  },
  "win003_tr20110701-20160630_te20160701-20160930_va20161001-20161231": {
    "cumulative_return_pct": -9.080253148754617,
    "annualized_return_pct": -32.63906381055417,
    "max_drawdown_pct": 38.41826981509148,
    "sharpe": -0.4905595838985156,
    "win_rate_pct": 50.79365079365079,
    "profit_factor": 0.9063652279818265
  },
  "win004_tr20120101-20161231_te20170101-20170331_va20170401-20170630": {
    "cumulative_return_pct": -4.920409686738264,
    "annualized_return_pct": -19.089581445977476,
    "max_drawdown_pct": 22.649376664690323,
    "sharpe": -0.43648530322485546,
    "win_rate_pct": 49.152542372881356,
    "profit_factor": 0.9256042452399517
  },
  "win005_tr20120701-20170630_te20170701-20170930_va20171001-20171231": {
    "cumulative_return_pct": -15.325217615191406,
    "annualized_return_pct": -49.86529991357273,
    "max_drawdown_pct": 31.871856513897008,
    "sharpe": -1.2025841101583132,
    "win_rate_pct": 49.23076923076923,
    "profit_factor": 0.7482389777088148
  },
  "win006_tr20130101-20171231_te20180101-20180331_va20180401-20180630": {
    "cumulative_return_pct": 39.483435943583004,
    "annualized_return_pct": 304.33924728611794,
    "max_drawdown_pct": 19.41106563535518,
    "sharpe": 3.7032547275110934,
    "win_rate_pct": 45.76271186440678,
    "profit_factor": 1.4388768475533962
  },
  "win007_tr20130701-20180630_te20180701-20180930_va20181001-20181231": {
    "cumulative_return_pct": -20.179574099437403,
    "annualized_return_pct": -60.7610251985276,
    "max_drawdown_pct": 35.661325219274126,
    "sharpe": -0.9962024580517015,
    "win_rate_pct": 42.1875,
    "profit_factor": 0.787526579442612
  },
  "win008_tr20140101-20181231_te20190101-20190331_va20190401-20190630": {
    "cumulative_return_pct": -39.73262183559545,
    "annualized_return_pct": -88.35903282367036,
    "max_drawdown_pct": 41.6004270512762,
    "sharpe": -0.9767251371495185,
    "win_rate_pct": 41.37931034482759,
    "profit_factor": 0.6438707550782949
  },
  "win009_tr20140701-20190630_te20190701-20190930_va20191001-20191231": {
    "cumulative_return_pct": -47.79088437181615,
    "annualized_return_pct": -92.8464675762061,
    "max_drawdown_pct": 48.76772271784128,
    "sharpe": -1.419394023880776,
    "win_rate_pct": 35.9375,
    "profit_factor": 0.49283673373772113
  },
  "win010_tr20150101-20191231_te20200101-20200331_va20200401-20200630": {
    "cumulative_return_pct": -11.380546283346472,
    "annualized_return_pct": -39.093613418221196,
    "max_drawdown_pct": 48.10272120670565,
    "sharpe": -0.3615292195044479,
    "win_rate_pct": 43.103448275862064,
    "profit_factor": 0.9409496524075603
  },
  "win011_tr20150701-20200630_te20200701-20200930_va20201001-20201231": {
    "cumulative_return_pct": -8.786824543449713,
    "annualized_return_pct": -31.15057357539047,
    "max_drawdown_pct": 33.815205752076,
    "sharpe": -0.4815005484244565,
    "win_rate_pct": 44.61538461538462,
    "profit_factor": 0.9272559406779367
  },
  "win012_tr20160101-20201231_te20210101-20210331_va20210401-20210630": {
    "cumulative_return_pct": -17.962883617139585,
    "annualized_return_pct": -56.868544673257816,
    "max_drawdown_pct": 45.132607091070895,
    "sharpe": -0.5612712159252455,
    "win_rate_pct": 43.103448275862064,
    "profit_factor": 0.8722451865793851
  },
  "win013_tr20160701-20210630_te20210701-20210930_va20211001-20211231": {
    "cumulative_return_pct": -30.867879543137562,
    "annualized_return_pct": -77.64536903345054,
    "max_drawdown_pct": 47.40718578762218,
    "sharpe": -0.8181189676229087,
    "win_rate_pct": 42.857142857142854,
    "profit_factor": 0.7489268870055802
  },
  "win014_tr20170101-20211231_te20220101-20220331_va20220401-20220630": {
    "cumulative_return_pct": -41.850355796590364,
    "annualized_return_pct": -89.9997819706819,
    "max_drawdown_pct": 42.57129637110898,
    "sharpe": -1.2106227894777453,
    "win_rate_pct": 48.275862068965516,
    "profit_factor": 0.6012502550563477
  },
  "win015_tr20170701-20220630_te20220701-20220930_va20221001-20221231": {
    "cumulative_return_pct": -56.331881926069784,
    "annualized_return_pct": -96.79019888874512,
    "max_drawdown_pct": 58.23512462100741,
    "sharpe": -1.2919184477776398,
    "win_rate_pct": 40.625,
    "profit_factor": 0.45999970239666876
  },
  "win016_tr20180101-20221231_te20230101-20230331_va20230401-20230630": {
    "cumulative_return_pct": 4.624547885474504,
    "annualized_return_pct": 20.900262826442862,
    "max_drawdown_pct": 28.204192790086204,
    "sharpe": 0.2813181473880873,
    "win_rate_pct": 49.152542372881356,
    "profit_factor": 1.053996979170478
  },
  "win017_tr20180701-20230630_te20230701-20230930_va20231001-20231231": {
    "cumulative_return_pct": -33.40564105801729,
    "annualized_return_pct": -81.85563903353881,
    "max_drawdown_pct": 47.61030874979423,
    "sharpe": -1.6473909143611973,
    "win_rate_pct": 37.5,
    "profit_factor": 0.6413964315263349
  },
  "win018_tr20190101-20231231_te20240101-20240331_va20240401-20240630": {
    "cumulative_return_pct": -18.815819989194,
    "annualized_return_pct": -58.31920446067811,
    "max_drawdown_pct": 53.375484335759026,
    "sharpe": -0.6710129530102668,
    "win_rate_pct": 46.55172413793103,
    "profit_factor": 0.8005245630740856
  },
  "win019_tr20190701-20240630_te20240701-20240930_va20241001-20241231": {
    "cumulative_return_pct": 95.37344850724077,
    "annualized_return_pct": 1415.0582323460847,
    "max_drawdown_pct": 27.318054510867203,
    "sharpe": 13.186838180147,
    "win_rate_pct": 60.317460317460316,
    "profit_factor": 1.798785058206272
  },
  "win020_tr20200101-20241231_te20250101-20250331_va20250401-20250630": {
    "cumulative_return_pct": 5.990740875583002,
    "annualized_return_pct": 27.314027648084593,
    "max_drawdown_pct": 26.709201837557206,
    "sharpe": 0.30642401137501596,
    "win_rate_pct": 47.368421052631575,
    "profit_factor": 1.048837277424795
  },
  "win021_tr20200701-20250630_te20250701-20250930_va20251001-20251231": {
    "cumulative_return_pct": -41.32936739817566,
    "annualized_return_pct": -88.51385497805866,
    "max_drawdown_pct": 42.25612317462967,
    "sharpe": -1.6465151902755282,
    "win_rate_pct": 40.0,
    "profit_factor": 0.5652341363525997
  }
}