{
  "win000_tr20100101-20141231_te20150101-20150331_va20150401-20150630": {
    "cumulative_return_pct": 11.28290430017591,
    "annualized_return_pct": 58.30906620227903,
    "max_drawdown_pct": 23.488118408635636,
    "sharpe": 0.7145763186089069,
    "win_rate_pct": 56.14035087719298,
    "profit_factor": 1.1123223225385692
  },
  "win001_tr20100701-20150630_te20150701-20150930_va20151001-20151231": {
    "cumulative_return_pct": -76.8568837428437,
    "annualized_return_pct": -99.73660231409622,
    "max_drawdown_pct": 76.80253663975003,
    "sharpe": -0.8041052978599261,
    "win_rate_pct": 46.03174603174603,
    "profit_factor": 0.5315056537167963
  },
  "win002_tr20110101-20151231_te20160101-20160331_va20160401-20160630": {
    "cumulative_return_pct": -24.09245078551051,
    "annualized_return_pct": -68.56573728659788,
    "max_drawdown_pct": 53.09844730026821,
    "sharpe": -0.6198118441499254,
    "win_rate_pct": 47.45762711864407,
    "profit_factor": 0.8137779761262524
  },
  "win003_tr20110701-20160630_te20160701-20160930_va20161001-20161231": {
    "cumulative_return_pct": -19.06627401118035,
    "annualized_return_pct": -58.43905920911432,
    "max_drawdown_pct": 26.965993006058625,
    "sharpe": -0.9262902092234256,
    "win_rate_pct": 46.03174603174603,
    "profit_factor": 0.7833487863093023
  },
  "win004_tr20120101-20161231_te20170101-20170331_va20170401-20170630": {
    "cumulative_return_pct": -13.159648361711017,
    "annualized_return_pct": -44.69858286320038,
    "max_drawdown_pct": 28.980377617078496,
    "sharpe": -0.6557575948743325,
    "win_rate_pct": 50.847457627118644,
    "profit_factor": 0.8699628329310176
  },
  "win005_tr20120701-20170630_te20170701-20170930_va20171001-20171231": {
    "cumulative_return_pct": -0.28948557458163704,
    "annualized_return_pct": -1.1960617363535153,
    "max_drawdown_pct": 22.147233932725925,
    "sharpe": -0.07150574004433446,
    "win_rate_pct": 53.84615384615385,
    "profit_factor": 0.9968251821723129
  },
  "win006_tr20130101-20171231_te20180101-20180331_va20180401-20180630": {
    "cumulative_return_pct": 0.8242983100467828,
    "annualized_return_pct": 3.50652480464404,
    "max_drawdown_pct": 31.49017972243663,
    "sharpe": 0.004973865899107996,
    "win_rate_pct": 47.45762711864407,
    "profit_factor": 1.0061685532578888
  },
  "win007_tr20130701-20180630_te20180701-20180930_va20181001-20181231": {
    "cumulative_return_pct": -11.927756781964353,
    "annualized_return_pct": -40.972994785759965,
    "max_drawdown_pct": 25.72936310160928,
    "sharpe": -0.8742798103982067,
    "win_rate_pct": 39.0625,
    "profit_factor": 0.8548655901471341
  },
  "win008_tr20140101-20181231_te20190101-20190331_va20190401-20190630": {
    "cumulative_return_pct": -26.595029707929925,
    "annualized_return_pct": -73.10177830603261,
    "max_drawdown_pct": 57.54253071167778,
    "sharpe": -0.6633293615234261,
    "win_rate_pct": 43.103448275862064,
    "profit_factor": 0.8292836454880042
  },
  "win009_tr20140701-20190630_te20190701-20190930_va20191001-20191231": {
    "cumulative_return_pct": -2.28803687181602,
    "annualized_return_pct": -8.965801435723764,
    "max_drawdown_pct": 38.42968783904883,
    "sharpe": -0.1044504743267074,
    "win_rate_pct": 46.875,
    "profit_factor": 0.9881146507111038
  },
  "win010_tr20150101-20191231_te20200101-20200331_va20200401-20200630": {
    "cumulative_return_pct": 45.00529681959767,
    "annualized_return_pct": 359.52432823805555,
    "max_drawdown_pct": 40.220454733003756,
    "sharpe": 2.6994290056081036,
    "win_rate_pct": 58.620689655172406,
    "profit_factor": 1.1641459304676518
  },
  "win011_tr20150701-20200630_te20200701-20200930_va20201001-20201231": {
    "cumulative_return_pct": -52.91311168659891,
    "annualized_return_pct": -95.29543869491678,
    "max_drawdown_pct": 60.00022499538093,
    "sharpe": -0.9722763302518849,
    "win_rate_pct": 43.07692307692308,
    "profit_factor": 0.6402321015066115
  },
  "win012_tr20160101-20201231_te20210101-20210331_va20210401-20210630": {
    "cumulative_return_pct": -57.43332963671375,
    "annualized_return_pct": -97.34157491129265,
    "max_drawdown_pct": 60.93222597429829,
    "sharpe": -0.990192848349273,
    "win_rate_pct": 37.93103448275862,
    "profit_factor": 0.5938229825075615
  },
  "win013_tr20160701-20210630_te20210701-20210930_va20211001-20211231": {
    "cumulative_return_pct": 58.01635425038156,
    "annualized_return_pct": 540.3230009970788,
    "max_drawdown_pct": 37.2849215919068,
    "sharpe": 4.611070951208308,
    "win_rate_pct": 57.14285714285714,
    "profit_factor": 1.2085241018387136
  },
  "win014_tr20170101-20211231_te20220101-20220331_va20220401-20220630": {
    "cumulative_return_pct": -30.357840285961508,
    "annualized_return_pct": -78.4888441024461,
    "max_drawdown_pct": 57.57969539480363,
    "sharpe": -0.5991072419258484,
    "win_rate_pct": 41.37931034482759,
    "profit_factor": 0.7942892777146505
  },
  "win015_tr20170701-20220630_te20220701-20220930_va20221001-20221231": {
    "cumulative_return_pct": -14.354630015957309,
    "annualized_return_pct": -47.43666570463044,
    "max_drawdown_pct": 30.59830664231404,
    "sharpe": -0.5717996584917634,
    "win_rate_pct": 48.4375,
    "profit_factor": 0.890902224636768
  },
  "win016_tr20180101-20221231_te20230101-20230331_va20230401-20230630": {
    "cumulative_return_pct": -39.39434529639634,
    "annualized_return_pct": -87.7839670543696,
    "max_drawdown_pct": 39.89098933757983,
    "sharpe": -0.9088705930801744,
    "win_rate_pct": 49.152542372881356,
    "profit_factor": 0.6673216059086982
  },
  "win017_tr20180701-20230630_te20230701-20230930_va20231001-20231231": {
    "cumulative_return_pct": -6.473358381749142,
    "annualized_return_pct": -24.49450851144802,
    "max_drawdown_pct": 29.85829973360177,
    "sharpe": -0.42629809114880163,
    "win_rate_pct": 50.0,
    "profit_factor": 0.9436060754722929
  },
  "win018_tr20190101-20231231_te20240101-20240331_va20240401-20240630": {
    "cumulative_return_pct": -36.474899581825596,
    "annualized_return_pct": -85.11632211473284,
    "max_drawdown_pct": 38.580524995823126,
    "sharpe": -0.9455713489912053,
    "win_rate_pct": 43.103448275862064,
    "profit_factor": 0.6774831049319346
  },
  "win019_tr20190701-20240630_te20240701-20240930_va20241001-20241231": {
    "cumulative_return_pct": -31.19251545002855,
    "annualized_return_pct": -78.06834158070757,
    "max_drawdown_pct": 53.4505971541184,
    "sharpe": -0.6491188902719345,
    "win_rate_pct": 34.92063492063492,
    "profit_factor": 0.7497467357955651
  },
  "win020_tr20200101-20241231_te20250101-20250331_va20250401-20250630": {
    "cumulative_return_pct": -32.0595832537048,
    "annualized_return_pct": -79.89812003759631,
    "max_drawdown_pct": 38.60601887146669,
    "sharpe": -0.9554971953401712,
    "win_rate_pct": 45.614035087719294,
    "profit_factor": 0.729529205247105
  },
  "win021_tr20200701-20250630_te20250701-20250930_va20251001-20251231": {
    "cumulative_return_pct": -37.44172385470272,
    "annualized_return_pct": -85.09761761276492,
    "max_drawdown_pct": 51.87857873934691,
    "sharpe": -1.0580240533099259,
    "win_rate_pct": 43.07692307692308,
    "profit_factor": 0.7089475705686378
  }
}