{
  "win000_tr20100101-20141231_te20150101-20150331_va20150401-20150630": {
    "cumulative_return_pct": 24.940034437574376,
    "annualized_return_pct": 160.33499736344373,
    "max_drawdown_pct": 16.490662364368415,
    "sharpe": 2.8152617568454623,
    "win_rate_pct": 52.63157894736842,
    "profit_factor": 1.3676753303029028
  },
  "win001_tr20100701-20150630_te20150701-20150930_va20151001-20151231": {
    "cumulative_return_pct": -61.60389836420729,
    "annualized_return_pct": -97.94458929959774,
    "max_drawdown_pct": 66.90175957462739,
    "sharpe": -0.6876124601635709,
    "win_rate_pct": 46.03174603174603,
    "profit_factor": 0.6476981390715809
  },
  "win002_tr20110101-20151231_te20160101-20160331_va20160401-20160630": {
    "cumulative_return_pct": -54.78645808562796,
    "annualized_return_pct": -96.42955629332289,
    "max_drawdown_pct": 59.603119667966354,
    "sharpe": -1.256074119927991,
    "win_rate_pct": 49.152542372881356,
    "profit_factor": 0.45589248933818716
  },
  "win003_tr20110701-20160630_te20160701-20160930_va20161001-20161231": {
    "cumulative_return_pct": -7.3443344976744385,
    "annualized_return_pct": -27.13820047039213,
    "max_drawdown_pct": 34.15448109609219,
    "sharpe": -0.4516542283480223,
    "win_rate_pct": 46.03174603174603,
    "profit_factor": 0.9055141857948141
  },
  "win004_tr20120101-20161231_te20170101-20170331_va20170401-20170630": {
    "cumulative_return_pct": -3.814322000704647,
    "annualized_return_pct": -15.063796562787324,
    "max_drawdown_pct": 32.831779893691014,
    "sharpe": -0.31612979092594884,
    "win_rate_pct": 57.6271186440678,
    "profit_factor": 0.9470724421192934
  },
  "win005_tr20120701-20170630_te20170701-20170930_va20171001-20171231": {
    "cumulative_return_pct": -14.679457575805765,
    "annualized_return_pct": -48.25918106222182,
    "max_drawdown_pct": 24.77028972686686,
    "sharpe": -0.862362072109683,
    "win_rate_pct": 46.15384615384615,
    "profit_factor": 0.7966451087617044
  },
  "win006_tr20130101-20171231_te20180101-20180331_va20180401-20180630": {
    "cumulative_return_pct": 75.64848650989863,
    "annualized_return_pct": 964.3506500205227,
    "max_drawdown_pct": 21.172506466599724,
    "sharpe": 12.124353198059818,
    "win_rate_pct": 47.45762711864407,
    "profit_factor": 2.0452451357515686
  },
  "win007_tr20130701-20180630_te20180701-20180930_va20181001-20181231": {
    "cumulative_return_pct": -58.547947876261134,
    "annualized_return_pct": -97.414177296194,
    "max_drawdown_pct": 60.40991422606281,
    "sharpe": -1.5651750756673335,
    "win_rate_pct": 34.375,
    "profit_factor": 0.3791849213909932
  },
  "win008_tr20140101-20181231_te20190101-20190331_va20190401-20190630": {
    "cumulative_return_pct": -36.67284659689988,
    "annualized_return_pct": -85.63405724302504,
    "max_drawdown_pct": 40.282846968881465,
    "sharpe": -0.9325483240110434,
    "win_rate_pct": 41.37931034482759,
    "profit_factor": 0.7045948266105536
  },
  "win009_tr20140701-20190630_te20190701-20190930_va20191001-20191231": {
    "cumulative_return_pct": -39.03436051889091,
    "annualized_return_pct": -86.5784141481246,
    "max_drawdown_pct": 39.10090547030015,
    "sharpe": -1.3203560757056052,
    "win_rate_pct": 43.75,
    "profit_factor": 0.6163412158463608
  },
  "win010_tr20150101-20191231_te20200101-20200331_va20200401-20200630": {
    "cumulative_return_pct": 38.63268157353431,
    "annualized_return_pct": 282.12632395585365,
    "max_drawdown_pct": 31.45108093221505,
    "sharpe": 2.4801240143240726,
    "win_rate_pct": 51.724137931034484,
    "profit_factor": 1.1801578097462324
  },
  "win011_tr20150701-20200630_te20200701-20200930_va20201001-20201231": {
    "cumulative_return_pct": -7.259308537450701,
    "annualized_return_pct": -26.350112518243073,
    "max_drawdown_pct": 43.620276743829834,
    "sharpe": -0.2892595408825479,
    "win_rate_pct": 47.69230769230769,
    "profit_factor": 0.945380041160599
  },
  "win012_tr20160101-20201231_te20210101-20210331_va20210401-20210630": {
    "cumulative_return_pct": -26.0098516711022,
    "annualized_return_pct": -72.17921533708238,
    "max_drawdown_pct": 48.51432002041896,
    "sharpe": -0.864198282065997,
    "win_rate_pct": 43.103448275862064,
    "profit_factor": 0.7695582532620499
  },
  "win013_tr20160701-20210630_te20210701-20210930_va20211001-20211231": {
    "cumulative_return_pct": -43.66875309333732,
    "annualized_return_pct": -90.26226755060048,
    "max_drawdown_pct": 49.819179735747525,
    "sharpe": -0.9441789267378385,
    "win_rate_pct": 39.682539682539684,
    "profit_factor": 0.6807149192847815
  },
  "win014_tr20170101-20211231_te20220101-20220331_va20220401-20220630": {
    "cumulative_return_pct": 25.563609692170147,
    "annualized_return_pct": 162.9563860648615,
    "max_drawdown_pct": 24.174031535160985,
    "sharpe": 1.9859502171757901,
    "win_rate_pct": 55.172413793103445,
    "profit_factor": 1.2621860465506158
  },
  "win015_tr20170701-20220630_te20220701-20220930_va20221001-20221231": {
    "cumulative_return_pct": -35.56154978861648,
    "annualized_return_pct": -83.86222448500025,
    "max_drawdown_pct": 37.76229674413752,
    "sharpe": -1.2255737467684353,
    "win_rate_pct": 40.625,
    "profit_factor": 0.6752808516054903
  },
  "win016_tr20180101-20221231_te20230101-20230331_va20230401-20230630": {
    "cumulative_return_pct": -43.90521655839086,
    "annualized_return_pct": -91.17108592146855,
    "max_drawdown_pct": 49.64395298485058,
    "sharpe": -1.1560517286031364,
    "win_rate_pct": 33.89830508474576,
    "profit_factor": 0.5806238043765618
  },
  "win017_tr20180701-20230630_te20230701-20230930_va20231001-20231231": {
    "cumulative_return_pct": -14.434304049243021,
    "annualized_return_pct": -48.027284310022644,
    "max_drawdown_pct": 31.809301046853573,
    "sharpe": -0.6558971257977457,
    "win_rate_pct": 45.3125,
    "profit_factor": 0.8749255596573922
  },
  "win018_tr20190101-20231231_te20240101-20240331_va20240401-20240630": {
    "cumulative_return_pct": 20.193459157712432,
    "annualized_return_pct": 116.45208748226787,
    "max_drawdown_pct": 31.73591582042354,
    "sharpe": 1.3236773535309705,
    "win_rate_pct": 50.0,
    "profit_factor": 1.1705175590124337
  },
  "win019_tr20190701-20240630_te20240701-20240930_va20241001-20241231": {
    "cumulative_return_pct": 59.925022543888076,
    "annualized_return_pct": 572.2964329214444,
    "max_drawdown_pct": 32.41146816937341,
    "sharpe": 5.395960423906078,
    "win_rate_pct": 47.61904761904761,
    "profit_factor": 1.3695756739927505
  },
  "win020_tr20200101-20241231_te20250101-20250331_va20250401-20250630": {
    "cumulative_return_pct": -53.3443883856456,
    "annualized_return_pct": -95.77561970300344,
    "max_drawdown_pct": 56.10726561116659,
    "sharpe": -1.2981100407677502,
    "win_rate_pct": 40.35087719298245,
    "profit_factor": 0.5258541740066831
  },
  "win021_tr20200701-20250630_te20250701-20250930_va20251001-20251231": {
    "cumulative_return_pct": 63.75820761736725,
    "annualized_return_pct": 640.1291073805124,
    "max_drawdown_pct": 14.232006781840509,
    "sharpe": 8.694846264769915,
    "win_rate_pct": 55.38461538461539,
    "profit_factor": 1.6250508690019012
  }
}