{
  "size": 4,
  "models": "DLinear,FiLM,LightTS,iTransformer",
  "num_windows": 22,
  "mean_test_cumulative_return_pct": -9.465005531564044,
  "std_test_cumulative_return_pct": 55.300340836285784,
  "min_test_cumulative_return_pct": -70.92958724553843,
  "max_test_cumulative_return_pct": 167.65705185555885,
  "mean_test_annualized_return_pct": 293.7301659951257,
  "mean_test_max_drawdown_pct": 41.507319678717664,
  "mean_test_sharpe": 3.0879467541258525,
  "mean_test_win_rate_pct": 46.26943471003962,
  "mean_test_profit_factor": 0.9272109080613508
}