{
  "win000_tr20100101-20141231_te20150101-20150331_va20150401-20150630": {
    "cumulative_return_pct": 63.704175202722524,
    "annualized_return_pct": 731.4332021309633,
    "max_drawdown_pct": 13.837100799656346,
    "sharpe": 13.029311679073881,
    "win_rate_pct": 63.1578947368421,
    "profit_factor": 1.8197016099977261
  },
  "win001_tr20100701-20150630_te20150701-20150930_va20151001-20151231": {
    "cumulative_return_pct": -70.80528214321026,
    "annualized_return_pct": -99.32387569738799,
    "max_drawdown_pct": 72.60235218908873,
    "sharpe": -0.6873287681061042,
    "win_rate_pct": 49.2063492063492,
    "profit_factor": 0.667208989473731
  },
  "win002_tr20110101-20151231_te20160101-20160331_va20160401-20160630": {
    "cumulative_return_pct": -59.53493588783403,
    "annualized_return_pct": -97.75914154114386,
    "max_drawdown_pct": 57.506153540313754,
    "sharpe": -1.0065381303517549,
    "win_rate_pct": 44.06779661016949,
    "profit_factor": 0.49946705821987986
  },
  "win003_tr20110701-20160630_te20160701-20160930_va20161001-20161231": {
    "cumulative_return_pct": 31.330409373148132,
    "annualized_return_pct": 209.94400444106827,
    "max_drawdown_pct": 34.33606557002495,
    "sharpe": 2.672505476132862,
    "win_rate_pct": 52.38095238095239,
    "profit_factor": 1.2650767109829801
  },
  "win004_tr20120101-20161231_te20170101-20170331_va20170401-20170630": {
    "cumulative_return_pct": -16.759516882916586,
    "annualized_return_pct": -53.70408828977173,
    "max_drawdown_pct": 21.137466142486243,
    "sharpe": -1.0541165240910892,
    "win_rate_pct": 47.45762711864407,
    "profit_factor": 0.7921841240413124
  },
  "win005_tr20120701-20170630_te20170701-20170930_va20171001-20171231": {
    "cumulative_return_pct": -23.601294669867062,
    "annualized_return_pct": -67.28548641556381,
    "max_drawdown_pct": 30.790271451515455,
    "sharpe": -1.34154419186192,
    "win_rate_pct": 52.307692307692314,
    "profit_factor": 0.6777699734199966
  },
  "win006_tr20130101-20171231_te20180101-20180331_va20180401-20180630": {
    "cumulative_return_pct": -24.83024755974929,
    "annualized_return_pct": -69.82864445938226,
    "max_drawdown_pct": 44.39543091686604,
    "sharpe": -0.8363017499521429,
    "win_rate_pct": 47.45762711864407,
    "profit_factor": 0.7777563943788488
  },
  "win007_tr20130701-20180630_te20180701-20180930_va20181001-20181231": {
    "cumulative_return_pct": -70.92958724553843,
    "annualized_return_pct": -99.40705062597658,
    "max_drawdown_pct": 71.26578123416462,
    "sharpe": -1.416863060550471,
    "win_rate_pct": 34.375,
    "profit_factor": 0.3156775973814964
  },
  "win008_tr20140101-20181231_te20190101-20190331_va20190401-20190630": {
    "cumulative_return_pct": 68.76147991886288,
    "annualized_return_pct": 823.1046820692461,
    "max_drawdown_pct": 43.07091511552588,
    "sharpe": 7.010101170462629,
    "win_rate_pct": 46.55172413793103,
    "profit_factor": 1.4117572840767891
  },
  "win009_tr20140701-20190630_te20190701-20190930_va20191001-20191231": {
    "cumulative_return_pct": 62.73534759401157,
    "annualized_return_pct": 621.5460066685292,
    "max_drawdown_pct": 19.047554982281472,
    "sharpe": 8.0850275247238,
    "win_rate_pct": 51.5625,
    "profit_factor": 1.8010943548965865
  },
  "win010_tr20150101-20191231_te20200101-20200331_va20200401-20200630": {
    "cumulative_return_pct": -36.059021839402725,
    "annualized_return_pct": -84.04373496842624,
    "max_drawdown_pct": 57.875106792110806,
    "sharpe": -0.7417435647161825,
    "win_rate_pct": 37.93103448275862,
    "profit_factor": 0.8143616096355221
  },
  "win011_tr20150701-20200630_te20200701-20200930_va20201001-20201231": {
    "cumulative_return_pct": -42.252960981317564,
    "annualized_return_pct": -89.23018814486103,
    "max_drawdown_pct": 51.7767063168901,
    "sharpe": -1.3069334567687163,
    "win_rate_pct": 50.76923076923077,
    "profit_factor": 0.6269943866940071
  },
  "win012_tr20160101-20201231_te20210101-20210331_va20210401-20210630": {
    "cumulative_return_pct": -29.312483933609958,
    "annualized_return_pct": -77.08369882050744,
    "max_drawdown_pct": 51.567569147020805,
    "sharpe": -0.7766815022155228,
    "win_rate_pct": 43.103448275862064,
    "profit_factor": 0.8045624957198368
  },
  "win013_tr20160701-20210630_te20210701-20210930_va20211001-20211231": {
    "cumulative_return_pct": -34.94141447463851,
    "annualized_return_pct": -82.52859209813471,
    "max_drawdown_pct": 59.93042527101649,
    "sharpe": -0.8230926684444071,
    "win_rate_pct": 42.857142857142854,
    "profit_factor": 0.7661006213032461
  },
  "win014_tr20170101-20211231_te20220101-20220331_va20220401-20220630": {
    "cumulative_return_pct": -36.1154025180785,
    "annualized_return_pct": -85.08925302389568,
    "max_drawdown_pct": 45.20772318353945,
    "sharpe": -1.1320254000454997,
    "win_rate_pct": 43.103448275862064,
    "profit_factor": 0.6658419100231425
  },
  "win015_tr20170701-20220630_te20220701-20220930_va20221001-20221231": {
    "cumulative_return_pct": -29.089837558293052,
    "annualized_return_pct": -75.99203394535496,
    "max_drawdown_pct": 42.978312120177605,
    "sharpe": -0.8861602370974727,
    "win_rate_pct": 46.875,
    "profit_factor": 0.7952725822913144
  },
  "win016_tr20180101-20221231_te20230101-20230331_va20230401-20230630": {
    "cumulative_return_pct": 9.043626206264411,
    "annualized_return_pct": 43.832281864732295,
    "max_drawdown_pct": 25.82536969432062,
    "sharpe": 0.5234686065779038,
    "win_rate_pct": 40.67796610169492,
    "profit_factor": 1.0852561443715996
  },
  "win017_tr20180701-20230630_te20230701-20230930_va20231001-20231231": {
    "cumulative_return_pct": -42.375382766536006,
    "annualized_return_pct": -90.11522996615324,
    "max_drawdown_pct": 43.450213863419805,
    "sharpe": -1.699418069856708,
    "win_rate_pct": 48.4375,
    "profit_factor": 0.4629181868846987
  },
  "win018_tr20190101-20231231_te20240101-20240331_va20240401-20240630": {
    "cumulative_return_pct": -27.3645383786088,
    "annualized_return_pct": -73.8745401901378,
    "max_drawdown_pct": 37.678574903279596,
    "sharpe": -1.1158128883751044,
    "win_rate_pct": 43.103448275862064,
    "profit_factor": 0.6837181104199613
  },
  "win019_tr20190701-20240630_te20240701-20240930_va20241001-20241231": {
    "cumulative_return_pct": 167.65705185555885,
    "annualized_return_pct": 5335.7171567859605,
    "max_drawdown_pct": 18.75701792707255,
    "sharpe": 54.12404722016429,
    "win_rate_pct": 60.317460317460316,
    "profit_factor": 2.4162539874902005
  },
  "win020_tr20200101-20241231_te20250101-20250331_va20250401-20250630": {
    "cumulative_return_pct": -43.07021967959554,
    "annualized_return_pct": -90.35016369124892,
    "max_drawdown_pct": 45.56334060619554,
    "sharpe": -1.7046458723694586,
    "win_rate_pct": 36.84210526315789,
    "profit_factor": 0.4893537926405152
  },
  "win021_tr20200701-20250630_te20250701-20250930_va20251001-20251231": {
    "cumulative_return_pct": -24.420085325781,
    "annualized_return_pct": -67.89796018978853,
    "max_drawdown_pct": 24.561581164821693,
    "sharpe": -0.9804270015640664,
    "win_rate_pct": 35.38461538461539,
    "profit_factor": 0.7603120530063245
  }
}