{
  "size": 6,
  "models": "DLinear,FiLM,FreTS,PatchTST,TimeMixer,iTransformer",
  "num_windows": 22,
  "mean_test_cumulative_return_pct": -10.761825181558384,
  "std_test_cumulative_return_pct": 33.04894859902338,
  "min_test_cumulative_return_pct": -72.66321973840726,
  "max_test_cumulative_return_pct": 81.00379683010722,
  "mean_test_annualized_return_pct": 33.66364852788252,
  "mean_test_max_drawdown_pct": 36.93198870582543,
  "mean_test_sharpe": 0.3655258184216395,
  "mean_test_win_rate_pct": 46.21153180412251,
  "mean_test_profit_factor": 0.9088414172059006
}