{
  "win000_tr20100101-20141231_te20150101-20150331_va20150401-20150630": {
    "cumulative_return_pct": 23.18500555747247,
    "annualized_return_pct": 144.98099678453315,
    "max_drawdown_pct": 21.42633736166687,
    "sharpe": 2.0092705003991744,
    "win_rate_pct": 47.368421052631575,
    "profit_factor": 1.2709081076448554
  },
  "win001_tr20100701-20150630_te20150701-20150930_va20151001-20151231": {
    "cumulative_return_pct": -32.85743507631258,
    "annualized_return_pct": -80.14362694665785,
    "max_drawdown_pct": 64.32050781188849,
    "sharpe": -0.638676402454352,
    "win_rate_pct": 55.55555555555556,
    "profit_factor": 0.8645165575945147
  },
  "win002_tr20110101-20151231_te20160101-20160331_va20160401-20160630": {
    "cumulative_return_pct": -9.961882817666233,
    "annualized_return_pct": -35.63208005537526,
    "max_drawdown_pct": 34.74582948269881,
    "sharpe": -0.35718565385643597,
    "win_rate_pct": 49.152542372881356,
    "profit_factor": 0.9370949111768881
  },
  "win003_tr20110701-20160630_te20160701-20160930_va20161001-20161231": {
    "cumulative_return_pct": 17.88002368798335,
    "annualized_return_pct": 97.9326690463167,
    "max_drawdown_pct": 31.477199108775423,
    "sharpe": 1.341729323450296,
    "win_rate_pct": 57.14285714285714,
    "profit_factor": 1.1801815610444366
  },
  "win004_tr20120101-20161231_te20170101-20170331_va20170401-20170630": {
    "cumulative_return_pct": -13.81431221542703,
    "annualized_return_pct": -46.42786481131223,
    "max_drawdown_pct": 26.62393112852507,
    "sharpe": -1.10691386294048,
    "win_rate_pct": 49.152542372881356,
    "profit_factor": 0.7904888201414966
  },
  "win005_tr20120701-20170630_te20170701-20170930_va20171001-20171231": {
    "cumulative_return_pct": -15.132584179631097,
    "annualized_return_pct": -49.39020574285428,
    "max_drawdown_pct": 24.34891442115905,
    "sharpe": -0.909313704858296,
    "win_rate_pct": 50.76923076923077,
    "profit_factor": 0.8056148222864536
  },
  "win006_tr20130101-20171231_te20180101-20180331_va20180401-20180630": {
    "cumulative_return_pct": -12.193223922613472,
    "annualized_return_pct": -42.06845657634387,
    "max_drawdown_pct": 42.124570968589985,
    "sharpe": -0.5314933996040667,
    "win_rate_pct": 50.847457627118644,
    "profit_factor": 0.8627784206723369
  },
  "win007_tr20130701-20180630_te20180701-20180930_va20181001-20181231": {
    "cumulative_return_pct": -72.66321973840726,
    "annualized_return_pct": -99.54061001639914,
    "max_drawdown_pct": 72.60091612784038,
    "sharpe": -1.8577839195359007,
    "win_rate_pct": 28.125,
    "profit_factor": 0.19669406812611834
  },
  "win008_tr20140101-20181231_te20190101-20190331_va20190401-20190630": {
    "cumulative_return_pct": 23.3361004953878,
    "annualized_return_pct": 143.70733985295004,
    "max_drawdown_pct": 21.191466419198075,
    "sharpe": 1.6773826960974443,
    "win_rate_pct": 46.55172413793103,
    "profit_factor": 1.1809650256659885
  },
  "win009_tr20140701-20190630_te20190701-20190930_va20191001-20191231": {
    "cumulative_return_pct": 37.502126257572044,
    "annualized_return_pct": 264.17129020640084,
    "max_drawdown_pct": 15.105141741663267,
    "sharpe": 4.1792787108696485,
    "win_rate_pct": 50.0,
    "profit_factor": 1.4332755008297482
  },
  "win010_tr20150101-20191231_te20200101-20200331_va20200401-20200630": {
    "cumulative_return_pct": -36.01065917462304,
    "annualized_return_pct": -83.99414747288752,
    "max_drawdown_pct": 56.573713325628994,
    "sharpe": -0.9129634481949509,
    "win_rate_pct": 44.827586206896555,
    "profit_factor": 0.7504306449744764
  },
  "win011_tr20150701-20200630_te20200701-20200930_va20201001-20201231": {
    "cumulative_return_pct": -34.409845311399614,
    "annualized_return_pct": -81.94197670999141,
    "max_drawdown_pct": 45.63488006398202,
    "sharpe": -1.2654775207765079,
    "win_rate_pct": 43.07692307692308,
    "profit_factor": 0.7029908708900462
  },
  "win012_tr20160101-20201231_te20210101-20210331_va20210401-20210630": {
    "cumulative_return_pct": -23.545845166677644,
    "annualized_return_pct": -68.02624887526814,
    "max_drawdown_pct": 49.44627164821488,
    "sharpe": -0.9077443450468969,
    "win_rate_pct": 50.0,
    "profit_factor": 0.7240703872146463
  },
  "win013_tr20160701-20210630_te20210701-20210930_va20211001-20211231": {
    "cumulative_return_pct": -46.53561526074918,
    "annualized_return_pct": -92.12237335847904,
    "max_drawdown_pct": 58.59205467670958,
    "sharpe": -0.8955123523553821,
    "win_rate_pct": 41.269841269841265,
    "profit_factor": 0.6852951638151875
  },
  "win014_tr20170101-20211231_te20220101-20220331_va20220401-20220630": {
    "cumulative_return_pct": -19.463982839983586,
    "annualized_return_pct": -60.122179510986705,
    "max_drawdown_pct": 44.03413456216681,
    "sharpe": -0.954767544731072,
    "win_rate_pct": 44.827586206896555,
    "profit_factor": 0.8143719215151105
  },
  "win015_tr20170701-20220630_te20220701-20220930_va20221001-20221231": {
    "cumulative_return_pct": -1.3041894618948107,
    "annualized_return_pct": -5.302952097278501,
    "max_drawdown_pct": 27.93289597519091,
    "sharpe": -0.12803896393223935,
    "win_rate_pct": 48.4375,
    "profit_factor": 0.9894829154265316
  },
  "win016_tr20180101-20221231_te20230101-20230331_va20230401-20230630": {
    "cumulative_return_pct": -40.851701185323776,
    "annualized_return_pct": -88.97063047037852,
    "max_drawdown_pct": 44.335646822860056,
    "sharpe": -1.5974368153473093,
    "win_rate_pct": 35.59322033898305,
    "profit_factor": 0.515107510871622
  },
  "win017_tr20180701-20230630_te20230701-20230930_va20231001-20231231": {
    "cumulative_return_pct": 21.440697821584855,
    "annualized_return_pct": 126.03953832532846,
    "max_drawdown_pct": 22.73276314781996,
    "sharpe": 2.093378054802728,
    "win_rate_pct": 50.0,
    "profit_factor": 1.215184528500938
  },
  "win018_tr20190101-20231231_te20240101-20240331_va20240401-20240630": {
    "cumulative_return_pct": -38.878722741829314,
    "annualized_return_pct": -87.34165865635792,
    "max_drawdown_pct": 40.06833312299488,
    "sharpe": -1.1613706959785883,
    "win_rate_pct": 37.93103448275862,
    "profit_factor": 0.6321956961851877
  },
  "win019_tr20190701-20240630_te20240701-20240930_va20241001-20241231": {
    "cumulative_return_pct": 81.00379683010722,
    "annualized_return_pct": 1011.1751526357046,
    "max_drawdown_pct": 20.47516994099776,
    "sharpe": 12.014231100643926,
    "win_rate_pct": 52.38095238095239,
    "profit_factor": 1.931842971638108
  },
  "win020_tr20200101-20241231_te20250101-20250331_va20250401-20250630": {
    "cumulative_return_pct": -24.297628808065948,
    "annualized_return_pct": -68.50543122449638,
    "max_drawdown_pct": 28.395038866015295,
    "sharpe": -1.1263732751632307,
    "win_rate_pct": 42.10526315789473,
    "profit_factor": 0.7179708567570158
  },
  "win021_tr20200701-20250630_te20250701-20250930_va20251001-20251231": {
    "cumulative_return_pct": -19.18705674378759,
    "annualized_return_pct": -57.87627671275146,
    "max_drawdown_pct": 20.318034803573077,
    "sharpe": -0.9226504762114387,
    "win_rate_pct": 41.53846153846154,
    "profit_factor": 0.7930499155581033
  }
}