{
  "win000_tr20100101-20141231_te20150101-20150331_va20150401-20150630": {
    "cumulative_return_pct": 3.188550821674417,
    "annualized_return_pct": 14.439358425864523,
    "max_drawdown_pct": 25.34118644923221,
    "sharpe": 0.17290279250270432,
    "win_rate_pct": 50.877192982456144,
    "profit_factor": 1.0401618570913875
  },
  "win001_tr20100701-20150630_te20150701-20150930_va20151001-20151231": {
    "cumulative_return_pct": -70.17912173596012,
    "annualized_return_pct": -99.26306574480425,
    "max_drawdown_pct": 72.97505406273548,
    "sharpe": -0.6913209155456149,
    "win_rate_pct": 46.03174603174603,
    "profit_factor": 0.5938791116634102
  },
  "win002_tr20110101-20151231_te20160101-20160331_va20160401-20160630": {
    "cumulative_return_pct": -21.8023728650267,
    "annualized_return_pct": -64.38793451685845,
    "max_drawdown_pct": 38.20622942893045,
    "sharpe": -0.8083437895573651,
    "win_rate_pct": 57.6271186440678,
    "profit_factor": 0.806321172930288
  },
  "win003_tr20110701-20160630_te20160701-20160930_va20161001-20161231": {
    "cumulative_return_pct": 5.783101289044879,
    "annualized_return_pct": 26.28201361365312,
    "max_drawdown_pct": 38.153772377141706,
    "sharpe": 0.28040760692258704,
    "win_rate_pct": 50.79365079365079,
    "profit_factor": 1.055862532736342
  },
  "win004_tr20120101-20161231_te20170101-20170331_va20170401-20170630": {
    "cumulative_return_pct": -42.780689066611636,
    "annualized_return_pct": -90.40384954307842,
    "max_drawdown_pct": 45.704993631591506,
    "sharpe": -1.7203461678123,
    "win_rate_pct": 37.28813559322034,
    "profit_factor": 0.43950032776142084
  },
  "win005_tr20120701-20170630_te20170701-20170930_va20171001-20171231": {
    "cumulative_return_pct": -37.45286904647624,
    "annualized_return_pct": -85.73916710104994,
    "max_drawdown_pct": 46.93410650556474,
    "sharpe": -1.8857896023851188,
    "win_rate_pct": 44.61538461538462,
    "profit_factor": 0.40141487461682135
  },
  "win006_tr20130101-20171231_te20180101-20180331_va20180401-20180630": {
    "cumulative_return_pct": -16.4002277841088,
    "annualized_return_pct": -52.859354565405845,
    "max_drawdown_pct": 43.043943219919015,
    "sharpe": -0.636550197379121,
    "win_rate_pct": 40.67796610169492,
    "profit_factor": 0.864984978011817
  },
  "win007_tr20130701-20180630_te20180701-20180930_va20181001-20181231": {
    "cumulative_return_pct": -46.69489325270036,
    "annualized_return_pct": -92.6559546975119,
    "max_drawdown_pct": 49.9541272972542,
    "sharpe": -1.5962456282566004,
    "win_rate_pct": 39.0625,
    "profit_factor": 0.5369155157444647
  },
  "win008_tr20140101-20181231_te20190101-20190331_va20190401-20190630": {
    "cumulative_return_pct": -22.75446893821382,
    "annualized_return_pct": -66.59682540948745,
    "max_drawdown_pct": 49.19138963322644,
    "sharpe": -0.6385248284534198,
    "win_rate_pct": 41.37931034482759,
    "profit_factor": 0.8372376988983
  },
  "win009_tr20140701-20190630_te20190701-20190930_va20191001-20191231": {
    "cumulative_return_pct": -34.67966144743468,
    "annualized_return_pct": -82.24155779336128,
    "max_drawdown_pct": 42.403284661466664,
    "sharpe": -0.8312836532107379,
    "win_rate_pct": 43.75,
    "profit_factor": 0.7303551383595817
  },
  "win010_tr20150101-20191231_te20200101-20200331_va20200401-20200630": {
    "cumulative_return_pct": 52.891971828632755,
    "annualized_return_pct": 471.0870384623317,
    "max_drawdown_pct": 22.76805671062001,
    "sharpe": 3.839473880615952,
    "win_rate_pct": 51.724137931034484,
    "profit_factor": 1.2631873106708043
  },
  "win011_tr20150701-20200630_te20200701-20200930_va20201001-20201231": {
    "cumulative_return_pct": -38.00327660968246,
    "annualized_return_pct": -85.63309815797568,
    "max_drawdown_pct": 61.76461286346546,
    "sharpe": -0.8700043712221107,
    "win_rate_pct": 41.53846153846154,
    "profit_factor": 0.7896752557510202
  },
  "win012_tr20160101-20201231_te20210101-20210331_va20210401-20210630": {
    "cumulative_return_pct": -39.684309011873694,
    "annualized_return_pct": -88.31934784352079,
    "max_drawdown_pct": 43.91037658056192,
    "sharpe": -0.9235588864021944,
    "win_rate_pct": 37.93103448275862,
    "profit_factor": 0.6608851606338602
  },
  "win013_tr20160701-20210630_te20210701-20210930_va20211001-20211231": {
    "cumulative_return_pct": -65.79335500547317,
    "annualized_return_pct": -98.71392873988455,
    "max_drawdown_pct": 70.19686661047292,
    "sharpe": -0.9667003736970697,
    "win_rate_pct": 34.92063492063492,
    "profit_factor": 0.458229055488933
  },
  "win014_tr20170101-20211231_te20220101-20220331_va20220401-20220630": {
    "cumulative_return_pct": 10.793719228686555,
    "annualized_return_pct": 54.546774895439555,
    "max_drawdown_pct": 32.01998917557985,
    "sharpe": 0.6168821629445096,
    "win_rate_pct": 58.620689655172406,
    "profit_factor": 1.0975851498470712
  },
  "win015_tr20170701-20220630_te20220701-20220930_va20221001-20221231": {
    "cumulative_return_pct": -59.09299445187322,
    "annualized_return_pct": -97.5524033919219,
    "max_drawdown_pct": 59.213341137513154,
    "sharpe": -1.2992950960854712,
    "win_rate_pct": 35.9375,
    "profit_factor": 0.4449070113325088
  },
  "win016_tr20180101-20221231_te20230101-20230331_va20230401-20230630": {
    "cumulative_return_pct": 15.587294627783216,
    "annualized_return_pct": 83.7020277106768,
    "max_drawdown_pct": 14.793516689190678,
    "sharpe": 1.1874965393038817,
    "win_rate_pct": 45.76271186440678,
    "profit_factor": 1.183230950306463
  },
  "win017_tr20180701-20230630_te20230701-20230930_va20231001-20231231": {
    "cumulative_return_pct": -20.38758997953632,
    "annualized_return_pct": -61.603648285691804,
    "max_drawdown_pct": 36.0729068571696,
    "sharpe": -0.9737934733594672,
    "win_rate_pct": 46.875,
    "profit_factor": 0.8121593440840035
  },
  "win018_tr20190101-20231231_te20240101-20240331_va20240401-20240630": {
    "cumulative_return_pct": 4.141925338626269,
    "annualized_return_pct": 18.576094355713302,
    "max_drawdown_pct": 52.80110937550385,
    "sharpe": 0.16997557900805263,
    "win_rate_pct": 48.275862068965516,
    "profit_factor": 1.04155839234083
  },
  "win019_tr20190701-20240630_te20240701-20240930_va20241001-20241231": {
    "cumulative_return_pct": 63.489576829180194,
    "annualized_return_pct": 635.2141658201748,
    "max_drawdown_pct": 34.286987059479834,
    "sharpe": 6.032115271548199,
    "win_rate_pct": 46.03174603174603,
    "profit_factor": 1.438559803345877
  },
  "win020_tr20200101-20241231_te20250101-20250331_va20250401-20250630": {
    "cumulative_return_pct": -18.664249434742832,
    "annualized_return_pct": -57.5754582353336,
    "max_drawdown_pct": 24.88057407082847,
    "sharpe": -0.95012851610518,
    "win_rate_pct": 43.859649122807014,
    "profit_factor": 0.7950306184617281
  },
  "win021_tr20200701-20250630_te20250701-20250930_va20251001-20251231": {
    "cumulative_return_pct": -21.77219283323551,
    "annualized_return_pct": -63.083201849415204,
    "max_drawdown_pct": 27.955459550082217,
    "sharpe": -1.0525899879419822,
    "win_rate_pct": 46.15384615384615,
    "profit_factor": 0.7725276807240736
  }
}