{
  "win000_tr20100101-20141231_te20150101-20150331_va20150401-20150630": {
    "cumulative_return_pct": -6.42723590136182,
    "annualized_return_pct": -24.83294654817605,
    "max_drawdown_pct": 26.929583479217534,
    "sharpe": -0.3403524126527609,
    "win_rate_pct": 45.614035087719294,
    "profit_factor": 0.9383942869985978
  },
  "win001_tr20100701-20150630_te20150701-20150930_va20151001-20151231": {
    "cumulative_return_pct": -74.8097735935143,
    "annualized_return_pct": -99.6284646388194,
    "max_drawdown_pct": 72.75133193137691,
    "sharpe": -0.7977730635236795,
    "win_rate_pct": 44.44444444444444,
    "profit_factor": 0.5635367040109384
  },
  "win002_tr20110101-20151231_te20160101-20160331_va20160401-20160630": {
    "cumulative_return_pct": -24.393223483664215,
    "annualized_return_pct": -69.08534444449397,
    "max_drawdown_pct": 35.923312112025926,
    "sharpe": -0.6313997659172952,
    "win_rate_pct": 50.847457627118644,
    "profit_factor": 0.8430453641604548
  },
  "win003_tr20110701-20160630_te20160701-20160930_va20161001-20161231": {
    "cumulative_return_pct": 45.797632617282005,
    "annualized_return_pct": 378.25277613723614,
    "max_drawdown_pct": 28.211487860393515,
    "sharpe": 5.0955533218638696,
    "win_rate_pct": 53.96825396825397,
    "profit_factor": 1.5116917663407945
  },
  "win004_tr20120101-20161231_te20170101-20170331_va20170401-20170630": {
    "cumulative_return_pct": -22.492996754008708,
    "annualized_return_pct": -65.68983847217301,
    "max_drawdown_pct": 42.38325465370764,
    "sharpe": -0.8156699191827932,
    "win_rate_pct": 54.23728813559322,
    "profit_factor": 0.8115682705417854
  },
  "win005_tr20120701-20170630_te20170701-20170930_va20171001-20171231": {
    "cumulative_return_pct": -12.08186342777079,
    "annualized_return_pct": -41.40050193067984,
    "max_drawdown_pct": 29.277555940410334,
    "sharpe": -0.6785254389451713,
    "win_rate_pct": 46.15384615384615,
    "profit_factor": 0.8889342101881942
  },
  "win006_tr20130101-20171231_te20180101-20180331_va20180401-20180630": {
    "cumulative_return_pct": -5.019633730043319,
    "annualized_return_pct": -19.443481165487654,
    "max_drawdown_pct": 34.90492976599222,
    "sharpe": -0.26709809311863936,
    "win_rate_pct": 52.54237288135594,
    "profit_factor": 0.9536590640853577
  },
  "win007_tr20130701-20180630_te20180701-20180930_va20181001-20181231": {
    "cumulative_return_pct": -50.67050115022981,
    "annualized_return_pct": -94.67624025745845,
    "max_drawdown_pct": 53.02883648542862,
    "sharpe": -1.688071271762663,
    "win_rate_pct": 34.375,
    "profit_factor": 0.48825044148332414
  },
  "win008_tr20140101-20181231_te20190101-20190331_va20190401-20190630": {
    "cumulative_return_pct": 1.4016573804150685,
    "annualized_return_pct": 6.0898668701827585,
    "max_drawdown_pct": 28.858742680931293,
    "sharpe": 0.032637342752736366,
    "win_rate_pct": 43.103448275862064,
    "profit_factor": 1.0097032931226064
  },
  "win009_tr20140701-20190630_te20190701-20190930_va20191001-20191231": {
    "cumulative_return_pct": 73.74311644721968,
    "annualized_return_pct": 841.076739938312,
    "max_drawdown_pct": 23.354133836186094,
    "sharpe": 9.08868969175216,
    "win_rate_pct": 53.125,
    "profit_factor": 1.66420829794542
  },
  "win010_tr20150101-20191231_te20200101-20200331_va20200401-20200630": {
    "cumulative_return_pct": -32.01927037336719,
    "annualized_return_pct": -79.48258177224136,
    "max_drawdown_pct": 53.195637118809856,
    "sharpe": -0.8999602500662082,
    "win_rate_pct": 48.275862068965516,
    "profit_factor": 0.782619908465501
  },
  "win011_tr20150701-20200630_te20200701-20200930_va20201001-20201231": {
    "cumulative_return_pct": -30.38997810912214,
    "annualized_return_pct": -77.01155468957145,
    "max_drawdown_pct": 39.71465809523174,
    "sharpe": -0.9220805570868755,
    "win_rate_pct": 38.46153846153847,
    "profit_factor": 0.7554021788365906
  },
  "win012_tr20160101-20201231_te20210101-20210331_va20210401-20210630": {
    "cumulative_return_pct": 14.430147983131045,
    "annualized_return_pct": 77.26654387821841,
    "max_drawdown_pct": 17.427495363909586,
    "sharpe": 0.8382004551998595,
    "win_rate_pct": 51.724137931034484,
    "profit_factor": 1.1232270710158014
  },
  "win013_tr20160701-20210630_te20210701-20210930_va20211001-20211231": {
    "cumulative_return_pct": -35.83004376515604,
    "annualized_return_pct": -83.47703470279824,
    "max_drawdown_pct": 49.52880071512902,
    "sharpe": -0.8110471458817189,
    "win_rate_pct": 44.44444444444444,
    "profit_factor": 0.7154322501537286
  },
  "win014_tr20170101-20211231_te20220101-20220331_va20220401-20220630": {
    "cumulative_return_pct": 26.612777070075484,
    "annualized_return_pct": 172.41537913145555,
    "max_drawdown_pct": 25.043717845636248,
    "sharpe": 2.006236984377089,
    "win_rate_pct": 48.275862068965516,
    "profit_factor": 1.2588872391887374
  },
  "win015_tr20170701-20220630_te20220701-20220930_va20221001-20221231": {
    "cumulative_return_pct": -21.546441774344036,
    "annualized_return_pct": -63.47564123342661,
    "max_drawdown_pct": 47.68147096770901,
    "sharpe": -0.8358749470042046,
    "win_rate_pct": 43.75,
    "profit_factor": 0.846078063174968
  },
  "win016_tr20180101-20221231_te20230101-20230331_va20230401-20230630": {
    "cumulative_return_pct": 100.81272231605132,
    "annualized_return_pct": 1767.244056271782,
    "max_drawdown_pct": 17.442836887720613,
    "sharpe": 20.73721173510855,
    "win_rate_pct": 55.932203389830505,
    "profit_factor": 1.9334048834597959
  },
  "win017_tr20180701-20230630_te20230701-20230930_va20231001-20231231": {
    "cumulative_return_pct": -4.05910348368003,
    "annualized_return_pct": -15.967579741106297,
    "max_drawdown_pct": 21.19354061758693,
    "sharpe": -0.3900492112110017,
    "win_rate_pct": 48.4375,
    "profit_factor": 0.9459098578857654
  },
  "win018_tr20190101-20231231_te20240101-20240331_va20240401-20240630": {
    "cumulative_return_pct": -13.474290088327425,
    "annualized_return_pct": -45.534927074185305,
    "max_drawdown_pct": 32.55990979111849,
    "sharpe": -0.5459808198804345,
    "win_rate_pct": 43.103448275862064,
    "profit_factor": 0.8808531993968167
  },
  "win019_tr20190701-20240630_te20240701-20240930_va20241001-20241231": {
    "cumulative_return_pct": 166.05916104408396,
    "annualized_return_pct": 5205.218375576364,
    "max_drawdown_pct": 23.97689601338544,
    "sharpe": 50.237261930091194,
    "win_rate_pct": 47.61904761904761,
    "profit_factor": 2.4568861518196847
  },
  "win020_tr20200101-20241231_te20250101-20250331_va20250401-20250630": {
    "cumulative_return_pct": 18.567341653186478,
    "annualized_return_pct": 102.76692704601422,
    "max_drawdown_pct": 21.314053064442643,
    "sharpe": 1.3765286637281442,
    "win_rate_pct": 45.614035087719294,
    "profit_factor": 1.1898990689716524
  },
  "win021_tr20200701-20250630_te20250701-20250930_va20251001-20251231": {
    "cumulative_return_pct": -37.370514241568806,
    "annualized_return_pct": -85.02865508784103,
    "max_drawdown_pct": 41.45453667535543,
    "sharpe": -1.2047653600527348,
    "win_rate_pct": 38.46153846153847,
    "profit_factor": 0.6282638725110671
  }
}