{
  "win000_tr20100101-20141231_te20150101-20150331_va20150401-20150630": {
    "cumulative_return_pct": 25.999444846127602,
    "annualized_return_pct": 169.95409147426003,
    "max_drawdown_pct": 16.045341777882506,
    "sharpe": 2.251698697023185,
    "win_rate_pct": 54.385964912280706,
    "profit_factor": 1.277841349332411
  },
  "win001_tr20100701-20150630_te20150701-20150930_va20151001-20151231": {
    "cumulative_return_pct": -41.17541744039694,
    "annualized_return_pct": -88.3910479971671,
    "max_drawdown_pct": 54.87556579708226,
    "sharpe": -0.6193060180067914,
    "win_rate_pct": 47.61904761904761,
    "profit_factor": 0.8010241192900133
  },
  "win002_tr20110101-20151231_te20160101-20160331_va20160401-20160630": {
    "cumulative_return_pct": -73.08523774705367,
    "annualized_return_pct": -99.59547713344745,
    "max_drawdown_pct": 74.39738461015128,
    "sharpe": -1.070988131061413,
    "win_rate_pct": 42.3728813559322,
    "profit_factor": 0.35407699833032585
  },
  "win003_tr20110701-20160630_te20160701-20160930_va20161001-20161231": {
    "cumulative_return_pct": 16.765839079542854,
    "annualized_return_pct": 90.28249458464397,
    "max_drawdown_pct": 21.086356151835943,
    "sharpe": 1.2004838934636854,
    "win_rate_pct": 57.14285714285714,
    "profit_factor": 1.1615611219032778
  },
  "win004_tr20120101-20161231_te20170101-20170331_va20170401-20170630": {
    "cumulative_return_pct": -17.846470665942764,
    "annualized_return_pct": -56.189587380111035,
    "max_drawdown_pct": 30.454186497283516,
    "sharpe": -0.8852609104891853,
    "win_rate_pct": 50.847457627118644,
    "profit_factor": 0.7592323577482036
  },
  "win005_tr20120701-20170630_te20170701-20170930_va20171001-20171231": {
    "cumulative_return_pct": -11.220131482347695,
    "annualized_return_pct": -38.97949494772212,
    "max_drawdown_pct": 28.63067005013502,
    "sharpe": -0.777472998183003,
    "win_rate_pct": 38.46153846153847,
    "profit_factor": 0.8318411975178601
  },
  "win006_tr20130101-20171231_te20180101-20180331_va20180401-20180630": {
    "cumulative_return_pct": -34.19218210892534,
    "annualized_return_pct": -82.73849039944055,
    "max_drawdown_pct": 41.49322618753079,
    "sharpe": -1.0421620537189218,
    "win_rate_pct": 42.3728813559322,
    "profit_factor": 0.646509931955257
  },
  "win007_tr20130701-20180630_te20180701-20180930_va20181001-20181231": {
    "cumulative_return_pct": -64.57587313702018,
    "annualized_return_pct": -98.65309981911017,
    "max_drawdown_pct": 66.91461381801327,
    "sharpe": -1.4866582825844785,
    "win_rate_pct": 34.375,
    "profit_factor": 0.3880737631495531
  },
  "win008_tr20140101-20181231_te20190101-20190331_va20190401-20190630": {
    "cumulative_return_pct": -46.5369932296599,
    "annualized_return_pct": -93.00129952761179,
    "max_drawdown_pct": 45.09817426273811,
    "sharpe": -1.1146494726568266,
    "win_rate_pct": 39.6551724137931,
    "profit_factor": 0.5798987490269591
  },
  "win009_tr20140701-20190630_te20190701-20190930_va20191001-20191231": {
    "cumulative_return_pct": -39.70462775595911,
    "annualized_return_pct": -87.16726709926955,
    "max_drawdown_pct": 40.83276086044027,
    "sharpe": -1.5582473381038133,
    "win_rate_pct": 34.375,
    "profit_factor": 0.5769507988538766
  },
  "win010_tr20150101-20191231_te20200101-20200331_va20200401-20200630": {
    "cumulative_return_pct": 71.80242953688877,
    "annualized_return_pct": 821.6041188191166,
    "max_drawdown_pct": 40.86131919865937,
    "sharpe": 6.55376951135059,
    "win_rate_pct": 56.896551724137936,
    "profit_factor": 1.2229367976440668
  },
  "win011_tr20150701-20200630_te20200701-20200930_va20201001-20201231": {
    "cumulative_return_pct": 29.339339994756784,
    "annualized_return_pct": 184.0796881347861,
    "max_drawdown_pct": 26.270459286519532,
    "sharpe": 2.2667255945280207,
    "win_rate_pct": 49.23076923076923,
    "profit_factor": 1.2242380133852717
  },
  "win012_tr20160101-20201231_te20210101-20210331_va20210401-20210630": {
    "cumulative_return_pct": -42.0436738358956,
    "annualized_return_pct": -90.14021911356662,
    "max_drawdown_pct": 52.764852971888345,
    "sharpe": -0.8942900066269694,
    "win_rate_pct": 39.6551724137931,
    "profit_factor": 0.6380649862700284
  },
  "win013_tr20160701-20210630_te20210701-20210930_va20211001-20211231": {
    "cumulative_return_pct": -34.31547911260057,
    "annualized_return_pct": -81.83630685974528,
    "max_drawdown_pct": 42.66976736558091,
    "sharpe": -0.7592662482416268,
    "win_rate_pct": 42.857142857142854,
    "profit_factor": 0.803053542227964
  },
  "win014_tr20170101-20211231_te20220101-20220331_va20220401-20220630": {
    "cumulative_return_pct": -42.566961645975496,
    "annualized_return_pct": -90.51280717062403,
    "max_drawdown_pct": 47.41566351468942,
    "sharpe": -0.9883802835900447,
    "win_rate_pct": 41.37931034482759,
    "profit_factor": 0.6411569775035932
  },
  "win015_tr20170701-20220630_te20220701-20220930_va20221001-20221231": {
    "cumulative_return_pct": 11.581310591641044,
    "annualized_return_pct": 57.59106553720335,
    "max_drawdown_pct": 25.809529110533134,
    "sharpe": 0.6808911553364462,
    "win_rate_pct": 46.875,
    "profit_factor": 1.1008604650571943
  },
  "win016_tr20180101-20221231_te20230101-20230331_va20230401-20230630": {
    "cumulative_return_pct": -37.58824879402502,
    "annualized_return_pct": -86.18115527027305,
    "max_drawdown_pct": 47.20274554179697,
    "sharpe": -1.1358853048038782,
    "win_rate_pct": 37.28813559322034,
    "profit_factor": 0.6082175497946808
  },
  "win017_tr20180701-20230630_te20230701-20230930_va20231001-20231231": {
    "cumulative_return_pct": -35.62396496374854,
    "annualized_return_pct": -84.26120315850673,
    "max_drawdown_pct": 41.51290100364126,
    "sharpe": -1.3163644708616098,
    "win_rate_pct": 35.9375,
    "profit_factor": 0.6094870243981059
  },
  "win018_tr20190101-20231231_te20240101-20240331_va20240401-20240630": {
    "cumulative_return_pct": -8.01701054219167,
    "annualized_return_pct": -29.590030269708766,
    "max_drawdown_pct": 32.30512913640618,
    "sharpe": -0.3561933182585858,
    "win_rate_pct": 43.103448275862064,
    "profit_factor": 0.9349469537731184
  },
  "win019_tr20190701-20240630_te20240701-20240930_va20241001-20241231": {
    "cumulative_return_pct": 33.22258536952438,
    "annualized_return_pct": 220.31588135931736,
    "max_drawdown_pct": 34.88093604438414,
    "sharpe": 2.0070528466548603,
    "win_rate_pct": 50.79365079365079,
    "profit_factor": 1.189090088365817
  },
  "win020_tr20200101-20241231_te20250101-20250331_va20250401-20250630": {
    "cumulative_return_pct": 7.033326965274894,
    "annualized_return_pct": 32.59303939966316,
    "max_drawdown_pct": 29.75047526814179,
    "sharpe": 0.2954920628003373,
    "win_rate_pct": 45.614035087719294,
    "profit_factor": 1.0540722561933404
  },
  "win021_tr20200701-20250630_te20250701-20250930_va20251001-20251231": {
    "cumulative_return_pct": 39.63565813144865,
    "annualized_return_pct": 287.65328159682906,
    "max_drawdown_pct": 27.84696283645155,
    "sharpe": 4.315059713023728,
    "win_rate_pct": 50.76923076923077,
    "profit_factor": 1.3290430720588238
  }
}