{
  "size": 4,
  "models": "FiLM,FreTS,LightTS,PatchTST",
  "num_windows": 22,
  "mean_test_cumulative_return_pct": -18.81956499429397,
  "std_test_cumulative_return_pct": 38.85234276171611,
  "min_test_cumulative_return_pct": -69.41903477778702,
  "max_test_cumulative_return_pct": 95.19841014201124,
  "mean_test_annualized_return_pct": 37.56857018597595,
  "mean_test_max_drawdown_pct": 40.73412902103209,
  "mean_test_sharpe": 0.27231275224028867,
  "mean_test_win_rate_pct": 46.25352636311621,
  "mean_test_profit_factor": 0.8187108540024809
}