{
  "win000_tr20100101-20141231_te20150101-20150331_va20150401-20150630": {
    "cumulative_return_pct": -8.38562055721892,
    "annualized_return_pct": -31.36343481232313,
    "max_drawdown_pct": 24.504012477519936,
    "sharpe": -0.5833775253892357,
    "win_rate_pct": 49.122807017543856,
    "profit_factor": 0.8858284676322439
  },
  "win001_tr20100701-20150630_te20150701-20150930_va20151001-20151231": {
    "cumulative_return_pct": -69.27478736245091,
    "annualized_return_pct": -99.16807637492006,
    "max_drawdown_pct": 69.75124108176001,
    "sharpe": -0.6763829332643342,
    "win_rate_pct": 46.03174603174603,
    "profit_factor": 0.6257418299419942
  },
  "win002_tr20110101-20151231_te20160101-20160331_va20160401-20160630": {
    "cumulative_return_pct": -59.08826743769562,
    "annualized_return_pct": -97.65344742516393,
    "max_drawdown_pct": 59.312557689182846,
    "sharpe": -1.0359382503755044,
    "win_rate_pct": 40.67796610169492,
    "profit_factor": 0.5073808176561352
  },
  "win003_tr20110701-20160630_te20160701-20160930_va20161001-20161231": {
    "cumulative_return_pct": -9.420353725261648,
    "annualized_return_pct": -33.67875655429995,
    "max_drawdown_pct": 35.025778520018996,
    "sharpe": -0.4898591296366915,
    "win_rate_pct": 53.96825396825397,
    "profit_factor": 0.9137479792639721
  },
  "win004_tr20120101-20161231_te20170101-20170331_va20170401-20170630": {
    "cumulative_return_pct": -8.579657174237992,
    "annualized_return_pct": -31.38056799899506,
    "max_drawdown_pct": 26.476736395560717,
    "sharpe": -0.5616028893950652,
    "win_rate_pct": 52.54237288135594,
    "profit_factor": 0.9034036423828773
  },
  "win005_tr20120701-20170630_te20170701-20170930_va20171001-20171231": {
    "cumulative_return_pct": -24.099176534736213,
    "annualized_return_pct": -68.16133260338677,
    "max_drawdown_pct": 29.399675253500845,
    "sharpe": -1.0917998500340635,
    "win_rate_pct": 49.23076923076923,
    "profit_factor": 0.7387917595272966
  },
  "win006_tr20130101-20171231_te20180101-20180331_va20180401-20180630": {
    "cumulative_return_pct": 51.567278026071264,
    "annualized_return_pct": 473.1014490584501,
    "max_drawdown_pct": 30.83475444131037,
    "sharpe": 4.934011167304725,
    "win_rate_pct": 49.152542372881356,
    "profit_factor": 1.423722132974604
  },
  "win007_tr20130701-20180630_te20180701-20180930_va20181001-20181231": {
    "cumulative_return_pct": -69.41903477778702,
    "annualized_return_pct": -99.26830501822818,
    "max_drawdown_pct": 68.7679638841007,
    "sharpe": -1.568445256162413,
    "win_rate_pct": 37.5,
    "profit_factor": 0.28164729740130917
  },
  "win008_tr20140101-20181231_te20190101-20190331_va20190401-20190630": {
    "cumulative_return_pct": -32.401639576180735,
    "annualized_return_pct": -81.045031727998,
    "max_drawdown_pct": 45.80678510853362,
    "sharpe": -0.8642006690891707,
    "win_rate_pct": 34.48275862068966,
    "profit_factor": 0.7147251891830597
  },
  "win009_tr20140701-20190630_te20190701-20190930_va20191001-20191231": {
    "cumulative_return_pct": 5.698373462192318,
    "annualized_return_pct": 25.221009695303632,
    "max_drawdown_pct": 42.236389002667444,
    "sharpe": 0.261264292311096,
    "win_rate_pct": 45.3125,
    "profit_factor": 1.0386116535157879
  },
  "win010_tr20150101-20191231_te20200101-20200331_va20200401-20200630": {
    "cumulative_return_pct": -64.59860616814925,
    "annualized_return_pct": -98.59002969323319,
    "max_drawdown_pct": 67.65381104324716,
    "sharpe": -0.9825592843738025,
    "win_rate_pct": 34.48275862068966,
    "profit_factor": 0.4746975990523269
  },
  "win011_tr20150701-20200630_te20200701-20200930_va20201001-20201231": {
    "cumulative_return_pct": -53.08518360514676,
    "annualized_return_pct": -95.36482108863063,
    "max_drawdown_pct": 57.92250651219049,
    "sharpe": -1.2761429899632593,
    "win_rate_pct": 47.69230769230769,
    "profit_factor": 0.5224628025814767
  },
  "win012_tr20160101-20201231_te20210101-20210331_va20210401-20210630": {
    "cumulative_return_pct": -33.76106821795927,
    "annualized_return_pct": -82.6119199956723,
    "max_drawdown_pct": 50.22729451576853,
    "sharpe": -1.1290628855879545,
    "win_rate_pct": 50.0,
    "profit_factor": 0.7064530966551961
  },
  "win013_tr20160701-20210630_te20210701-20210930_va20211001-20211231": {
    "cumulative_return_pct": 95.19841014201124,
    "annualized_return_pct": 1409.5571300728316,
    "max_drawdown_pct": 25.386826205673497,
    "sharpe": 15.164155755067554,
    "win_rate_pct": 58.730158730158735,
    "profit_factor": 1.502847585093663
  },
  "win014_tr20170101-20211231_te20220101-20220331_va20220401-20220630": {
    "cumulative_return_pct": -44.36379760588652,
    "annualized_return_pct": -91.71085908238652,
    "max_drawdown_pct": 55.85980179740483,
    "sharpe": -1.1787582760172353,
    "win_rate_pct": 48.275862068965516,
    "profit_factor": 0.6363197444867222
  },
  "win015_tr20170701-20220630_te20220701-20220930_va20221001-20221231": {
    "cumulative_return_pct": -6.365637449114502,
    "annualized_return_pct": -23.890285708019476,
    "max_drawdown_pct": 23.329815695706507,
    "sharpe": -0.337920474624223,
    "win_rate_pct": 46.875,
    "profit_factor": 0.9384587273676698
  },
  "win016_tr20180101-20221231_te20230101-20230331_va20230401-20230630": {
    "cumulative_return_pct": -31.575219163705864,
    "annualized_return_pct": -79.66798328856291,
    "max_drawdown_pct": 42.10777508434563,
    "sharpe": -1.1329238074771026,
    "win_rate_pct": 40.67796610169492,
    "profit_factor": 0.6859756442924232
  },
  "win017_tr20180701-20230630_te20230701-20230930_va20231001-20231231": {
    "cumulative_return_pct": -2.1920339175791015,
    "annualized_return_pct": -8.885320240722505,
    "max_drawdown_pct": 16.146476752714573,
    "sharpe": -0.28298450257199,
    "win_rate_pct": 53.125,
    "profit_factor": 0.9653957938515436
  },
  "win018_tr20190101-20231231_te20240101-20240331_va20240401-20240630": {
    "cumulative_return_pct": -51.841131030121915,
    "annualized_return_pct": -95.34641682302487,
    "max_drawdown_pct": 50.30378263686101,
    "sharpe": -1.2848271367912674,
    "win_rate_pct": 44.827586206896555,
    "profit_factor": 0.4984908812487573
  },
  "win019_tr20190701-20240630_te20240701-20240930_va20241001-20241231": {
    "cumulative_return_pct": 16.2965405520512,
    "annualized_return_pct": 84.5405939198465,
    "max_drawdown_pct": 36.96032556940689,
    "sharpe": 0.8913601191529974,
    "win_rate_pct": 50.79365079365079,
    "profit_factor": 1.16889146766815
  },
  "win020_tr20200101-20241231_te20250101-20250331_va20250401-20250630": {
    "cumulative_return_pct": -0.9787932652361225,
    "annualized_return_pct": -4.0003469441077915,
    "max_drawdown_pct": 15.512880244038346,
    "sharpe": -0.09645334425916163,
    "win_rate_pct": 45.614035087719294,
    "profit_factor": 0.989588427622234
  },
  "win021_tr20200701-20250630_te20250701-20250930_va20251001-20251231": {
    "cumulative_return_pct": -13.361024488324963,
    "annualized_return_pct": -44.124703275285526,
    "max_drawdown_pct": 22.623648551192975,
    "sharpe": -0.6866715795375445,
    "win_rate_pct": 38.46153846153847,
    "profit_factor": 0.8884562486551368
  }
}