{
  "size": 4,
  "models": "FiLM,LightTS,PatchTST,TimeMixer",
  "num_windows": 22,
  "mean_test_cumulative_return_pct": -15.909901464610835,
  "std_test_cumulative_return_pct": 33.44895084772422,
  "min_test_cumulative_return_pct": -77.80683826690473,
  "max_test_cumulative_return_pct": 37.82015486855565,
  "mean_test_annualized_return_pct": 3.475154923390652,
  "mean_test_max_drawdown_pct": 45.68673035253798,
  "mean_test_sharpe": -0.07415646325355894,
  "mean_test_win_rate_pct": 45.437224364434904,
  "mean_test_profit_factor": 0.8325855010402957
}