{
  "win000_tr20100101-20141231_te20150101-20150331_va20150401-20150630": {
    "cumulative_return_pct": 11.86412101301921,
    "annualized_return_pct": 61.89271033609065,
    "max_drawdown_pct": 21.791783684050912,
    "sharpe": 0.7923978009992068,
    "win_rate_pct": 50.877192982456144,
    "profit_factor": 1.1258218264644224
  },
  "win001_tr20100701-20150630_te20150701-20150930_va20151001-20151231": {
    "cumulative_return_pct": 14.807563621597735,
    "annualized_return_pct": 75.1379580859573,
    "max_drawdown_pct": 50.05902225356608,
    "sharpe": 0.49131656387594813,
    "win_rate_pct": 52.38095238095239,
    "profit_factor": 1.053858827139451
  },
  "win002_tr20110101-20151231_te20160101-20160331_va20160401-20160630": {
    "cumulative_return_pct": -77.80683826690473,
    "annualized_return_pct": -99.82001025722141,
    "max_drawdown_pct": 77.07039706660564,
    "sharpe": -1.1376198964722692,
    "win_rate_pct": 37.28813559322034,
    "profit_factor": 0.22511631142928332
  },
  "win003_tr20110701-20160630_te20160701-20160930_va20161001-20161231": {
    "cumulative_return_pct": 26.141866322165892,
    "annualized_return_pct": 162.1942742014649,
    "max_drawdown_pct": 41.97674185831145,
    "sharpe": 2.0778949949840197,
    "win_rate_pct": 58.730158730158735,
    "profit_factor": 1.2810612079830705
  },
  "win004_tr20120101-20161231_te20170101-20170331_va20170401-20170630": {
    "cumulative_return_pct": -44.64339867742724,
    "annualized_return_pct": -91.64869455306085,
    "max_drawdown_pct": 54.923406880644144,
    "sharpe": -1.4879567306148764,
    "win_rate_pct": 47.45762711864407,
    "profit_factor": 0.41562222851760205
  },
  "win005_tr20120701-20170630_te20170701-20170930_va20171001-20171231": {
    "cumulative_return_pct": -32.42625635370903,
    "annualized_return_pct": -80.34459940716847,
    "max_drawdown_pct": 35.65234589828124,
    "sharpe": -1.5552282294116937,
    "win_rate_pct": 41.53846153846154,
    "profit_factor": 0.62208083757797
  },
  "win006_tr20130101-20171231_te20180101-20180331_va20180401-20180630": {
    "cumulative_return_pct": 30.591746972230798,
    "annualized_return_pct": 206.65229416014955,
    "max_drawdown_pct": 41.12424735204047,
    "sharpe": 2.449723656349601,
    "win_rate_pct": 47.45762711864407,
    "profit_factor": 1.365905896270238
  },
  "win007_tr20130701-20180630_te20180701-20180930_va20181001-20181231": {
    "cumulative_return_pct": -39.37208115179291,
    "annualized_return_pct": -87.46950982932754,
    "max_drawdown_pct": 51.463934155801894,
    "sharpe": -1.2455135585487076,
    "win_rate_pct": 42.1875,
    "profit_factor": 0.6624522594695825
  },
  "win008_tr20140101-20181231_te20190101-20190331_va20190401-20190630": {
    "cumulative_return_pct": -46.29301805175323,
    "annualized_return_pct": -92.86464683788326,
    "max_drawdown_pct": 54.338160801078,
    "sharpe": -0.9313995753326222,
    "win_rate_pct": 37.93103448275862,
    "profit_factor": 0.577473222631648
  },
  "win009_tr20140701-20190630_te20190701-20190930_va20191001-20191231": {
    "cumulative_return_pct": -30.008649069487852,
    "annualized_return_pct": -76.4961814190584,
    "max_drawdown_pct": 37.240394071054766,
    "sharpe": -1.177921044844395,
    "win_rate_pct": 40.625,
    "profit_factor": 0.7282976294565542
  },
  "win010_tr20150101-20191231_te20200101-20200331_va20200401-20200630": {
    "cumulative_return_pct": 31.323516194411344,
    "annualized_return_pct": 205.96352233714023,
    "max_drawdown_pct": 41.698364211392295,
    "sharpe": 1.7468299017612339,
    "win_rate_pct": 51.724137931034484,
    "profit_factor": 1.1267325656256861
  },
  "win011_tr20150701-20200630_te20200701-20200930_va20201001-20201231": {
    "cumulative_return_pct": 8.903745009445236,
    "annualized_return_pct": 41.36180744995323,
    "max_drawdown_pct": 35.93098146588851,
    "sharpe": 0.4813723749952503,
    "win_rate_pct": 49.23076923076923,
    "profit_factor": 1.0622218996208592
  },
  "win012_tr20160101-20201231_te20210101-20210331_va20210401-20210630": {
    "cumulative_return_pct": -23.9273260892228,
    "annualized_return_pct": -68.69835492058118,
    "max_drawdown_pct": 47.54001289177895,
    "sharpe": -0.7605844020228908,
    "win_rate_pct": 39.6551724137931,
    "profit_factor": 0.7710216012079899
  },
  "win013_tr20160701-20210630_te20210701-20210930_va20211001-20211231": {
    "cumulative_return_pct": -46.235722678977496,
    "annualized_return_pct": -91.94150286284125,
    "max_drawdown_pct": 50.29996855160086,
    "sharpe": -0.7827419064082763,
    "win_rate_pct": 44.44444444444444,
    "profit_factor": 0.7562726537519511
  },
  "win014_tr20170101-20211231_te20220101-20220331_va20220401-20220630": {
    "cumulative_return_pct": -40.89455058613631,
    "annualized_return_pct": -89.28281197942277,
    "max_drawdown_pct": 54.56702335083597,
    "sharpe": -0.9641374961771406,
    "win_rate_pct": 44.827586206896555,
    "profit_factor": 0.6599110462531828
  },
  "win015_tr20170701-20220630_te20220701-20220930_va20221001-20221231": {
    "cumulative_return_pct": -2.8955778553291807,
    "annualized_return_pct": -11.481380272817587,
    "max_drawdown_pct": 37.192419962169,
    "sharpe": -0.17864678959959354,
    "win_rate_pct": 46.875,
    "profit_factor": 0.9715674364780191
  },
  "win016_tr20180101-20221231_te20230101-20230331_va20230401-20230630": {
    "cumulative_return_pct": -44.19718307800448,
    "annualized_return_pct": -91.3624114056782,
    "max_drawdown_pct": 51.05676302664087,
    "sharpe": -1.1178162893506072,
    "win_rate_pct": 33.89830508474576,
    "profit_factor": 0.5770861973554626
  },
  "win017_tr20180701-20230630_te20230701-20230930_va20231001-20231231": {
    "cumulative_return_pct": -13.834378226125077,
    "annualized_return_pct": -46.48020968045409,
    "max_drawdown_pct": 34.81285996735136,
    "sharpe": -0.776326830336187,
    "win_rate_pct": 54.6875,
    "profit_factor": 0.8434009370785608
  },
  "win018_tr20190101-20231231_te20240101-20240331_va20240401-20240630": {
    "cumulative_return_pct": -52.90111969243346,
    "annualized_return_pct": -95.76153870039533,
    "max_drawdown_pct": 57.13376511890353,
    "sharpe": -1.1123993373419832,
    "win_rate_pct": 44.827586206896555,
    "profit_factor": 0.5042958329422045
  },
  "win019_tr20190701-20240630_te20240701-20240930_va20241001-20241231": {
    "cumulative_return_pct": 37.82015486855565,
    "annualized_return_pct": 267.601699462888,
    "max_drawdown_pct": 31.822871558687343,
    "sharpe": 2.73753891829237,
    "win_rate_pct": 52.38095238095239,
    "profit_factor": 1.2568902023826436
  },
  "win020_tr20200101-20241231_te20250101-20250331_va20250401-20250630": {
    "cumulative_return_pct": -43.7802754012609,
    "annualized_return_pct": -90.83998776716713,
    "max_drawdown_pct": 53.49578168229875,
    "sharpe": -1.3863518511889081,
    "win_rate_pct": 29.82456140350877,
    "profit_factor": 0.5613516937930412
  },
  "win021_tr20200701-20250630_te20250701-20250930_va20251001-20251231": {
    "cumulative_return_pct": 27.745828955700414,
    "annualized_return_pct": 170.14098217402793,
    "max_drawdown_pct": 43.916821946853574,
    "sharpe": 2.2061275348142266,
    "win_rate_pct": 50.76923076923077,
    "profit_factor": 1.1684387094570803
  }
}