{
  "win000_tr20100101-20141231_te20150101-20150331_va20150401-20150630": {
    "cumulative_return_pct": 44.34608709711693,
    "annualized_return_pct": 384.1419653609636,
    "max_drawdown_pct": 10.994245636939285,
    "sharpe": 5.851151960629631,
    "win_rate_pct": 54.385964912280706,
    "profit_factor": 1.6579505200264206
  },
  "win001_tr20100701-20150630_te20150701-20150930_va20151001-20151231": {
    "cumulative_return_pct": -61.861741782007776,
    "annualized_return_pct": -98.00003312509372,
    "max_drawdown_pct": 69.18597997862538,
    "sharpe": -0.7025068242655297,
    "win_rate_pct": 47.61904761904761,
    "profit_factor": 0.7037000664717636
  },
  "win002_tr20110101-20151231_te20160101-20160331_va20160401-20160630": {
    "cumulative_return_pct": -43.01312790285131,
    "annualized_return_pct": -90.56644638744622,
    "max_drawdown_pct": 44.50192536617459,
    "sharpe": -1.1348280048177506,
    "win_rate_pct": 50.847457627118644,
    "profit_factor": 0.5896435733494655
  },
  "win003_tr20110701-20160630_te20160701-20160930_va20161001-20161231": {
    "cumulative_return_pct": -4.502984439748176,
    "annualized_return_pct": -17.406418658124455,
    "max_drawdown_pct": 32.7373868412647,
    "sharpe": -0.2645642948166708,
    "win_rate_pct": 47.61904761904761,
    "profit_factor": 0.9600457488593848
  },
  "win004_tr20120101-20161231_te20170101-20170331_va20170401-20170630": {
    "cumulative_return_pct": 10.989606249085558,
    "annualized_return_pct": 54.92005121939603,
    "max_drawdown_pct": 24.345274970285438,
    "sharpe": 0.9327580473953696,
    "win_rate_pct": 55.932203389830505,
    "profit_factor": 1.1925381361884297
  },
  "win005_tr20120701-20170630_te20170701-20170930_va20171001-20171231": {
    "cumulative_return_pct": -9.98470232443125,
    "annualized_return_pct": -35.377049956912266,
    "max_drawdown_pct": 23.50300528549915,
    "sharpe": -0.7183910665066597,
    "win_rate_pct": 44.61538461538462,
    "profit_factor": 0.8507580683383125
  },
  "win006_tr20130101-20171231_te20180101-20180331_va20180401-20180630": {
    "cumulative_return_pct": -0.9812246756786945,
    "annualized_return_pct": -4.055276380204886,
    "max_drawdown_pct": 27.8899441801026,
    "sharpe": -0.09127446933985692,
    "win_rate_pct": 50.847457627118644,
    "profit_factor": 0.9889784746302634
  },
  "win007_tr20130701-20180630_te20180701-20180930_va20181001-20181231": {
    "cumulative_return_pct": -61.194088874163434,
    "annualized_return_pct": -98.03350593142117,
    "max_drawdown_pct": 64.41511929605885,
    "sharpe": -1.5019847561359394,
    "win_rate_pct": 35.9375,
    "profit_factor": 0.412192395558639
  },
  "win008_tr20140101-20181231_te20190101-20190331_va20190401-20190630": {
    "cumulative_return_pct": -7.44791627951418,
    "annualized_return_pct": -28.01548739959988,
    "max_drawdown_pct": 35.699266148864226,
    "sharpe": -0.3002575066710475,
    "win_rate_pct": 46.55172413793103,
    "profit_factor": 0.9415019003710057
  },
  "win009_tr20140701-20190630_te20190701-20190930_va20191001-20191231": {
    "cumulative_return_pct": -8.319971870779282,
    "annualized_return_pct": -29.709228319573413,
    "max_drawdown_pct": 34.247455223780065,
    "sharpe": -0.5576193558893472,
    "win_rate_pct": 48.4375,
    "profit_factor": 0.8910418586208237
  },
  "win010_tr20150101-20191231_te20200101-20200331_va20200401-20200630": {
    "cumulative_return_pct": -39.132880071459155,
    "annualized_return_pct": -86.96469033866758,
    "max_drawdown_pct": 57.27305514321519,
    "sharpe": -0.8869999381525249,
    "win_rate_pct": 43.103448275862064,
    "profit_factor": 0.7688993332813647
  },
  "win011_tr20150701-20200630_te20200701-20200930_va20201001-20201231": {
    "cumulative_return_pct": -32.337542718666455,
    "annualized_return_pct": -79.51223031601118,
    "max_drawdown_pct": 48.97145781953542,
    "sharpe": -1.1786356536132157,
    "win_rate_pct": 46.15384615384615,
    "profit_factor": 0.7324994609878098
  },
  "win012_tr20160101-20201231_te20210101-20210331_va20210401-20210630": {
    "cumulative_return_pct": -42.10968133090805,
    "annualized_return_pct": -90.1878236494761,
    "max_drawdown_pct": 59.883752373404654,
    "sharpe": -1.0081939618482236,
    "win_rate_pct": 43.103448275862064,
    "profit_factor": 0.5933374389405629
  },
  "win013_tr20160701-20210630_te20210701-20210930_va20211001-20211231": {
    "cumulative_return_pct": -61.33807213848495,
    "annualized_return_pct": -97.88622432499206,
    "max_drawdown_pct": 69.15568076363792,
    "sharpe": -0.898414523978107,
    "win_rate_pct": 36.507936507936506,
    "profit_factor": 0.5744600091312949
  },
  "win014_tr20170101-20211231_te20220101-20220331_va20220401-20220630": {
    "cumulative_return_pct": -5.295427041248639,
    "annualized_return_pct": -20.63203830551731,
    "max_drawdown_pct": 27.931504423961435,
    "sharpe": -0.3489451934709601,
    "win_rate_pct": 50.0,
    "profit_factor": 0.9398871378030023
  },
  "win015_tr20170701-20220630_te20220701-20220930_va20221001-20221231": {
    "cumulative_return_pct": -36.501863976091585,
    "annualized_return_pct": -84.81740573334807,
    "max_drawdown_pct": 35.31768348900856,
    "sharpe": -1.1517083436008793,
    "win_rate_pct": 37.5,
    "profit_factor": 0.6943937794123825
  },
  "win016_tr20180101-20221231_te20230101-20230331_va20230401-20230630": {
    "cumulative_return_pct": -51.60167181236513,
    "annualized_return_pct": -95.24849808494972,
    "max_drawdown_pct": 55.04037740299527,
    "sharpe": -1.6320190044902354,
    "win_rate_pct": 32.20338983050847,
    "profit_factor": 0.4044688709558201
  },
  "win017_tr20180701-20230630_te20230701-20230930_va20231001-20231231": {
    "cumulative_return_pct": -23.087872385073744,
    "annualized_return_pct": -66.78189701128964,
    "max_drawdown_pct": 30.49043669961547,
    "sharpe": -0.8660836537055575,
    "win_rate_pct": 39.0625,
    "profit_factor": 0.8039662481605543
  },
  "win018_tr20190101-20231231_te20240101-20240331_va20240401-20240630": {
    "cumulative_return_pct": 31.919183097096255,
    "annualized_return_pct": 219.95284507769074,
    "max_drawdown_pct": 38.23764162672752,
    "sharpe": 2.080944365969075,
    "win_rate_pct": 48.275862068965516,
    "profit_factor": 1.2681960549948093
  },
  "win019_tr20190701-20240630_te20240701-20240930_va20241001-20241231": {
    "cumulative_return_pct": 89.836480502386,
    "annualized_return_pct": 1248.209890468559,
    "max_drawdown_pct": 31.46815033065768,
    "sharpe": 14.75127209151914,
    "win_rate_pct": 55.55555555555556,
    "profit_factor": 1.7205340094623698
  },
  "win020_tr20200101-20241231_te20250101-20250331_va20250401-20250630": {
    "cumulative_return_pct": -5.55945042733755,
    "annualized_return_pct": -21.133297283763742,
    "max_drawdown_pct": 19.066319915062056,
    "sharpe": -0.2404224882029291,
    "win_rate_pct": 36.84210526315789,
    "profit_factor": 0.9524159143471825
  },
  "win021_tr20200701-20250630_te20250701-20250930_va20251001-20251231": {
    "cumulative_return_pct": 14.41214595608199,
    "annualized_return_pct": 72.702808522205,
    "max_drawdown_pct": 17.711210349574614,
    "sharpe": 0.9062747279253867,
    "win_rate_pct": 49.23076923076923,
    "profit_factor": 1.1415440961046064
  }
}