{
  "win000_tr20100101-20141231_te20150101-20150331_va20150401-20150630": {
    "cumulative_return_pct": 5.172109185347659,
    "annualized_return_pct": 24.196139375248805,
    "max_drawdown_pct": 30.785748947642016,
    "sharpe": 0.2910894183790256,
    "win_rate_pct": 52.63157894736842,
    "profit_factor": 1.0599648521913176
  },
  "win001_tr20100701-20150630_te20150701-20150930_va20151001-20151231": {
    "cumulative_return_pct": -37.42105257244682,
    "annualized_return_pct": -85.07762334519175,
    "max_drawdown_pct": 62.4664580220324,
    "sharpe": -0.6709922917470217,
    "win_rate_pct": 50.79365079365079,
    "profit_factor": 0.8399512756679661
  },
  "win002_tr20110101-20151231_te20160101-20160331_va20160401-20160630": {
    "cumulative_return_pct": -47.24757773748025,
    "annualized_return_pct": -93.17823117028766,
    "max_drawdown_pct": 53.274223605164906,
    "sharpe": -1.0308465761469956,
    "win_rate_pct": 44.06779661016949,
    "profit_factor": 0.5599153226146478
  },
  "win003_tr20110701-20160630_te20160701-20160930_va20161001-20161231": {
    "cumulative_return_pct": -0.7219022892512963,
    "annualized_return_pct": -2.9624066266671356,
    "max_drawdown_pct": 31.654989862182237,
    "sharpe": -0.08229550123859075,
    "win_rate_pct": 44.44444444444444,
    "profit_factor": 0.9922662602748262
  },
  "win004_tr20120101-20161231_te20170101-20170331_va20170401-20170630": {
    "cumulative_return_pct": -29.29976891126137,
    "annualized_return_pct": -76.67470638915563,
    "max_drawdown_pct": 35.533008246404144,
    "sharpe": -1.2061656142572987,
    "win_rate_pct": 54.23728813559322,
    "profit_factor": 0.697245552327469
  },
  "win005_tr20120701-20170630_te20170701-20170930_va20171001-20171231": {
    "cumulative_return_pct": -29.55905209229827,
    "annualized_return_pct": -76.64455847203723,
    "max_drawdown_pct": 32.57563363422889,
    "sharpe": -1.3873378805116914,
    "win_rate_pct": 35.38461538461539,
    "profit_factor": 0.6304670683894692
  },
  "win006_tr20130101-20171231_te20180101-20180331_va20180401-20180630": {
    "cumulative_return_pct": -14.587163912250823,
    "annualized_return_pct": -48.41597068888357,
    "max_drawdown_pct": 44.48581008684545,
    "sharpe": -0.620034494450574,
    "win_rate_pct": 47.45762711864407,
    "profit_factor": 0.8255363928018392
  },
  "win007_tr20130701-20180630_te20180701-20180930_va20181001-20181231": {
    "cumulative_return_pct": -58.65640478368726,
    "annualized_return_pct": -97.44214308940016,
    "max_drawdown_pct": 65.4098036582344,
    "sharpe": -1.5067052071383178,
    "win_rate_pct": 42.1875,
    "profit_factor": 0.43486950255316253
  },
  "win008_tr20140101-20181231_te20190101-20190331_va20190401-20190630": {
    "cumulative_return_pct": -40.25424856152826,
    "annualized_return_pct": -88.78097442211434,
    "max_drawdown_pct": 53.986531660412375,
    "sharpe": -1.0210712027705307,
    "win_rate_pct": 44.827586206896555,
    "profit_factor": 0.7123017248495307
  },
  "win009_tr20140701-20190630_te20190701-20190930_va20191001-20191231": {
    "cumulative_return_pct": -36.401037531241634,
    "annualized_return_pct": -84.06563693927934,
    "max_drawdown_pct": 43.50874484044387,
    "sharpe": -0.8498926859464266,
    "win_rate_pct": 45.3125,
    "profit_factor": 0.7294100365248016
  },
  "win010_tr20150101-20191231_te20200101-20200331_va20200401-20200630": {
    "cumulative_return_pct": -19.023328232460397,
    "annualized_return_pct": -57.93554163463739,
    "max_drawdown_pct": 45.169648039767665,
    "sharpe": -0.5767378088166436,
    "win_rate_pct": 51.724137931034484,
    "profit_factor": 0.8827132667253909
  },
  "win011_tr20150701-20200630_te20200701-20200930_va20201001-20201231": {
    "cumulative_return_pct": -65.17426575799051,
    "annualized_return_pct": -98.61682018469392,
    "max_drawdown_pct": 73.00956318380332,
    "sharpe": -1.0682490319305347,
    "win_rate_pct": 30.76923076923077,
    "profit_factor": 0.34337593186364984
  },
  "win012_tr20160101-20201231_te20210101-20210331_va20210401-20210630": {
    "cumulative_return_pct": -47.20891417944831,
    "annualized_return_pct": -93.3673201094613,
    "max_drawdown_pct": 56.47149086689801,
    "sharpe": -0.8568540747996285,
    "win_rate_pct": 34.48275862068966,
    "profit_factor": 0.5768738637931208
  },
  "win013_tr20160701-20210630_te20210701-20210930_va20211001-20211231": {
    "cumulative_return_pct": 12.44837673318775,
    "annualized_return_pct": 60.984858944756006,
    "max_drawdown_pct": 35.435827520038075,
    "sharpe": 0.5085279056147864,
    "win_rate_pct": 47.61904761904761,
    "profit_factor": 1.0718086161320202
  },
  "win014_tr20170101-20211231_te20220101-20220331_va20220401-20220630": {
    "cumulative_return_pct": 22.84590799986736,
    "annualized_return_pct": 139.6200657527841,
    "max_drawdown_pct": 21.01377038602956,
    "sharpe": 1.748445402027011,
    "win_rate_pct": 56.896551724137936,
    "profit_factor": 1.215530981727524
  },
  "win015_tr20170701-20220630_te20220701-20220930_va20221001-20221231": {
    "cumulative_return_pct": -11.76689836013452,
    "annualized_return_pct": -40.52423656330072,
    "max_drawdown_pct": 29.104638112977888,
    "sharpe": -0.6136967882170564,
    "win_rate_pct": 43.75,
    "profit_factor": 0.8863384980390678
  },
  "win016_tr20180101-20221231_te20230101-20230331_va20230401-20230630": {
    "cumulative_return_pct": -13.07697623987589,
    "annualized_return_pct": -44.47721943954286,
    "max_drawdown_pct": 32.593317570665754,
    "sharpe": -0.6627355760559926,
    "win_rate_pct": 47.45762711864407,
    "profit_factor": 0.8679747251712019
  },
  "win017_tr20180701-20230630_te20230701-20230930_va20231001-20231231": {
    "cumulative_return_pct": -22.14005204430575,
    "annualized_return_pct": -65.02911302028694,
    "max_drawdown_pct": 38.7606654964936,
    "sharpe": -0.9159243365403149,
    "win_rate_pct": 40.625,
    "profit_factor": 0.8140068404710943
  },
  "win018_tr20190101-20231231_te20240101-20240331_va20240401-20240630": {
    "cumulative_return_pct": 10.910237039529136,
    "annualized_return_pct": 54.45548065759513,
    "max_drawdown_pct": 23.315141688007014,
    "sharpe": 0.544545522795813,
    "win_rate_pct": 56.896551724137936,
    "profit_factor": 1.084534666153538
  },
  "win019_tr20190701-20240630_te20240701-20240930_va20241001-20241231": {
    "cumulative_return_pct": 61.629314578842745,
    "annualized_return_pct": 601.8498302600573,
    "max_drawdown_pct": 44.407148431827196,
    "sharpe": 4.944459266351284,
    "win_rate_pct": 50.79365079365079,
    "profit_factor": 1.3072670399220931
  },
  "win020_tr20200101-20241231_te20250101-20250331_va20250401-20250630": {
    "cumulative_return_pct": -29.9405031613485,
    "annualized_return_pct": -77.16503738294524,
    "max_drawdown_pct": 49.59501404605929,
    "sharpe": -0.7973673222772739,
    "win_rate_pct": 47.368421052631575,
    "profit_factor": 0.7805721226849535
  },
  "win021_tr20200701-20250630_te20250701-20250930_va20251001-20251231": {
    "cumulative_return_pct": -46.081458591912586,
    "annualized_return_pct": -91.8472536206888,
    "max_drawdown_pct": 52.22242528036608,
    "sharpe": -1.182659475764629,
    "win_rate_pct": 44.61538461538462,
    "profit_factor": 0.5116138012587433
  }
}