{
  "win000_tr20100101-20141231_te20150101-20150331_va20150401-20150630": {
    "cumulative_return_pct": 26.13695446062542,
    "annualized_return_pct": 171.2223475325549,
    "max_drawdown_pct": 27.08112574405478,
    "sharpe": 2.065560120544908,
    "win_rate_pct": 47.368421052631575,
    "profit_factor": 1.263193374178376
  },
  "win001_tr20100701-20150630_te20150701-20150930_va20151001-20151231": {
    "cumulative_return_pct": -14.849052507021163,
    "annualized_return_pct": -47.91823912782398,
    "max_drawdown_pct": 53.480456298686995,
    "sharpe": -0.36238548704799545,
    "win_rate_pct": 57.14285714285714,
    "profit_factor": 0.9310204965123603
  },
  "win002_tr20110101-20151231_te20160101-20160331_va20160401-20160630": {
    "cumulative_return_pct": -59.044715639445535,
    "annualized_return_pct": -97.64294236022147,
    "max_drawdown_pct": 57.80624968194786,
    "sharpe": -0.9731097440464539,
    "win_rate_pct": 42.3728813559322,
    "profit_factor": 0.5459124076474093
  },
  "win003_tr20110701-20160630_te20160701-20160930_va20161001-20161231": {
    "cumulative_return_pct": 32.19995804341112,
    "annualized_return_pct": 218.55090870283527,
    "max_drawdown_pct": 31.566047904327466,
    "sharpe": 2.4635991408940248,
    "win_rate_pct": 47.61904761904761,
    "profit_factor": 1.2777957914095535
  },
  "win004_tr20120101-20161231_te20170101-20170331_va20170401-20170630": {
    "cumulative_return_pct": -3.4029197733983043,
    "annualized_return_pct": -13.528155667678575,
    "max_drawdown_pct": 25.63400461312797,
    "sharpe": -0.20946703896457364,
    "win_rate_pct": 50.847457627118644,
    "profit_factor": 0.9664314271119072
  },
  "win005_tr20120701-20170630_te20170701-20170930_va20171001-20171231": {
    "cumulative_return_pct": -22.83993184100846,
    "annualized_return_pct": -65.91091695971092,
    "max_drawdown_pct": 27.593026043618217,
    "sharpe": -1.1186839819300447,
    "win_rate_pct": 44.61538461538462,
    "profit_factor": 0.7753070700458601
  },
  "win006_tr20130101-20171231_te20180101-20180331_va20180401-20180630": {
    "cumulative_return_pct": 33.56657628345033,
    "annualized_return_pct": 237.0652754925714,
    "max_drawdown_pct": 21.0785111565948,
    "sharpe": 2.826147410070678,
    "win_rate_pct": 52.54237288135594,
    "profit_factor": 1.301221965593072
  },
  "win007_tr20130701-20180630_te20180701-20180930_va20181001-20181231": {
    "cumulative_return_pct": -24.56863379998682,
    "annualized_return_pct": -68.97076147208553,
    "max_drawdown_pct": 27.12321978402829,
    "sharpe": -1.2219411572338366,
    "win_rate_pct": 46.875,
    "profit_factor": 0.7296823211628694
  },
  "win008_tr20140101-20181231_te20190101-20190331_va20190401-20190630": {
    "cumulative_return_pct": -57.41275587230891,
    "annualized_return_pct": -97.33611354800078,
    "max_drawdown_pct": 58.568192974922525,
    "sharpe": -0.987847379510851,
    "win_rate_pct": 31.03448275862069,
    "profit_factor": 0.5591383125463693
  },
  "win009_tr20140701-20190630_te20190701-20190930_va20191001-20191231": {
    "cumulative_return_pct": -63.43032980824069,
    "annualized_return_pct": -98.31344864964045,
    "max_drawdown_pct": 63.82944444297711,
    "sharpe": -1.007665799573964,
    "win_rate_pct": 45.3125,
    "profit_factor": 0.48406064305198
  },
  "win010_tr20150101-20191231_te20200101-20200331_va20200401-20200630": {
    "cumulative_return_pct": -28.485519890550304,
    "annualized_return_pct": -74.73945398130331,
    "max_drawdown_pct": 44.33478522875797,
    "sharpe": -0.7855205868553936,
    "win_rate_pct": 37.93103448275862,
    "profit_factor": 0.8042083143162418
  },
  "win011_tr20150701-20200630_te20200701-20200930_va20201001-20201231": {
    "cumulative_return_pct": -60.00268370577234,
    "annualized_return_pct": -97.57390086718091,
    "max_drawdown_pct": 66.89551525185009,
    "sharpe": -1.3452503565688212,
    "win_rate_pct": 33.84615384615385,
    "profit_factor": 0.44878684331015806
  },
  "win012_tr20160101-20201231_te20210101-20210331_va20210401-20210630": {
    "cumulative_return_pct": -25.581853337656753,
    "annualized_return_pct": -71.48928301537927,
    "max_drawdown_pct": 49.23107901181659,
    "sharpe": -0.7060829487119721,
    "win_rate_pct": 39.6551724137931,
    "profit_factor": 0.841539596041895
  },
  "win013_tr20160701-20210630_te20210701-20210930_va20211001-20211231": {
    "cumulative_return_pct": -14.090396312286657,
    "annualized_return_pct": -46.00925804025536,
    "max_drawdown_pct": 48.82592137268805,
    "sharpe": -0.46844139720670186,
    "win_rate_pct": 49.2063492063492,
    "profit_factor": 0.9186985066097054
  },
  "win014_tr20170101-20211231_te20220101-20220331_va20220401-20220630": {
    "cumulative_return_pct": 16.130716090889646,
    "annualized_return_pct": 88.72802378999864,
    "max_drawdown_pct": 45.86105267730191,
    "sharpe": 0.867957593591871,
    "win_rate_pct": 51.724137931034484,
    "profit_factor": 1.1257683254046555
  },
  "win015_tr20170701-20220630_te20220701-20220930_va20221001-20221231": {
    "cumulative_return_pct": -9.135124188822939,
    "annualized_return_pct": -32.80763670331795,
    "max_drawdown_pct": 43.72322210259738,
    "sharpe": -0.4510170334546586,
    "win_rate_pct": 43.75,
    "profit_factor": 0.9295301220645608
  },
  "win016_tr20180101-20221231_te20230101-20230331_va20230401-20230630": {
    "cumulative_return_pct": -47.54082839302723,
    "annualized_return_pct": -93.33602950913944,
    "max_drawdown_pct": 51.41090945739927,
    "sharpe": -1.099380631087274,
    "win_rate_pct": 45.76271186440678,
    "profit_factor": 0.610493115777457
  },
  "win017_tr20180701-20230630_te20230701-20230930_va20231001-20231231": {
    "cumulative_return_pct": -18.422822562457945,
    "annualized_return_pct": -57.465542158111724,
    "max_drawdown_pct": 31.51442958117784,
    "sharpe": -1.3150278877320152,
    "win_rate_pct": 43.75,
    "profit_factor": 0.7518034342154152
  },
  "win018_tr20190101-20231231_te20240101-20240331_va20240401-20240630": {
    "cumulative_return_pct": -65.81374265183432,
    "annualized_return_pct": -98.89597159796925,
    "max_drawdown_pct": 66.93055381796867,
    "sharpe": -1.1957879679205852,
    "win_rate_pct": 37.93103448275862,
    "profit_factor": 0.3708592700917866
  },
  "win019_tr20190701-20240630_te20240701-20240930_va20241001-20241231": {
    "cumulative_return_pct": 88.7123551659527,
    "annualized_return_pct": 1216.1024325434892,
    "max_drawdown_pct": 17.024729730450204,
    "sharpe": 11.613697435407717,
    "win_rate_pct": 49.2063492063492,
    "profit_factor": 1.5979592414894404
  },
  "win020_tr20200101-20241231_te20250101-20250331_va20250401-20250630": {
    "cumulative_return_pct": 30.428953317793994,
    "annualized_return_pct": 201.20882451179853,
    "max_drawdown_pct": 25.244907856799102,
    "sharpe": 2.30844245366788,
    "win_rate_pct": 45.614035087719294,
    "profit_factor": 1.267213104777947
  },
  "win021_tr20200701-20250630_te20250701-20250930_va20251001-20251231": {
    "cumulative_return_pct": 6.720116781179771,
    "annualized_return_pct": 30.206560723297947,
    "max_drawdown_pct": 33.76737839681084,
    "sharpe": 0.3166225152856336,
    "win_rate_pct": 46.15384615384615,
    "profit_factor": 1.0568596719507466
  }
}