{
  "win000_tr20100101-20141231_te20150101-20150331_va20150401-20150630": {
    "cumulative_return_pct": 54.58064917738624,
    "annualized_return_pct": 549.8463840988578,
    "max_drawdown_pct": 13.524870741084493,
    "sharpe": 8.942349798949465,
    "win_rate_pct": 54.385964912280706,
    "profit_factor": 1.7867523911989536
  },
  "win001_tr20100701-20150630_te20150701-20150930_va20151001-20151231": {
    "cumulative_return_pct": -46.59379458935026,
    "annualized_return_pct": -92.15710493551663,
    "max_drawdown_pct": 73.13069008664168,
    "sharpe": -0.6785765545954782,
    "win_rate_pct": 50.79365079365079,
    "profit_factor": 0.8406934022382756
  },
  "win002_tr20110101-20151231_te20160101-20160331_va20160401-20160630": {
    "cumulative_return_pct": -26.66246878569485,
    "annualized_return_pct": -72.79788968219478,
    "max_drawdown_pct": 42.35809985690281,
    "sharpe": -0.8768658425211261,
    "win_rate_pct": 52.54237288135594,
    "profit_factor": 0.7623912026506261
  },
  "win003_tr20110701-20160630_te20160701-20160930_va20161001-20161231": {
    "cumulative_return_pct": -29.130421136234386,
    "annualized_return_pct": -76.04901273366431,
    "max_drawdown_pct": 58.40453929930271,
    "sharpe": -0.9816430587175252,
    "win_rate_pct": 41.269841269841265,
    "profit_factor": 0.7142410631567722
  },
  "win004_tr20120101-20161231_te20170101-20170331_va20170401-20170630": {
    "cumulative_return_pct": 10.043979943599062,
    "annualized_return_pct": 49.453726424223056,
    "max_drawdown_pct": 20.950447723590536,
    "sharpe": 0.7628119480130588,
    "win_rate_pct": 55.932203389830505,
    "profit_factor": 1.1253201420788126
  },
  "win005_tr20120701-20170630_te20170701-20170930_va20171001-20171231": {
    "cumulative_return_pct": -44.69702974796444,
    "annualized_return_pct": -91.44421362644698,
    "max_drawdown_pct": 46.25362863418582,
    "sharpe": -1.6305467752770677,
    "win_rate_pct": 47.69230769230769,
    "profit_factor": 0.4332560081249853
  },
  "win006_tr20130101-20171231_te20180101-20180331_va20180401-20180630": {
    "cumulative_return_pct": 51.616536086904716,
    "annualized_return_pct": 473.8837971700385,
    "max_drawdown_pct": 16.723812100428248,
    "sharpe": 5.503456009324804,
    "win_rate_pct": 54.23728813559322,
    "profit_factor": 1.6233581992875887
  },
  "win007_tr20130701-20180630_te20180701-20180930_va20181001-20181231": {
    "cumulative_return_pct": -52.30367851615615,
    "annualized_return_pct": -95.37054787111826,
    "max_drawdown_pct": 58.033477983661165,
    "sharpe": -1.4849587898605576,
    "win_rate_pct": 35.9375,
    "profit_factor": 0.5010456484780733
  },
  "win008_tr20140101-20181231_te20190101-20190331_va20190401-20190630": {
    "cumulative_return_pct": -29.31114896899669,
    "annualized_return_pct": -77.08186068872836,
    "max_drawdown_pct": 47.77256076709252,
    "sharpe": -0.7548046899784852,
    "win_rate_pct": 50.0,
    "profit_factor": 0.8087541304056102
  },
  "win009_tr20140701-20190630_te20190701-20190930_va20191001-20191231": {
    "cumulative_return_pct": 8.335692941645673,
    "annualized_return_pct": 38.393152835083775,
    "max_drawdown_pct": 24.447998809563305,
    "sharpe": 0.5841094845283379,
    "win_rate_pct": 50.0,
    "profit_factor": 1.0944375269256126
  },
  "win010_tr20150101-20191231_te20200101-20200331_va20200401-20200630": {
    "cumulative_return_pct": -42.24208162107869,
    "annualized_return_pct": -89.48837640111891,
    "max_drawdown_pct": 52.19745285181251,
    "sharpe": -0.9506989998546215,
    "win_rate_pct": 43.103448275862064,
    "profit_factor": 0.716783084370002
  },
  "win011_tr20150701-20200630_te20200701-20200930_va20201001-20201231": {
    "cumulative_return_pct": -20.559650650757586,
    "annualized_return_pct": -60.70532978633665,
    "max_drawdown_pct": 38.02088286201554,
    "sharpe": -0.9434419620551592,
    "win_rate_pct": 46.15384615384615,
    "profit_factor": 0.7770300524288406
  },
  "win012_tr20160101-20201231_te20210101-20210331_va20210401-20210630": {
    "cumulative_return_pct": -31.880484804224164,
    "annualized_return_pct": -80.41657015137866,
    "max_drawdown_pct": 54.85455975282778,
    "sharpe": -0.8708095868405286,
    "win_rate_pct": 43.103448275862064,
    "profit_factor": 0.7293946247924595
  },
  "win013_tr20160701-20210630_te20210701-20210930_va20211001-20211231": {
    "cumulative_return_pct": -37.53184774435428,
    "annualized_return_pct": -85.1845540270644,
    "max_drawdown_pct": 51.12559724931272,
    "sharpe": -0.811940247230059,
    "win_rate_pct": 42.857142857142854,
    "profit_factor": 0.739573435341204
  },
  "win014_tr20170101-20211231_te20220101-20220331_va20220401-20220630": {
    "cumulative_return_pct": -28.943763097055708,
    "annualized_return_pct": -76.5717011620935,
    "max_drawdown_pct": 42.499418338688564,
    "sharpe": -1.3410446666941462,
    "win_rate_pct": 43.103448275862064,
    "profit_factor": 0.6482933275868902
  },
  "win015_tr20170701-20220630_te20220701-20220930_va20221001-20221231": {
    "cumulative_return_pct": -47.14244696271254,
    "annualized_return_pct": -92.90851890359814,
    "max_drawdown_pct": 46.42062041699538,
    "sharpe": -1.2855034135182644,
    "win_rate_pct": 39.0625,
    "profit_factor": 0.5715049492128194
  },
  "win016_tr20180101-20221231_te20230101-20230331_va20230401-20230630": {
    "cumulative_return_pct": -46.78942383834977,
    "annualized_return_pct": -92.92601954606036,
    "max_drawdown_pct": 48.904124352608484,
    "sharpe": -1.5835339655353087,
    "win_rate_pct": 38.983050847457626,
    "profit_factor": 0.45741307245484025
  },
  "win017_tr20180701-20230630_te20230701-20230930_va20231001-20231231": {
    "cumulative_return_pct": 7.440251443453086,
    "annualized_return_pct": 35.15985934638124,
    "max_drawdown_pct": 27.64205300511215,
    "sharpe": 0.3700057015828902,
    "win_rate_pct": 46.875,
    "profit_factor": 1.0657445354405315
  },
  "win018_tr20190101-20231231_te20240101-20240331_va20240401-20240630": {
    "cumulative_return_pct": 36.93905157031475,
    "annualized_return_pct": 274.26510216331286,
    "max_drawdown_pct": 39.06110477332945,
    "sharpe": 2.2798378352207527,
    "win_rate_pct": 48.275862068965516,
    "profit_factor": 1.2534493357468117
  },
  "win019_tr20190701-20240630_te20240701-20240930_va20241001-20241231": {
    "cumulative_return_pct": 118.69952642781776,
    "annualized_return_pct": 2294.5054395274,
    "max_drawdown_pct": 20.608624804476584,
    "sharpe": 24.8646771446831,
    "win_rate_pct": 57.14285714285714,
    "profit_factor": 1.9396053639458026
  },
  "win020_tr20200101-20241231_te20250101-20250331_va20250401-20250630": {
    "cumulative_return_pct": -11.082890371569375,
    "annualized_return_pct": -38.5870212649601,
    "max_drawdown_pct": 26.120957472107715,
    "sharpe": -0.43743739585723346,
    "win_rate_pct": 40.35087719298245,
    "profit_factor": 0.905483522967518
  },
  "win021_tr20200701-20250630_te20250701-20250930_va20251001-20251231": {
    "cumulative_return_pct": -18.323570284516958,
    "annualized_return_pct": -56.01958817974313,
    "max_drawdown_pct": 21.428117260659302,
    "sharpe": -0.9314367224565907,
    "win_rate_pct": 47.69230769230769,
    "profit_factor": 0.7998309829098328
  }
}