{
  "win000_tr20100101-20141231_te20150101-20150331_va20150401-20150630": {
    "cumulative_return_pct": 12.184027553378092,
    "annualized_return_pct": 63.891550202347645,
    "max_drawdown_pct": 26.93281231853037,
    "sharpe": 0.9292456130712411,
    "win_rate_pct": 47.368421052631575,
    "profit_factor": 1.1666387279336188
  },
  "win001_tr20100701-20150630_te20150701-20150930_va20151001-20151231": {
    "cumulative_return_pct": -80.46729579149051,
    "annualized_return_pct": -99.86766421472458,
    "max_drawdown_pct": 78.99543054943008,
    "sharpe": -0.7192796198049796,
    "win_rate_pct": 44.44444444444444,
    "profit_factor": 0.4887284391579258
  },
  "win002_tr20110101-20151231_te20160101-20160331_va20160401-20160630": {
    "cumulative_return_pct": -35.879610583946494,
    "annualized_return_pct": -84.52193733956089,
    "max_drawdown_pct": 41.00235258672088,
    "sharpe": -0.9479651184549814,
    "win_rate_pct": 47.45762711864407,
    "profit_factor": 0.6889420597167721
  },
  "win003_tr20110701-20160630_te20160701-20160930_va20161001-20161231": {
    "cumulative_return_pct": 6.763184673260968,
    "annualized_return_pct": 31.20955321458194,
    "max_drawdown_pct": 31.721287100436772,
    "sharpe": 0.3726895922868584,
    "win_rate_pct": 46.03174603174603,
    "profit_factor": 1.062035614145212
  },
  "win004_tr20120101-20161231_te20170101-20170331_va20170401-20170630": {
    "cumulative_return_pct": 27.99148306054126,
    "annualized_return_pct": 181.82252696758835,
    "max_drawdown_pct": 16.0894255576002,
    "sharpe": 2.809941005437489,
    "win_rate_pct": 57.6271186440678,
    "profit_factor": 1.378413012843753
  },
  "win005_tr20120701-20170630_te20170701-20170930_va20171001-20171231": {
    "cumulative_return_pct": -12.663215219564398,
    "annualized_return_pct": -42.99210983517893,
    "max_drawdown_pct": 26.338952311495827,
    "sharpe": -0.8722291041967356,
    "win_rate_pct": 41.53846153846154,
    "profit_factor": 0.8282060198530541
  },
  "win006_tr20130101-20171231_te20180101-20180331_va20180401-20180630": {
    "cumulative_return_pct": -13.831327902965748,
    "annualized_return_pct": -46.47225501743062,
    "max_drawdown_pct": 34.042882956746745,
    "sharpe": -0.5663346682208341,
    "win_rate_pct": 44.06779661016949,
    "profit_factor": 0.8692839171872612
  },
  "win007_tr20130701-20180630_te20180701-20180930_va20181001-20181231": {
    "cumulative_return_pct": -42.616184479197756,
    "annualized_return_pct": -90.02669620128097,
    "max_drawdown_pct": 45.12193369785599,
    "sharpe": -1.470421110362425,
    "win_rate_pct": 40.625,
    "profit_factor": 0.5550572090132926
  },
  "win008_tr20140101-20181231_te20190101-20190331_va20190401-20190630": {
    "cumulative_return_pct": -48.179190008241676,
    "annualized_return_pct": -93.86982649244612,
    "max_drawdown_pct": 59.470995721680275,
    "sharpe": -0.9042131529031592,
    "win_rate_pct": 48.275862068965516,
    "profit_factor": 0.5747496612119231
  },
  "win009_tr20140701-20190630_te20190701-20190930_va20191001-20191231": {
    "cumulative_return_pct": -22.9541714176505,
    "annualized_return_pct": -65.29514616208982,
    "max_drawdown_pct": 29.367912087027577,
    "sharpe": -1.4312379677121585,
    "win_rate_pct": 34.375,
    "profit_factor": 0.7205924497251922
  },
  "win010_tr20150101-20191231_te20200101-20200331_va20200401-20200630": {
    "cumulative_return_pct": -70.72769983906898,
    "annualized_return_pct": -99.35378820493256,
    "max_drawdown_pct": 70.72833521359664,
    "sharpe": -0.988629198899872,
    "win_rate_pct": 31.03448275862069,
    "profit_factor": 0.34789303407072936
  },
  "win011_tr20150701-20200630_te20200701-20200930_va20201001-20201231": {
    "cumulative_return_pct": -22.386324478604866,
    "annualized_return_pct": -64.24533330879399,
    "max_drawdown_pct": 42.82352965933182,
    "sharpe": -1.0568736502168707,
    "win_rate_pct": 47.69230769230769,
    "profit_factor": 0.7652060833902778
  },
  "win012_tr20160101-20201231_te20210101-20210331_va20210401-20210630": {
    "cumulative_return_pct": -59.502210352195284,
    "annualized_return_pct": -97.84858447079192,
    "max_drawdown_pct": 65.83616177137296,
    "sharpe": -1.184575378105779,
    "win_rate_pct": 44.827586206896555,
    "profit_factor": 0.46286615600620634
  },
  "win013_tr20160701-20210630_te20210701-20210930_va20211001-20211231": {
    "cumulative_return_pct": -14.557728978912404,
    "annualized_return_pct": -47.19131191620789,
    "max_drawdown_pct": 44.49786807099375,
    "sharpe": -0.5625019153825139,
    "win_rate_pct": 47.61904761904761,
    "profit_factor": 0.9177691597672477
  },
  "win014_tr20170101-20211231_te20220101-20220331_va20220401-20220630": {
    "cumulative_return_pct": 1.886696816437831,
    "annualized_return_pct": 8.26191467887023,
    "max_drawdown_pct": 37.06974323677265,
    "sharpe": 0.063863085209194,
    "win_rate_pct": 51.724137931034484,
    "profit_factor": 1.0162885713347252
  },
  "win015_tr20170701-20220630_te20220701-20220930_va20221001-20221231": {
    "cumulative_return_pct": -23.31743963716086,
    "annualized_return_pct": -66.7780287464684,
    "max_drawdown_pct": 35.87184965761319,
    "sharpe": -0.7303802162280701,
    "win_rate_pct": 40.625,
    "profit_factor": 0.8317521528852728
  },
  "win016_tr20180101-20221231_te20230101-20230331_va20230401-20230630": {
    "cumulative_return_pct": -42.49078644529584,
    "annualized_return_pct": -90.19807340172915,
    "max_drawdown_pct": 46.48787696152933,
    "sharpe": -1.2854678272208773,
    "win_rate_pct": 33.89830508474576,
    "profit_factor": 0.59991955325666
  },
  "win017_tr20180701-20230630_te20230701-20230930_va20231001-20231231": {
    "cumulative_return_pct": -29.90657141759519,
    "annualized_return_pct": -77.50371789237846,
    "max_drawdown_pct": 47.03400337654784,
    "sharpe": -1.4235457620833454,
    "win_rate_pct": 35.9375,
    "profit_factor": 0.7047065179899585
  },
  "win018_tr20190101-20231231_te20240101-20240331_va20240401-20240630": {
    "cumulative_return_pct": -12.9554612132404,
    "annualized_return_pct": -44.150625494387185,
    "max_drawdown_pct": 42.96743011849112,
    "sharpe": -0.5232691976721897,
    "win_rate_pct": 50.0,
    "profit_factor": 0.884394018641453
  },
  "win019_tr20190701-20240630_te20240701-20240930_va20241001-20241231": {
    "cumulative_return_pct": 144.7049900708898,
    "annualized_return_pct": 3677.8275911808287,
    "max_drawdown_pct": 18.517507439675438,
    "sharpe": 41.71797583410166,
    "win_rate_pct": 61.904761904761905,
    "profit_factor": 2.231356468276492
  },
  "win020_tr20200101-20241231_te20250101-20250331_va20250401-20250630": {
    "cumulative_return_pct": -18.14348170260566,
    "annualized_return_pct": -56.43661061783574,
    "max_drawdown_pct": 42.364579522491155,
    "sharpe": -0.9024178481025862,
    "win_rate_pct": 36.84210526315789,
    "profit_factor": 0.8330221641524381
  },
  "win021_tr20200701-20250630_te20250701-20250930_va20251001-20251231": {
    "cumulative_return_pct": 24.50684367808164,
    "annualized_return_pct": 143.40294725888478,
    "max_drawdown_pct": 18.59243664956125,
    "sharpe": 2.2276914900586022,
    "win_rate_pct": 52.307692307692314,
    "profit_factor": 1.227354837362999
  }
}