{
  "size": 6,
  "models": "DLinear,FreTS,LightTS,PatchTST,WPMixer,iTransformer",
  "num_windows": 22,
  "mean_test_cumulative_return_pct": -4.079767781881794,
  "std_test_cumulative_return_pct": 40.90862456049247,
  "min_test_cumulative_return_pct": -55.065934166636,
  "max_test_cumulative_return_pct": 124.96998649421973,
  "mean_test_annualized_return_pct": 143.92768866483436,
  "mean_test_max_drawdown_pct": 36.06623863488944,
  "mean_test_sharpe": 1.296573879703765,
  "mean_test_win_rate_pct": 47.58797739755417,
  "mean_test_profit_factor": 0.976748545709749
}