{
  "win000_tr20100101-20141231_te20150101-20150331_va20150401-20150630": {
    "cumulative_return_pct": 22.249591226362202,
    "annualized_return_pct": 137.08674659229118,
    "max_drawdown_pct": 15.55068629172822,
    "sharpe": 2.3094077493874687,
    "win_rate_pct": 52.63157894736842,
    "profit_factor": 1.3013614751527856
  },
  "win001_tr20100701-20150630_te20150701-20150930_va20151001-20151231": {
    "cumulative_return_pct": -79.57616483729839,
    "annualized_return_pct": -99.8413985345712,
    "max_drawdown_pct": 81.55758367322747,
    "sharpe": -0.7177676377971118,
    "win_rate_pct": 47.61904761904761,
    "profit_factor": 0.6206256384004792
  },
  "win002_tr20110101-20151231_te20160101-20160331_va20160401-20160630": {
    "cumulative_return_pct": -25.785165419214962,
    "annualized_return_pct": -71.40537985284709,
    "max_drawdown_pct": 33.486479658027704,
    "sharpe": -0.7848833635128282,
    "win_rate_pct": 54.23728813559322,
    "profit_factor": 0.7789349224209922
  },
  "win003_tr20110701-20160630_te20160701-20160930_va20161001-20161231": {
    "cumulative_return_pct": -12.28118267325143,
    "annualized_return_pct": -41.94994278982177,
    "max_drawdown_pct": 38.791578227137094,
    "sharpe": -0.633255607027766,
    "win_rate_pct": 49.2063492063492,
    "profit_factor": 0.8712552407680195
  },
  "win004_tr20120101-20161231_te20170101-20170331_va20170401-20170630": {
    "cumulative_return_pct": 11.153083011730946,
    "annualized_return_pct": 55.88028094553208,
    "max_drawdown_pct": 17.347309805031344,
    "sharpe": 0.968681913540678,
    "win_rate_pct": 55.932203389830505,
    "profit_factor": 1.1373166563199892
  },
  "win005_tr20120701-20170630_te20170701-20170930_va20171001-20171231": {
    "cumulative_return_pct": -32.671411426646706,
    "annualized_return_pct": -80.63888547189502,
    "max_drawdown_pct": 37.64620559485744,
    "sharpe": -1.4945444193997894,
    "win_rate_pct": 38.46153846153847,
    "profit_factor": 0.5940907828177717
  },
  "win006_tr20130101-20171231_te20180101-20180331_va20180401-20180630": {
    "cumulative_return_pct": -16.089676141811303,
    "annualized_return_pct": -52.1197927742582,
    "max_drawdown_pct": 48.67344733891438,
    "sharpe": -0.633226668170055,
    "win_rate_pct": 47.45762711864407,
    "profit_factor": 0.8632021621379943
  },
  "win007_tr20130701-20180630_te20180701-20180930_va20181001-20181231": {
    "cumulative_return_pct": -73.2431512861912,
    "annualized_return_pct": -99.57972865892665,
    "max_drawdown_pct": 73.20363806215047,
    "sharpe": -1.5139999303545566,
    "win_rate_pct": 28.125,
    "profit_factor": 0.27696843701221013
  },
  "win008_tr20140101-20181231_te20190101-20190331_va20190401-20190630": {
    "cumulative_return_pct": 27.661555016240897,
    "annualized_return_pct": 182.12868126989116,
    "max_drawdown_pct": 49.346923491779975,
    "sharpe": 1.5308187702236533,
    "win_rate_pct": 43.103448275862064,
    "profit_factor": 1.1310353383023182
  },
  "win009_tr20140701-20190630_te20190701-20190930_va20191001-20191231": {
    "cumulative_return_pct": 35.981226533849885,
    "annualized_return_pct": 248.0984495189365,
    "max_drawdown_pct": 17.03885593464048,
    "sharpe": 2.999778405012221,
    "win_rate_pct": 46.875,
    "profit_factor": 1.3594233288170605
  },
  "win010_tr20150101-20191231_te20200101-20200331_va20200401-20200630": {
    "cumulative_return_pct": -59.690893785214236,
    "annualized_return_pct": -97.59784401175786,
    "max_drawdown_pct": 62.31128186512904,
    "sharpe": -1.0842530841522424,
    "win_rate_pct": 36.206896551724135,
    "profit_factor": 0.5596869046200706
  },
  "win011_tr20150701-20200630_te20200701-20200930_va20201001-20201231": {
    "cumulative_return_pct": -55.3346750401908,
    "annualized_return_pct": -96.20279884361068,
    "max_drawdown_pct": 61.76635674493133,
    "sharpe": -1.4876636801164802,
    "win_rate_pct": 41.53846153846154,
    "profit_factor": 0.4865336971014539
  },
  "win012_tr20160101-20201231_te20210101-20210331_va20210401-20210630": {
    "cumulative_return_pct": 1.7397529145744397,
    "annualized_return_pct": 7.600331341093902,
    "max_drawdown_pct": 54.38477912202595,
    "sharpe": 0.04491354796736745,
    "win_rate_pct": 44.827586206896555,
    "profit_factor": 1.0114555993752226
  },
  "win013_tr20160701-20210630_te20210701-20210930_va20211001-20211231": {
    "cumulative_return_pct": -37.06695033773815,
    "annualized_return_pct": -84.73196877916864,
    "max_drawdown_pct": 48.36162539101579,
    "sharpe": -0.9003368974266951,
    "win_rate_pct": 46.03174603174603,
    "profit_factor": 0.7114715730082368
  },
  "win014_tr20170101-20211231_te20220101-20220331_va20220401-20220630": {
    "cumulative_return_pct": -1.4723456868158422,
    "annualized_return_pct": -6.10535243088699,
    "max_drawdown_pct": 40.60771512946929,
    "sharpe": -0.10657143576831404,
    "win_rate_pct": 53.44827586206896,
    "profit_factor": 0.987297038012753
  },
  "win015_tr20170701-20220630_te20220701-20220930_va20221001-20221231": {
    "cumulative_return_pct": -42.406101861361485,
    "annualized_return_pct": -89.87427292960916,
    "max_drawdown_pct": 56.208110917078436,
    "sharpe": -1.32851897491138,
    "win_rate_pct": 43.75,
    "profit_factor": 0.6636219838716235
  },
  "win016_tr20180101-20221231_te20230101-20230331_va20230401-20230630": {
    "cumulative_return_pct": -17.464649191424193,
    "annualized_return_pct": -55.328377081831384,
    "max_drawdown_pct": 33.49068299814913,
    "sharpe": -0.7886001480662082,
    "win_rate_pct": 42.3728813559322,
    "profit_factor": 0.8378719311651412
  },
  "win017_tr20180701-20230630_te20230701-20230930_va20231001-20231231": {
    "cumulative_return_pct": 3.059128179724002,
    "annualized_return_pct": 13.485555293405117,
    "max_drawdown_pct": 13.612103798420064,
    "sharpe": 0.2385108980011897,
    "win_rate_pct": 54.6875,
    "profit_factor": 1.043279569587499
  },
  "win018_tr20190101-20231231_te20240101-20240331_va20240401-20240630": {
    "cumulative_return_pct": -4.642627729914302,
    "annualized_return_pct": -18.09252263377179,
    "max_drawdown_pct": 28.4286085330474,
    "sharpe": -0.3091478626160268,
    "win_rate_pct": 44.827586206896555,
    "profit_factor": 0.9537820439036917
  },
  "win019_tr20190701-20240630_te20240701-20240930_va20241001-20241231": {
    "cumulative_return_pct": 54.85237768621869,
    "annualized_return_pct": 489.86150616787575,
    "max_drawdown_pct": 29.26162522533958,
    "sharpe": 5.019800990060788,
    "win_rate_pct": 53.96825396825397,
    "profit_factor": 1.5116835055833748
  },
  "win020_tr20200101-20241231_te20250101-20250331_va20250401-20250630": {
    "cumulative_return_pct": -33.62748272415841,
    "annualized_return_pct": -81.75473156992523,
    "max_drawdown_pct": 33.73082116909899,
    "sharpe": -1.573392372121213,
    "win_rate_pct": 38.59649122807017,
    "profit_factor": 0.5586338123786226
  },
  "win021_tr20200701-20250630_te20250701-20250930_va20251001-20251231": {
    "cumulative_return_pct": -30.503825016562697,
    "annualized_return_pct": -77.16375673812793,
    "max_drawdown_pct": 33.07532047828972,
    "sharpe": -1.5290143389483342,
    "win_rate_pct": 38.46153846153847,
    "profit_factor": 0.6386792592618151
  }
}