{
  "win000_tr20100101-20141231_te20150101-20150331_va20150401-20150630": {
    "cumulative_return_pct": 94.18295652527453,
    "annualized_return_pct": 1631.6498896590706,
    "max_drawdown_pct": 8.959502998813607,
    "sharpe": 23.993669734661953,
    "win_rate_pct": 59.64912280701754,
    "profit_factor": 2.145210292785773
  },
  "win001_tr20100701-20150630_te20150701-20150930_va20151001-20151231": {
    "cumulative_return_pct": -65.51470787600378,
    "annualized_return_pct": -98.67087972904717,
    "max_drawdown_pct": 71.62872622137574,
    "sharpe": -0.7002484885494137,
    "win_rate_pct": 52.38095238095239,
    "profit_factor": 0.6959045638941279
  },
  "win002_tr20110101-20151231_te20160101-20160331_va20160401-20160630": {
    "cumulative_return_pct": -33.72162693526934,
    "annualized_return_pct": -82.21435152480443,
    "max_drawdown_pct": 38.77892742738375,
    "sharpe": -0.8634308990454227,
    "win_rate_pct": 50.847457627118644,
    "profit_factor": 0.7593950505654636
  },
  "win003_tr20110701-20160630_te20160701-20160930_va20161001-20161231": {
    "cumulative_return_pct": 13.540509588654084,
    "annualized_return_pct": 69.39762530085368,
    "max_drawdown_pct": 20.904448197161727,
    "sharpe": 0.9316223196862465,
    "win_rate_pct": 55.55555555555556,
    "profit_factor": 1.131372698165105
  },
  "win004_tr20120101-20161231_te20170101-20170331_va20170401-20170630": {
    "cumulative_return_pct": -3.6973305674665258,
    "annualized_return_pct": -14.62923418880977,
    "max_drawdown_pct": 26.61750380484667,
    "sharpe": -0.23615876871812727,
    "win_rate_pct": 49.152542372881356,
    "profit_factor": 0.9603921841521945
  },
  "win005_tr20120701-20170630_te20170701-20170930_va20171001-20171231": {
    "cumulative_return_pct": -41.07798763608699,
    "annualized_return_pct": -88.86932774435846,
    "max_drawdown_pct": 42.86750859853368,
    "sharpe": -1.630448701145566,
    "win_rate_pct": 41.53846153846154,
    "profit_factor": 0.5327334309819092
  },
  "win006_tr20130101-20171231_te20180101-20180331_va20180401-20180630": {
    "cumulative_return_pct": 6.636021379075059,
    "annualized_return_pct": 30.96293775879211,
    "max_drawdown_pct": 32.856965352941465,
    "sharpe": 0.2535911131310009,
    "win_rate_pct": 52.54237288135594,
    "profit_factor": 1.0551758524061958
  },
  "win007_tr20130701-20180630_te20180701-20180930_va20181001-20181231": {
    "cumulative_return_pct": -56.207967618891686,
    "annualized_return_pct": -96.75222512930917,
    "max_drawdown_pct": 56.28024158600833,
    "sharpe": -1.6238860609202916,
    "win_rate_pct": 40.625,
    "profit_factor": 0.42758021554383513
  },
  "win008_tr20140101-20181231_te20190101-20190331_va20190401-20190630": {
    "cumulative_return_pct": 35.23538833039773,
    "annualized_return_pct": 260.3735610500404,
    "max_drawdown_pct": 44.82075798230633,
    "sharpe": 2.177482369447204,
    "win_rate_pct": 53.44827586206896,
    "profit_factor": 1.148873015562392
  },
  "win009_tr20140701-20190630_te20190701-20190930_va20191001-20191231": {
    "cumulative_return_pct": -8.052356174766167,
    "annualized_return_pct": -28.87281494220657,
    "max_drawdown_pct": 43.845377784930875,
    "sharpe": -0.36267481063319595,
    "win_rate_pct": 46.875,
    "profit_factor": 0.948332490054698
  },
  "win010_tr20150101-20191231_te20200101-20200331_va20200401-20200630": {
    "cumulative_return_pct": -50.11406696979515,
    "annualized_return_pct": -94.2386735931612,
    "max_drawdown_pct": 55.375961891250405,
    "sharpe": -0.7598490826310867,
    "win_rate_pct": 37.93103448275862,
    "profit_factor": 0.6584539505535156
  },
  "win011_tr20150701-20200630_te20200701-20200930_va20201001-20201231": {
    "cumulative_return_pct": -38.57391552849207,
    "annualized_return_pct": -86.16225746619587,
    "max_drawdown_pct": 56.66079820260096,
    "sharpe": -1.0320849730476,
    "win_rate_pct": 46.15384615384615,
    "profit_factor": 0.7421603867940236
  },
  "win012_tr20160101-20201231_te20210101-20210331_va20210401-20210630": {
    "cumulative_return_pct": -15.213339980238594,
    "annualized_return_pct": -50.386445539886324,
    "max_drawdown_pct": 48.08945198744067,
    "sharpe": -0.5711778769849873,
    "win_rate_pct": 48.275862068965516,
    "profit_factor": 0.9036671661821567
  },
  "win013_tr20160701-20210630_te20210701-20210930_va20211001-20211231": {
    "cumulative_return_pct": -49.133460331212234,
    "annualized_return_pct": -93.56417850749455,
    "max_drawdown_pct": 51.642202084847945,
    "sharpe": -0.9724400442511055,
    "win_rate_pct": 44.44444444444444,
    "profit_factor": 0.6639664618891673
  },
  "win014_tr20170101-20211231_te20220101-20220331_va20220401-20220630": {
    "cumulative_return_pct": -41.538215885636056,
    "annualized_return_pct": -89.76980355950333,
    "max_drawdown_pct": 57.67664725284579,
    "sharpe": -0.8660302476174566,
    "win_rate_pct": 43.103448275862064,
    "profit_factor": 0.6562083108979438
  },
  "win015_tr20170701-20220630_te20220701-20220930_va20221001-20221231": {
    "cumulative_return_pct": -42.6288985715833,
    "annualized_return_pct": -90.03586454656433,
    "max_drawdown_pct": 51.6073454051149,
    "sharpe": -1.2333661292251958,
    "win_rate_pct": 40.625,
    "profit_factor": 0.6547123571513168
  },
  "win016_tr20180101-20221231_te20230101-20230331_va20230401-20230630": {
    "cumulative_return_pct": 105.3719503582426,
    "annualized_return_pct": 1951.7945479620653,
    "max_drawdown_pct": 13.847480812399215,
    "sharpe": 24.28608322580433,
    "win_rate_pct": 55.932203389830505,
    "profit_factor": 1.80510182732155
  },
  "win017_tr20180701-20230630_te20230701-20230930_va20231001-20231231": {
    "cumulative_return_pct": -15.382498881446244,
    "annualized_return_pct": -50.40271641656855,
    "max_drawdown_pct": 27.584752878694818,
    "sharpe": -0.7551274750330185,
    "win_rate_pct": 48.4375,
    "profit_factor": 0.8493400193914277
  },
  "win018_tr20190101-20231231_te20240101-20240331_va20240401-20240630": {
    "cumulative_return_pct": -8.114940597850016,
    "annualized_return_pct": -29.904207104168368,
    "max_drawdown_pct": 38.37358262846185,
    "sharpe": -0.32622782940232714,
    "win_rate_pct": 44.827586206896555,
    "profit_factor": 0.9408188258512549
  },
  "win019_tr20190701-20240630_te20240701-20240930_va20241001-20241231": {
    "cumulative_return_pct": 5.490955382107455,
    "annualized_return_pct": 24.22675007256716,
    "max_drawdown_pct": 41.89255537203363,
    "sharpe": 0.18609722116148972,
    "win_rate_pct": 50.79365079365079,
    "profit_factor": 1.0332044516781953
  },
  "win020_tr20200101-20241231_te20250101-20250331_va20250401-20250630": {
    "cumulative_return_pct": -7.8788692052036176,
    "annualized_return_pct": -28.867072936838646,
    "max_drawdown_pct": 26.156251471922516,
    "sharpe": -0.4635476835561472,
    "win_rate_pct": 43.859649122807014,
    "profit_factor": 0.9088031178957585
  },
  "win021_tr20200701-20250630_te20250701-20250930_va20251001-20251231": {
    "cumulative_return_pct": -34.16401436428899,
    "annualized_return_pct": -81.66572551992371,
    "max_drawdown_pct": 36.432202867555915,
    "sharpe": -1.0546729483248276,
    "win_rate_pct": 41.53846153846154,
    "profit_factor": 0.7016963982158
  }
}