{
  "win000_tr20100101-20141231_te20150101-20150331_va20150401-20150630": {
    "cumulative_return_pct": 25.671247586016005,
    "annualized_return_pct": 166.9455057904715,
    "max_drawdown_pct": 11.008101869777622,
    "sharpe": 3.0101223440865224,
    "win_rate_pct": 52.63157894736842,
    "profit_factor": 1.369387567503414
  },
  "win001_tr20100701-20150630_te20150701-20150930_va20151001-20151231": {
    "cumulative_return_pct": -45.28621079886885,
    "annualized_return_pct": -91.34813997838828,
    "max_drawdown_pct": 63.26320486745244,
    "sharpe": -0.7066523604494285,
    "win_rate_pct": 49.2063492063492,
    "profit_factor": 0.7949330411101719
  },
  "win002_tr20110101-20151231_te20160101-20160331_va20160401-20160630": {
    "cumulative_return_pct": 3.8555776143280442,
    "annualized_return_pct": 17.213312585635165,
    "max_drawdown_pct": 30.705543743064528,
    "sharpe": 0.1577775664403653,
    "win_rate_pct": 49.152542372881356,
    "profit_factor": 1.030606715735597
  },
  "win003_tr20110701-20160630_te20160701-20160930_va20161001-20161231": {
    "cumulative_return_pct": 17.60785253927228,
    "annualized_return_pct": 96.04273323027326,
    "max_drawdown_pct": 27.14423474534227,
    "sharpe": 1.2648991668350462,
    "win_rate_pct": 47.61904761904761,
    "profit_factor": 1.1681903120839738
  },
  "win004_tr20120101-20161231_te20170101-20170331_va20170401-20170630": {
    "cumulative_return_pct": 0.5175158855168963,
    "annualized_return_pct": 2.1907233447662877,
    "max_drawdown_pct": 16.105170536849293,
    "sharpe": -0.015593539017543262,
    "win_rate_pct": 50.847457627118644,
    "profit_factor": 1.0065331456903803
  },
  "win005_tr20120701-20170630_te20170701-20170930_va20171001-20171231": {
    "cumulative_return_pct": -8.319364778592483,
    "annualized_return_pct": -30.268234070146548,
    "max_drawdown_pct": 18.02806151870549,
    "sharpe": -0.7501843913823114,
    "win_rate_pct": 52.307692307692314,
    "profit_factor": 0.8689704766418698
  },
  "win006_tr20130101-20171231_te20180101-20180331_va20180401-20180630": {
    "cumulative_return_pct": -3.5111770842974073,
    "annualized_return_pct": -13.9342814322159,
    "max_drawdown_pct": 38.84654214592038,
    "sharpe": -0.21800966489241533,
    "win_rate_pct": 45.76271186440678,
    "profit_factor": 0.9555224518824867
  },
  "win007_tr20130701-20180630_te20180701-20180930_va20181001-20181231": {
    "cumulative_return_pct": -44.108548553928685,
    "annualized_return_pct": -91.05995291154133,
    "max_drawdown_pct": 47.52348533774472,
    "sharpe": -1.5407502902116534,
    "win_rate_pct": 40.625,
    "profit_factor": 0.5495420817547835
  },
  "win008_tr20140101-20181231_te20190101-20190331_va20190401-20190630": {
    "cumulative_return_pct": -66.62937776675953,
    "annualized_return_pct": -99.05445138327134,
    "max_drawdown_pct": 69.53172384244823,
    "sharpe": -1.1462194717326881,
    "win_rate_pct": 41.37931034482759,
    "profit_factor": 0.4194880722450148
  },
  "win009_tr20140701-20190630_te20190701-20190930_va20191001-20191231": {
    "cumulative_return_pct": -24.05070074327885,
    "annualized_return_pct": -67.25645941776492,
    "max_drawdown_pct": 37.99531085558382,
    "sharpe": -0.7758447339349254,
    "win_rate_pct": 45.3125,
    "profit_factor": 0.8186958505738442
  },
  "win010_tr20150101-20191231_te20200101-20200331_va20200401-20200630": {
    "cumulative_return_pct": -34.467631484452575,
    "annualized_return_pct": -82.34989704860267,
    "max_drawdown_pct": 55.582398201707086,
    "sharpe": -0.8071546185395345,
    "win_rate_pct": 43.103448275862064,
    "profit_factor": 0.7956535649385911
  },
  "win011_tr20150701-20200630_te20200701-20200930_va20201001-20201231": {
    "cumulative_return_pct": -57.85952425803489,
    "annualized_return_pct": -97.00149205471563,
    "max_drawdown_pct": 66.24437702450021,
    "sharpe": -0.9018428066588129,
    "win_rate_pct": 38.46153846153847,
    "profit_factor": 0.5413494822960683
  },
  "win012_tr20160101-20201231_te20210101-20210331_va20210401-20210630": {
    "cumulative_return_pct": -27.09109940995021,
    "annualized_return_pct": -73.86537764354912,
    "max_drawdown_pct": 47.3028734783903,
    "sharpe": -0.7716041480424867,
    "win_rate_pct": 36.206896551724135,
    "profit_factor": 0.7720816525194617
  },
  "win013_tr20160701-20210630_te20210701-20210930_va20211001-20211231": {
    "cumulative_return_pct": -19.84301039087671,
    "annualized_return_pct": -59.246756903332724,
    "max_drawdown_pct": 39.49431936113984,
    "sharpe": -0.6524621180664717,
    "win_rate_pct": 46.03174603174603,
    "profit_factor": 0.8497658832168894
  },
  "win014_tr20170101-20211231_te20220101-20220331_va20220401-20220630": {
    "cumulative_return_pct": -12.934803740883094,
    "annualized_return_pct": -44.47170360563203,
    "max_drawdown_pct": 31.593640611261538,
    "sharpe": -0.6796117063221386,
    "win_rate_pct": 48.275862068965516,
    "profit_factor": 0.8827083436111454
  },
  "win015_tr20170701-20220630_te20220701-20220930_va20221001-20221231": {
    "cumulative_return_pct": -43.72836168104779,
    "annualized_return_pct": -90.80482939649292,
    "max_drawdown_pct": 52.34939034161814,
    "sharpe": -1.4354786123537604,
    "win_rate_pct": 34.375,
    "profit_factor": 0.6250113842547664
  },
  "win016_tr20180101-20221231_te20230101-20230331_va20230401-20230630": {
    "cumulative_return_pct": 32.603758228732275,
    "annualized_return_pct": 226.98151005389997,
    "max_drawdown_pct": 15.964257814140556,
    "sharpe": 3.8574637181185496,
    "win_rate_pct": 54.23728813559322,
    "profit_factor": 1.4296015753719797
  },
  "win017_tr20180701-20230630_te20230701-20230930_va20231001-20231231": {
    "cumulative_return_pct": -45.78483661170685,
    "annualized_return_pct": -92.3481640509183,
    "max_drawdown_pct": 53.68599799349343,
    "sharpe": -1.777418844311069,
    "win_rate_pct": 37.5,
    "profit_factor": 0.5225022802260957
  },
  "win018_tr20190101-20231231_te20240101-20240331_va20240401-20240630": {
    "cumulative_return_pct": -51.71834562125154,
    "annualized_return_pct": -95.29640193341807,
    "max_drawdown_pct": 63.230232361135464,
    "sharpe": -1.064335756919846,
    "win_rate_pct": 44.827586206896555,
    "profit_factor": 0.44412126168739474
  },
  "win019_tr20190701-20240630_te20240701-20240930_va20241001-20241231": {
    "cumulative_return_pct": 117.47445157712623,
    "annualized_return_pct": 2240.534919088695,
    "max_drawdown_pct": 30.30984498011284,
    "sharpe": 16.990218788440064,
    "win_rate_pct": 49.2063492063492,
    "profit_factor": 1.5136397308794098
  },
  "win020_tr20200101-20241231_te20250101-20250331_va20250401-20250630": {
    "cumulative_return_pct": -47.44519598427315,
    "annualized_return_pct": -93.07558954054733,
    "max_drawdown_pct": 50.0046525022373,
    "sharpe": -1.3823955833913353,
    "win_rate_pct": 40.35087719298245,
    "profit_factor": 0.523531104814568
  },
  "win021_tr20200701-20250630_te20250701-20250930_va20251001-20251231": {
    "cumulative_return_pct": -27.285774309838178,
    "annualized_return_pct": -72.5586588689838,
    "max_drawdown_pct": 29.664126335248426,
    "sharpe": -1.191139596713405,
    "win_rate_pct": 38.46153846153847,
    "profit_factor": 0.7122721237606162
  }
}