{
  "win000_tr20100101-20141231_te20150101-20150331_va20150401-20150630": {
    "cumulative_return_pct": 84.96849273417324,
    "annualized_return_pct": 1305.1891121291492,
    "max_drawdown_pct": 18.910944551127827,
    "sharpe": 17.307995997296246,
    "win_rate_pct": 50.877192982456144,
    "profit_factor": 1.9368649006443621
  },
  "win001_tr20100701-20150630_te20150701-20150930_va20151001-20151231": {
    "cumulative_return_pct": -19.745365710874623,
    "annualized_return_pct": -59.0449081846667,
    "max_drawdown_pct": 60.62889246833082,
    "sharpe": -0.4293281407968424,
    "win_rate_pct": 52.38095238095239,
    "profit_factor": 0.9313154906553356
  },
  "win002_tr20110101-20151231_te20160101-20160331_va20160401-20160630": {
    "cumulative_return_pct": -19.33615224727178,
    "annualized_return_pct": -59.42930726784408,
    "max_drawdown_pct": 33.30544454070504,
    "sharpe": -0.582639408842519,
    "win_rate_pct": 50.847457627118644,
    "profit_factor": 0.8664893941227279
  },
  "win003_tr20110701-20160630_te20160701-20160930_va20161001-20161231": {
    "cumulative_return_pct": 18.087213064300734,
    "annualized_return_pct": 99.38062253510462,
    "max_drawdown_pct": 20.11727908019646,
    "sharpe": 1.6858654783098816,
    "win_rate_pct": 52.38095238095239,
    "profit_factor": 1.22755127017542
  },
  "win004_tr20120101-20161231_te20170101-20170331_va20170401-20170630": {
    "cumulative_return_pct": 2.385986516602221,
    "annualized_return_pct": 10.405961565259059,
    "max_drawdown_pct": 30.477514298964536,
    "sharpe": 0.11526150504335798,
    "win_rate_pct": 50.847457627118644,
    "profit_factor": 1.0294557014181633
  },
  "win005_tr20120701-20170630_te20170701-20170930_va20171001-20171231": {
    "cumulative_return_pct": 8.551813244925905,
    "annualized_return_pct": 40.57695755432318,
    "max_drawdown_pct": 22.28607083445686,
    "sharpe": 0.7437166613168941,
    "win_rate_pct": 41.53846153846154,
    "profit_factor": 1.1408273442526933
  },
  "win006_tr20130101-20171231_te20180101-20180331_va20180401-20180630": {
    "cumulative_return_pct": -49.44586033077143,
    "annualized_return_pct": -94.29456180852992,
    "max_drawdown_pct": 57.83909818842653,
    "sharpe": -1.3151018742519898,
    "win_rate_pct": 42.3728813559322,
    "profit_factor": 0.4379550614189018
  },
  "win007_tr20130701-20180630_te20180701-20180930_va20181001-20181231": {
    "cumulative_return_pct": -28.438717541331087,
    "annualized_return_pct": -75.06372331773618,
    "max_drawdown_pct": 45.710458650914575,
    "sharpe": -1.0545858880112189,
    "win_rate_pct": 43.75,
    "profit_factor": 0.7499361518726678
  },
  "win008_tr20140101-20181231_te20190101-20190331_va20190401-20190630": {
    "cumulative_return_pct": 48.345577243301435,
    "annualized_return_pct": 433.84990625810616,
    "max_drawdown_pct": 26.263273389320567,
    "sharpe": 3.9173744982972933,
    "win_rate_pct": 56.896551724137936,
    "profit_factor": 1.3177925995153936
  },
  "win009_tr20140701-20190630_te20190701-20190930_va20191001-20191231": {
    "cumulative_return_pct": 13.208815429557209,
    "annualized_return_pct": 65.44894375433783,
    "max_drawdown_pct": 23.47684381207054,
    "sharpe": 0.9575447699124087,
    "win_rate_pct": 54.6875,
    "profit_factor": 1.1501923058582753
  },
  "win010_tr20150101-20191231_te20200101-20200331_va20200401-20200630": {
    "cumulative_return_pct": -6.355480056987482,
    "annualized_return_pct": -23.622478818975345,
    "max_drawdown_pct": 33.63588923954034,
    "sharpe": -0.2885813777703923,
    "win_rate_pct": 46.55172413793103,
    "profit_factor": 0.9496274637025789
  },
  "win011_tr20150701-20200630_te20200701-20200930_va20201001-20201231": {
    "cumulative_return_pct": -25.90113987185032,
    "annualized_return_pct": -70.37544868802851,
    "max_drawdown_pct": 46.86623756738075,
    "sharpe": -0.926619034669948,
    "win_rate_pct": 44.61538461538462,
    "profit_factor": 0.7775914646353823
  },
  "win012_tr20160101-20201231_te20210101-20210331_va20210401-20210630": {
    "cumulative_return_pct": -69.85564154854374,
    "annualized_return_pct": -99.38604063406176,
    "max_drawdown_pct": 72.92555747014643,
    "sharpe": -1.0822937264041022,
    "win_rate_pct": 39.6551724137931,
    "profit_factor": 0.5045858800749412
  },
  "win013_tr20160701-20210630_te20210701-20210930_va20211001-20211231": {
    "cumulative_return_pct": -20.673763744942367,
    "annualized_return_pct": -60.93390104767315,
    "max_drawdown_pct": 43.74488740105223,
    "sharpe": -0.6429214979363954,
    "win_rate_pct": 47.61904761904761,
    "profit_factor": 0.8464557030316421
  },
  "win014_tr20170101-20211231_te20220101-20220331_va20220401-20220630": {
    "cumulative_return_pct": -2.652564724585856,
    "annualized_return_pct": -10.790085106196889,
    "max_drawdown_pct": 53.73532853754721,
    "sharpe": -0.14161149045025154,
    "win_rate_pct": 44.827586206896555,
    "profit_factor": 0.9741042403362626
  },
  "win015_tr20170701-20220630_te20220701-20220930_va20221001-20221231": {
    "cumulative_return_pct": -49.62563366536883,
    "annualized_return_pct": -94.19234746842709,
    "max_drawdown_pct": 56.70502933625522,
    "sharpe": -1.3895881146595004,
    "win_rate_pct": 39.0625,
    "profit_factor": 0.5850947305488801
  },
  "win016_tr20180101-20221231_te20230101-20230331_va20230401-20230630": {
    "cumulative_return_pct": 54.80614941327495,
    "annualized_return_pct": 526.3012144492689,
    "max_drawdown_pct": 24.665927214720284,
    "sharpe": 8.172440045891166,
    "win_rate_pct": 55.932203389830505,
    "profit_factor": 1.5049610099498656
  },
  "win017_tr20180701-20230630_te20230701-20230930_va20231001-20231231": {
    "cumulative_return_pct": 29.646653373579657,
    "annualized_return_pct": 197.44254509693374,
    "max_drawdown_pct": 21.7443435744364,
    "sharpe": 2.601158553793242,
    "win_rate_pct": 42.1875,
    "profit_factor": 1.207401264341341
  },
  "win018_tr20190101-20231231_te20240101-20240331_va20240401-20240630": {
    "cumulative_return_pct": 57.368012189188455,
    "annualized_return_pct": 570.9800640450507,
    "max_drawdown_pct": 30.55167438790703,
    "sharpe": 5.791182755479654,
    "win_rate_pct": 58.620689655172406,
    "profit_factor": 1.5246209148661083
  },
  "win019_tr20190701-20240630_te20240701-20240930_va20241001-20241231": {
    "cumulative_return_pct": 225.90445787924017,
    "annualized_return_pct": 11986.247169822474,
    "max_drawdown_pct": 15.943670365550211,
    "sharpe": 123.43482095874907,
    "win_rate_pct": 58.730158730158735,
    "profit_factor": 2.712563614356723
  },
  "win020_tr20200101-20241231_te20250101-20250331_va20250401-20250630": {
    "cumulative_return_pct": 32.12637228095546,
    "annualized_return_pct": 217.81560279566938,
    "max_drawdown_pct": 30.045245551447763,
    "sharpe": 2.1199186592318013,
    "win_rate_pct": 52.63157894736842,
    "profit_factor": 1.3104271504048666
  },
  "win021_tr20200701-20250630_te20250701-20250930_va20251001-20251231": {
    "cumulative_return_pct": -23.121125854660608,
    "annualized_return_pct": -65.59933791535109,
    "max_drawdown_pct": 37.046498996201166,
    "sharpe": -1.1572522531074225,
    "win_rate_pct": 41.53846153846154,
    "profit_factor": 0.7408110615888751
  }
}