{
  "win000_tr20100101-20141231_te20150101-20150331_va20150401-20150630": {
    "cumulative_return_pct": 20.602774976850604,
    "annualized_return_pct": 123.66452494126037,
    "max_drawdown_pct": 28.70585312891656,
    "sharpe": 1.3171185755507107,
    "win_rate_pct": 47.368421052631575,
    "profit_factor": 1.1810205847215804
  },
  "win001_tr20100701-20150630_te20150701-20150930_va20151001-20151231": {
    "cumulative_return_pct": -66.34471663596058,
    "annualized_return_pct": -98.79600565903768,
    "max_drawdown_pct": 59.48839490844732,
    "sharpe": -0.7635546327076226,
    "win_rate_pct": 39.682539682539684,
    "profit_factor": 0.5632333465968583
  },
  "win002_tr20110101-20151231_te20160101-20160331_va20160401-20160630": {
    "cumulative_return_pct": -41.76970668941921,
    "annualized_return_pct": -89.67165772268605,
    "max_drawdown_pct": 44.217863379450996,
    "sharpe": -0.8878410964011278,
    "win_rate_pct": 42.3728813559322,
    "profit_factor": 0.6303112848540894
  },
  "win003_tr20110701-20160630_te20160701-20160930_va20161001-20161231": {
    "cumulative_return_pct": -53.97155610552742,
    "annualized_return_pct": -96.00637159579844,
    "max_drawdown_pct": 54.82109142777638,
    "sharpe": -1.571449150057872,
    "win_rate_pct": 38.095238095238095,
    "profit_factor": 0.39719755954202646
  },
  "win004_tr20120101-20161231_te20170101-20170331_va20170401-20170630": {
    "cumulative_return_pct": -21.487937945131808,
    "annualized_return_pct": -63.78287629265296,
    "max_drawdown_pct": 38.75435027632273,
    "sharpe": -0.8344940433485079,
    "win_rate_pct": 45.76271186440678,
    "profit_factor": 0.798879734914501
  },
  "win005_tr20120701-20170630_te20170701-20170930_va20171001-20171231": {
    "cumulative_return_pct": -38.91682179581454,
    "annualized_return_pct": -87.07432859966595,
    "max_drawdown_pct": 40.520301737895046,
    "sharpe": -1.4296213502500033,
    "win_rate_pct": 40.0,
    "profit_factor": 0.6195749788155406
  },
  "win006_tr20130101-20171231_te20180101-20180331_va20180401-20180630": {
    "cumulative_return_pct": -45.631079693409895,
    "annualized_return_pct": -92.2566432587979,
    "max_drawdown_pct": 56.208827258111306,
    "sharpe": -1.1950820393270887,
    "win_rate_pct": 44.06779661016949,
    "profit_factor": 0.5049001769395014
  },
  "win007_tr20130701-20180630_te20180701-20180930_va20181001-20181231": {
    "cumulative_return_pct": -49.82855882301204,
    "annualized_return_pct": -94.28883645685085,
    "max_drawdown_pct": 50.22507731481628,
    "sharpe": -1.7006487922667255,
    "win_rate_pct": 35.9375,
    "profit_factor": 0.45697113137331186
  },
  "win008_tr20140101-20181231_te20190101-20190331_va20190401-20190630": {
    "cumulative_return_pct": 14.02106336288622,
    "annualized_return_pct": 74.59064327092551,
    "max_drawdown_pct": 26.944935967140665,
    "sharpe": 0.6415890526335508,
    "win_rate_pct": 55.172413793103445,
    "profit_factor": 1.0888625991755139
  },
  "win009_tr20140701-20190630_te20190701-20190930_va20191001-20191231": {
    "cumulative_return_pct": -16.008019477959362,
    "annualized_return_pct": -50.73575542846535,
    "max_drawdown_pct": 34.01997196487215,
    "sharpe": -0.5023277500296767,
    "win_rate_pct": 46.875,
    "profit_factor": 0.9005201885129588
  },
  "win010_tr20150101-20191231_te20200101-20200331_va20200401-20200630": {
    "cumulative_return_pct": 43.54235552104821,
    "annualized_return_pct": 340.7939438364745,
    "max_drawdown_pct": 40.79626961233082,
    "sharpe": 2.47525458278393,
    "win_rate_pct": 50.0,
    "profit_factor": 1.171424606531985
  },
  "win011_tr20150701-20200630_te20200701-20200930_va20201001-20201231": {
    "cumulative_return_pct": 42.442894918791254,
    "annualized_return_pct": 320.2672470356491,
    "max_drawdown_pct": 38.9480257568426,
    "sharpe": 3.0361017257875837,
    "win_rate_pct": 55.38461538461539,
    "profit_factor": 1.2206431112416298
  },
  "win012_tr20160101-20201231_te20210101-20210331_va20210401-20210630": {
    "cumulative_return_pct": -66.3314784433125,
    "annualized_return_pct": -99.01807900736652,
    "max_drawdown_pct": 67.94717996267788,
    "sharpe": -1.0050781163734288,
    "win_rate_pct": 36.206896551724135,
    "profit_factor": 0.48924330283632045
  },
  "win013_tr20160701-20210630_te20210701-20210930_va20211001-20211231": {
    "cumulative_return_pct": 3.804443716632866,
    "annualized_return_pct": 16.361607387303057,
    "max_drawdown_pct": 38.24872868992679,
    "sharpe": 0.11334699344938944,
    "win_rate_pct": 52.38095238095239,
    "profit_factor": 1.0187675260832445
  },
  "win014_tr20170101-20211231_te20220101-20220331_va20220401-20220630": {
    "cumulative_return_pct": -15.983987991204367,
    "annualized_return_pct": -52.273603432769086,
    "max_drawdown_pct": 56.156437145251914,
    "sharpe": -0.3924192557440159,
    "win_rate_pct": 48.275862068965516,
    "profit_factor": 0.9341536004631176
  },
  "win015_tr20170701-20220630_te20220701-20220930_va20221001-20221231": {
    "cumulative_return_pct": -16.925207792759828,
    "annualized_return_pct": -53.6817984601622,
    "max_drawdown_pct": 45.50005938661422,
    "sharpe": -0.5348887769348583,
    "win_rate_pct": 50.0,
    "profit_factor": 0.906864166464808
  },
  "win016_tr20180101-20221231_te20230101-20230331_va20230401-20230630": {
    "cumulative_return_pct": -44.92869831795708,
    "annualized_return_pct": -91.82791047507773,
    "max_drawdown_pct": 49.70393130102856,
    "sharpe": -0.9974877124547946,
    "win_rate_pct": 47.45762711864407,
    "profit_factor": 0.6495436807287629
  },
  "win017_tr20180701-20230630_te20230701-20230930_va20231001-20231231": {
    "cumulative_return_pct": 5.0068375987181435,
    "annualized_return_pct": 22.765758505540145,
    "max_drawdown_pct": 26.93919187939644,
    "sharpe": 0.2799945089647018,
    "win_rate_pct": 51.5625,
    "profit_factor": 1.0368271909256317
  },
  "win018_tr20190101-20231231_te20240101-20240331_va20240401-20240630": {
    "cumulative_return_pct": -62.88646011688685,
    "annualized_return_pct": -98.44124385553356,
    "max_drawdown_pct": 63.19124200450973,
    "sharpe": -1.1525198544635553,
    "win_rate_pct": 34.48275862068966,
    "profit_factor": 0.4070787406901923
  },
  "win019_tr20190701-20240630_te20240701-20240930_va20241001-20241231": {
    "cumulative_return_pct": 16.682059824695507,
    "annualized_return_pct": 87.03587716737566,
    "max_drawdown_pct": 38.81178590963863,
    "sharpe": 0.6929232619176564,
    "win_rate_pct": 49.2063492063492,
    "profit_factor": 1.0724816742845218
  },
  "win020_tr20200101-20241231_te20250101-20250331_va20250401-20250630": {
    "cumulative_return_pct": -7.858011869345082,
    "annualized_return_pct": -28.80020272469448,
    "max_drawdown_pct": 39.578275158557204,
    "sharpe": -0.4055515144212766,
    "win_rate_pct": 56.14035087719298,
    "profit_factor": 0.9215204008244955
  },
  "win021_tr20200701-20250630_te20250701-20250930_va20251001-20251231": {
    "cumulative_return_pct": -44.85622142701599,
    "annualized_return_pct": -91.06886370909844,
    "max_drawdown_pct": 63.04014571192455,
    "sharpe": -1.0617152477739475,
    "win_rate_pct": 44.61538461538462,
    "profit_factor": 0.7220002435476566
  }
}