{
  "win000_tr20100101-20141231_te20150101-20150331_va20150401-20150630": {
    "cumulative_return_pct": 3.481497127581481,
    "annualized_return_pct": 15.841963542035709,
    "max_drawdown_pct": 23.65838894628871,
    "sharpe": 0.22108239693127466,
    "win_rate_pct": 47.368421052631575,
    "profit_factor": 1.0480795582791569
  },
  "win001_tr20100701-20150630_te20150701-20150930_va20151001-20151231": {
    "cumulative_return_pct": -39.970346090895745,
    "annualized_return_pct": -87.39523658266855,
    "max_drawdown_pct": 61.333780808735426,
    "sharpe": -0.6555421069022971,
    "win_rate_pct": 49.2063492063492,
    "profit_factor": 0.8323295563683966
  },
  "win002_tr20110101-20151231_te20160101-20160331_va20160401-20160630": {
    "cumulative_return_pct": -2.645816776976769,
    "annualized_return_pct": -10.646931409577798,
    "max_drawdown_pct": 28.686668369296697,
    "sharpe": -0.1512578870713703,
    "win_rate_pct": 47.45762711864407,
    "profit_factor": 0.979511941095794
  },
  "win003_tr20110701-20160630_te20160701-20160930_va20161001-20161231": {
    "cumulative_return_pct": 16.520725684808195,
    "annualized_return_pct": 88.63007138377506,
    "max_drawdown_pct": 25.214579297122192,
    "sharpe": 1.0473907323207876,
    "win_rate_pct": 47.61904761904761,
    "profit_factor": 1.1317486783721626
  },
  "win004_tr20120101-20161231_te20170101-20170331_va20170401-20170630": {
    "cumulative_return_pct": 17.904316350600567,
    "annualized_return_pct": 99.66476510942432,
    "max_drawdown_pct": 20.543273376477583,
    "sharpe": 1.675637209072738,
    "win_rate_pct": 54.23728813559322,
    "profit_factor": 1.2385027127883406
  },
  "win005_tr20120701-20170630_te20170701-20170930_va20171001-20171231": {
    "cumulative_return_pct": -28.283510627588292,
    "annualized_return_pct": -74.83847804619523,
    "max_drawdown_pct": 35.47041001907586,
    "sharpe": -1.6419610755822296,
    "win_rate_pct": 50.76923076923077,
    "profit_factor": 0.6023486554501613
  },
  "win006_tr20130101-20171231_te20180101-20180331_va20180401-20180630": {
    "cumulative_return_pct": 5.956034862464341,
    "annualized_return_pct": 27.49249185949911,
    "max_drawdown_pct": 32.59293671087792,
    "sharpe": 0.2890644490699995,
    "win_rate_pct": 44.06779661016949,
    "profit_factor": 1.0658079795659734
  },
  "win007_tr20130701-20180630_te20180701-20180930_va20181001-20181231": {
    "cumulative_return_pct": -21.33936989365871,
    "annualized_return_pct": -63.07384670200822,
    "max_drawdown_pct": 39.35742485051739,
    "sharpe": -1.0190108971539256,
    "win_rate_pct": 40.625,
    "profit_factor": 0.7707849641821497
  },
  "win008_tr20140101-20181231_te20190101-20190331_va20190401-20190630": {
    "cumulative_return_pct": -52.165556460723785,
    "annualized_return_pct": -95.63655935798803,
    "max_drawdown_pct": 59.54434982523743,
    "sharpe": -0.9079633602713305,
    "win_rate_pct": 41.37931034482759,
    "profit_factor": 0.6411449669991801
  },
  "win009_tr20140701-20190630_te20190701-20190930_va20191001-20191231": {
    "cumulative_return_pct": -58.86762019510432,
    "annualized_return_pct": -97.2821254535247,
    "max_drawdown_pct": 59.529730079744425,
    "sharpe": -1.2729013643645666,
    "win_rate_pct": 34.375,
    "profit_factor": 0.45003829109584575
  },
  "win010_tr20150101-20191231_te20200101-20200331_va20200401-20200630": {
    "cumulative_return_pct": -60.65733233355666,
    "annualized_return_pct": -97.82555530877978,
    "max_drawdown_pct": 66.41536574524218,
    "sharpe": -1.1209106808368623,
    "win_rate_pct": 39.6551724137931,
    "profit_factor": 0.5418773033040228
  },
  "win011_tr20150701-20200630_te20200701-20200930_va20201001-20201231": {
    "cumulative_return_pct": -6.659080739138415,
    "annualized_return_pct": -24.396395936213068,
    "max_drawdown_pct": 38.43720750732087,
    "sharpe": -0.3278763306210353,
    "win_rate_pct": 43.07692307692308,
    "profit_factor": 0.9492484198066965
  },
  "win012_tr20160101-20201231_te20210101-20210331_va20210401-20210630": {
    "cumulative_return_pct": -0.2246529123468208,
    "annualized_return_pct": -0.9506476574841383,
    "max_drawdown_pct": 38.80105984043959,
    "sharpe": -0.037562257956879355,
    "win_rate_pct": 48.275862068965516,
    "profit_factor": 0.9983711135573277
  },
  "win013_tr20160701-20210630_te20210701-20210930_va20211001-20211231": {
    "cumulative_return_pct": -41.25829530694004,
    "annualized_return_pct": -88.45728256008161,
    "max_drawdown_pct": 51.26103818429295,
    "sharpe": -0.9346954707778984,
    "win_rate_pct": 38.095238095238095,
    "profit_factor": 0.6908093112249378
  },
  "win014_tr20170101-20211231_te20220101-20220331_va20220401-20220630": {
    "cumulative_return_pct": -25.609115661053732,
    "annualized_return_pct": -71.53361586182444,
    "max_drawdown_pct": 43.38579317648127,
    "sharpe": -1.082160482820871,
    "win_rate_pct": 44.827586206896555,
    "profit_factor": 0.7707433326482732
  },
  "win015_tr20170701-20220630_te20220701-20220930_va20221001-20221231": {
    "cumulative_return_pct": -62.26608312945222,
    "annualized_return_pct": -98.24936001598583,
    "max_drawdown_pct": 66.04613726394035,
    "sharpe": -1.3969526976049516,
    "win_rate_pct": 34.375,
    "profit_factor": 0.40591541707497397
  },
  "win016_tr20180101-20221231_te20230101-20230331_va20230401-20230630": {
    "cumulative_return_pct": 13.44599729044505,
    "annualized_return_pct": 69.83221763162635,
    "max_drawdown_pct": 28.757652486991738,
    "sharpe": 0.9783898558226996,
    "win_rate_pct": 54.23728813559322,
    "profit_factor": 1.1430626827175892
  },
  "win017_tr20180701-20230630_te20230701-20230930_va20231001-20231231": {
    "cumulative_return_pct": -24.554693355815825,
    "annualized_return_pct": -69.36158201622042,
    "max_drawdown_pct": 39.416078465435085,
    "sharpe": -1.513593683126382,
    "win_rate_pct": 39.0625,
    "profit_factor": 0.7148143273917594
  },
  "win018_tr20190101-20231231_te20240101-20240331_va20240401-20240630": {
    "cumulative_return_pct": -3.2147372820982825,
    "annualized_return_pct": -12.818718899230896,
    "max_drawdown_pct": 46.305115914754616,
    "sharpe": -0.16465448018270262,
    "win_rate_pct": 48.275862068965516,
    "profit_factor": 0.9698014149373831
  },
  "win019_tr20190701-20240630_te20240701-20240930_va20241001-20241231": {
    "cumulative_return_pct": 98.62140602529196,
    "annualized_return_pct": 1519.9031899442264,
    "max_drawdown_pct": 31.290223263768514,
    "sharpe": 12.717937302820147,
    "win_rate_pct": 57.14285714285714,
    "profit_factor": 1.6669005767186325
  },
  "win020_tr20200101-20241231_te20250101-20250331_va20250401-20250630": {
    "cumulative_return_pct": -23.92999234470085,
    "annualized_return_pct": -67.86573532223038,
    "max_drawdown_pct": 45.628137126861574,
    "sharpe": -0.8797719131610854,
    "win_rate_pct": 45.614035087719294,
    "profit_factor": 0.8049727767293084
  },
  "win021_tr20200701-20250630_te20250701-20250930_va20251001-20251231": {
    "cumulative_return_pct": -35.42850318101339,
    "annualized_return_pct": -83.05340443326612,
    "max_drawdown_pct": 36.448468451839815,
    "sharpe": -1.455924799332301,
    "win_rate_pct": 36.92307692307693,
    "profit_factor": 0.6368701537901024
  }
}