{
  "win000_tr20100101-20141231_te20150101-20150331_va20150401-20150630": {
    "cumulative_return_pct": 19.752880071433868,
    "annualized_return_pct": 116.96985835311446,
    "max_drawdown_pct": 30.71010646138924,
    "sharpe": 1.2787712422370598,
    "win_rate_pct": 47.368421052631575,
    "profit_factor": 1.192783277862145
  },
  "win001_tr20100701-20150630_te20150701-20150930_va20151001-20151231": {
    "cumulative_return_pct": -58.74940095969534,
    "annualized_return_pct": -97.25028423172837,
    "max_drawdown_pct": 74.93530752653851,
    "sharpe": -0.6405736817116636,
    "win_rate_pct": 44.44444444444444,
    "profit_factor": 0.710496116921579
  },
  "win002_tr20110101-20151231_te20160101-20160331_va20160401-20160630": {
    "cumulative_return_pct": -70.33618993430184,
    "annualized_return_pct": -99.39149651922351,
    "max_drawdown_pct": 66.83507252934648,
    "sharpe": -1.02813019768699,
    "win_rate_pct": 40.67796610169492,
    "profit_factor": 0.37030560010954855
  },
  "win003_tr20110701-20160630_te20160701-20160930_va20161001-20161231": {
    "cumulative_return_pct": -45.02920263070514,
    "annualized_return_pct": -91.65550037241951,
    "max_drawdown_pct": 49.30296082121184,
    "sharpe": -1.1770485791908982,
    "win_rate_pct": 41.269841269841265,
    "profit_factor": 0.5789492448844542
  },
  "win004_tr20120101-20161231_te20170101-20170331_va20170401-20170630": {
    "cumulative_return_pct": -24.77104684265347,
    "annualized_return_pct": -69.72876031096263,
    "max_drawdown_pct": 35.05824785689939,
    "sharpe": -1.0584991470289473,
    "win_rate_pct": 50.847457627118644,
    "profit_factor": 0.6993759137551857
  },
  "win005_tr20120701-20170630_te20170701-20170930_va20171001-20171231": {
    "cumulative_return_pct": -19.000573800641835,
    "annualized_return_pct": -58.29884711218591,
    "max_drawdown_pct": 31.211780469102727,
    "sharpe": -0.8307633219836571,
    "win_rate_pct": 43.07692307692308,
    "profit_factor": 0.824617515565156
  },
  "win006_tr20130101-20171231_te20180101-20180331_va20180401-20180630": {
    "cumulative_return_pct": -25.19817459045993,
    "annualized_return_pct": -70.4437986290579,
    "max_drawdown_pct": 40.10991142858521,
    "sharpe": -0.7724464422030561,
    "win_rate_pct": 47.45762711864407,
    "profit_factor": 0.7560922806374466
  },
  "win007_tr20130701-20180630_te20180701-20180930_va20181001-20181231": {
    "cumulative_return_pct": -32.985319374110425,
    "annualized_return_pct": -81.01080586269612,
    "max_drawdown_pct": 39.14285405656043,
    "sharpe": -1.5227213570138352,
    "win_rate_pct": 39.0625,
    "profit_factor": 0.6360855530381347
  },
  "win008_tr20140101-20181231_te20190101-20190331_va20190401-20190630": {
    "cumulative_return_pct": -36.77558169645786,
    "annualized_return_pct": -85.7327785269619,
    "max_drawdown_pct": 45.340576061229555,
    "sharpe": -0.8363621970684793,
    "win_rate_pct": 44.827586206896555,
    "profit_factor": 0.7361891040443105
  },
  "win009_tr20140701-20190630_te20190701-20190930_va20191001-20191231": {
    "cumulative_return_pct": -56.04600515527625,
    "annualized_return_pct": -96.44230825937574,
    "max_drawdown_pct": 56.46457562381727,
    "sharpe": -0.9562627970071719,
    "win_rate_pct": 43.75,
    "profit_factor": 0.5817567167514983
  },
  "win010_tr20150101-20191231_te20200101-20200331_va20200401-20200630": {
    "cumulative_return_pct": -19.513039841436594,
    "annualized_return_pct": -58.96977381727617,
    "max_drawdown_pct": 46.33747986947829,
    "sharpe": -0.5537738661756461,
    "win_rate_pct": 41.37931034482759,
    "profit_factor": 0.8816328411371338
  },
  "win011_tr20150701-20200630_te20200701-20200930_va20201001-20201231": {
    "cumulative_return_pct": 15.817785043606,
    "annualized_return_pct": 81.47685456055515,
    "max_drawdown_pct": 45.07999132273705,
    "sharpe": 0.8970282832914286,
    "win_rate_pct": 53.84615384615385,
    "profit_factor": 1.100982295484512
  },
  "win012_tr20160101-20201231_te20210101-20210331_va20210401-20210630": {
    "cumulative_return_pct": -63.4453194328364,
    "annualized_return_pct": -98.6075544051987,
    "max_drawdown_pct": 65.199523365814,
    "sharpe": -1.0525422536365734,
    "win_rate_pct": 37.93103448275862,
    "profit_factor": 0.525141523913502
  },
  "win013_tr20160701-20210630_te20210701-20210930_va20211001-20211231": {
    "cumulative_return_pct": 6.787814623937454,
    "annualized_return_pct": 30.542089966033046,
    "max_drawdown_pct": 34.44265449119969,
    "sharpe": 0.22627761162430848,
    "win_rate_pct": 53.96825396825397,
    "profit_factor": 1.032973200492601
  },
  "win014_tr20170101-20211231_te20220101-20220331_va20220401-20220630": {
    "cumulative_return_pct": -22.315859116571023,
    "annualized_return_pct": -65.78383261349555,
    "max_drawdown_pct": 61.0470494731367,
    "sharpe": -0.4926005150308673,
    "win_rate_pct": 50.0,
    "profit_factor": 0.9023622426801098
  },
  "win015_tr20170701-20220630_te20220701-20220930_va20221001-20221231": {
    "cumulative_return_pct": -15.001252181159112,
    "annualized_return_pct": -49.06434632121712,
    "max_drawdown_pct": 34.16701421342163,
    "sharpe": -0.5157415514374208,
    "win_rate_pct": 50.0,
    "profit_factor": 0.9130424442191191
  },
  "win016_tr20180101-20221231_te20230101-20230331_va20230401-20230630": {
    "cumulative_return_pct": -62.50597825325991,
    "annualized_return_pct": -98.37304679646236,
    "max_drawdown_pct": 62.71695788490278,
    "sharpe": -1.0411768368230876,
    "win_rate_pct": 45.76271186440678,
    "profit_factor": 0.4632397118670868
  },
  "win017_tr20180701-20230630_te20230701-20230930_va20231001-20231231": {
    "cumulative_return_pct": 1.0012046124284504,
    "annualized_return_pct": 4.271126430614691,
    "max_drawdown_pct": 29.839942046720942,
    "sharpe": 0.017178077720507032,
    "win_rate_pct": 48.4375,
    "profit_factor": 1.007670184808132
  },
  "win018_tr20190101-20231231_te20240101-20240331_va20240401-20240630": {
    "cumulative_return_pct": -74.99379473704936,
    "annualized_return_pct": -99.70294383226312,
    "max_drawdown_pct": 74.26066920489353,
    "sharpe": -1.0069062112280014,
    "win_rate_pct": 32.758620689655174,
    "profit_factor": 0.36259913236196245
  },
  "win019_tr20190701-20240630_te20240701-20240930_va20241001-20241231": {
    "cumulative_return_pct": 30.189740979026237,
    "annualized_return_pct": 191.73645157814215,
    "max_drawdown_pct": 22.004022055926203,
    "sharpe": 1.6175296348750121,
    "win_rate_pct": 47.61904761904761,
    "profit_factor": 1.1846658561233991
  },
  "win020_tr20200101-20241231_te20250101-20250331_va20250401-20250630": {
    "cumulative_return_pct": -44.22497478822464,
    "annualized_return_pct": -91.13699490314484,
    "max_drawdown_pct": 50.02897408877563,
    "sharpe": -1.1354639465913512,
    "win_rate_pct": 49.122807017543856,
    "profit_factor": 0.6038997515884936
  },
  "win021_tr20200701-20250630_te20250701-20250930_va20251001-20251231": {
    "cumulative_return_pct": -5.2120677313580765,
    "annualized_return_pct": -19.525900423236575,
    "max_drawdown_pct": 47.21745094977429,
    "sharpe": -0.27602976466124146,
    "win_rate_pct": 49.23076923076923,
    "profit_factor": 0.9672993219283781
  }
}