{
  "win000_tr20100101-20141231_te20150101-20150331_va20150401-20150630": {
    "cumulative_return_pct": 24.648638736371115,
    "annualized_return_pct": 157.73594306002656,
    "max_drawdown_pct": 19.63174459840859,
    "sharpe": 3.042591802398327,
    "win_rate_pct": 49.122807017543856,
    "profit_factor": 1.4126919646087024
  },
  "win001_tr20100701-20150630_te20150701-20150930_va20151001-20151231": {
    "cumulative_return_pct": -12.296847443974018,
    "annualized_return_pct": -41.28667093723472,
    "max_drawdown_pct": 46.96317180748801,
    "sharpe": -0.3078755072484411,
    "win_rate_pct": 53.96825396825397,
    "profit_factor": 0.9415242758417977
  },
  "win002_tr20110101-20151231_te20160101-20160331_va20160401-20160630": {
    "cumulative_return_pct": -47.96406870596305,
    "annualized_return_pct": -93.55885427350721,
    "max_drawdown_pct": 52.13806123752133,
    "sharpe": -1.28889899743209,
    "win_rate_pct": 44.06779661016949,
    "profit_factor": 0.5262164932698793
  },
  "win003_tr20110701-20160630_te20160701-20160930_va20161001-20161231": {
    "cumulative_return_pct": 4.6016376998864,
    "annualized_return_pct": 20.530181506953717,
    "max_drawdown_pct": 38.38080912346321,
    "sharpe": 0.24531195200365316,
    "win_rate_pct": 50.79365079365079,
    "profit_factor": 1.0501946114863443
  },
  "win004_tr20120101-20161231_te20170101-20170331_va20170401-20170630": {
    "cumulative_return_pct": -46.79060634687639,
    "annualized_return_pct": -92.92667951836803,
    "max_drawdown_pct": 47.360636570170975,
    "sharpe": -1.6821928053103206,
    "win_rate_pct": 42.3728813559322,
    "profit_factor": 0.46212675268561176
  },
  "win005_tr20120701-20170630_te20170701-20170930_va20171001-20171231": {
    "cumulative_return_pct": -25.485970896180564,
    "annualized_return_pct": -70.50724769432944,
    "max_drawdown_pct": 29.224938340470064,
    "sharpe": -1.4163149387823206,
    "win_rate_pct": 44.61538461538462,
    "profit_factor": 0.660195509267554
  },
  "win006_tr20130101-20171231_te20180101-20180331_va20180401-20180630": {
    "cumulative_return_pct": -9.499645482294214,
    "annualized_return_pct": -34.23331995390048,
    "max_drawdown_pct": 50.54340482281848,
    "sharpe": -0.45034974932096405,
    "win_rate_pct": 45.76271186440678,
    "profit_factor": 0.8880262393532807
  },
  "win007_tr20130701-20180630_te20180701-20180930_va20181001-20181231": {
    "cumulative_return_pct": -43.40792876446133,
    "annualized_return_pct": -90.58554432245889,
    "max_drawdown_pct": 47.41013063280769,
    "sharpe": -1.8339448312892088,
    "win_rate_pct": 42.1875,
    "profit_factor": 0.5090653564608025
  },
  "win008_tr20140101-20181231_te20190101-20190331_va20190401-20190630": {
    "cumulative_return_pct": -21.00755693993387,
    "annualized_return_pct": -63.26870111467737,
    "max_drawdown_pct": 49.914750081741595,
    "sharpe": -0.5442557840409573,
    "win_rate_pct": 44.827586206896555,
    "profit_factor": 0.8211225958758638
  },
  "win009_tr20140701-20190630_te20190701-20190930_va20191001-20191231": {
    "cumulative_return_pct": 6.730334456268558,
    "annualized_return_pct": 30.257160658712866,
    "max_drawdown_pct": 18.37416061551775,
    "sharpe": 0.4508563231746931,
    "win_rate_pct": 51.5625,
    "profit_factor": 1.0739133362473767
  },
  "win010_tr20150101-20191231_te20200101-20200331_va20200401-20200630": {
    "cumulative_return_pct": -61.74327007598911,
    "annualized_return_pct": -98.06152087730675,
    "max_drawdown_pct": 62.7387468077517,
    "sharpe": -0.8416047956055942,
    "win_rate_pct": 39.6551724137931,
    "profit_factor": 0.5333181853418669
  },
  "win011_tr20150701-20200630_te20200701-20200930_va20201001-20201231": {
    "cumulative_return_pct": -33.6809204241659,
    "annualized_return_pct": -81.11358453446496,
    "max_drawdown_pct": 43.075035555054406,
    "sharpe": -1.5832892692880371,
    "win_rate_pct": 46.15384615384615,
    "profit_factor": 0.6230972421756733
  },
  "win012_tr20160101-20201231_te20210101-20210331_va20210401-20210630": {
    "cumulative_return_pct": -27.98598273953082,
    "annualized_return_pct": -75.20084409860546,
    "max_drawdown_pct": 39.94404240701601,
    "sharpe": -0.8344889918051841,
    "win_rate_pct": 43.103448275862064,
    "profit_factor": 0.7558682048789004
  },
  "win013_tr20160701-20210630_te20210701-20210930_va20211001-20211231": {
    "cumulative_return_pct": 24.427645382640183,
    "annualized_return_pct": 142.77521607921346,
    "max_drawdown_pct": 21.92057237603007,
    "sharpe": 1.7716017519604863,
    "win_rate_pct": 52.38095238095239,
    "profit_factor": 1.2014613374519005
  },
  "win014_tr20170101-20211231_te20220101-20220331_va20220401-20220630": {
    "cumulative_return_pct": 17.835264956367947,
    "annualized_return_pct": 100.77644294124978,
    "max_drawdown_pct": 33.95133539365061,
    "sharpe": 1.229422399689237,
    "win_rate_pct": 55.172413793103445,
    "profit_factor": 1.1975164251510364
  },
  "win015_tr20170701-20220630_te20220701-20220930_va20221001-20221231": {
    "cumulative_return_pct": -59.06643526755306,
    "annualized_return_pct": -97.54580088904319,
    "max_drawdown_pct": 56.95984036248652,
    "sharpe": -1.4956841101294334,
    "win_rate_pct": 29.6875,
    "profit_factor": 0.38678343370359813
  },
  "win016_tr20180101-20221231_te20230101-20230331_va20230401-20230630": {
    "cumulative_return_pct": -8.294780229477817,
    "annualized_return_pct": -30.478381689785593,
    "max_drawdown_pct": 28.913104627908776,
    "sharpe": -0.5141913472156261,
    "win_rate_pct": 50.847457627118644,
    "profit_factor": 0.9126087922779519
  },
  "win017_tr20180701-20230630_te20230701-20230930_va20231001-20231231": {
    "cumulative_return_pct": -35.11116134046053,
    "annualized_return_pct": -83.72811556793295,
    "max_drawdown_pct": 47.88508698472027,
    "sharpe": -1.5468728287857425,
    "win_rate_pct": 32.8125,
    "profit_factor": 0.6679992425751752
  },
  "win018_tr20190101-20231231_te20240101-20240331_va20240401-20240630": {
    "cumulative_return_pct": -29.70206192549417,
    "annualized_return_pct": -77.22686835409392,
    "max_drawdown_pct": 48.79441759918857,
    "sharpe": -0.9246844406530645,
    "win_rate_pct": 46.55172413793103,
    "profit_factor": 0.6997683023400582
  },
  "win019_tr20190701-20240630_te20240701-20240930_va20241001-20241231": {
    "cumulative_return_pct": 69.85605843479522,
    "annualized_return_pct": 758.510402411614,
    "max_drawdown_pct": 32.5663680462638,
    "sharpe": 7.61470991990707,
    "win_rate_pct": 53.96825396825397,
    "profit_factor": 1.4309153432097697
  },
  "win020_tr20200101-20241231_te20250101-20250331_va20250401-20250630": {
    "cumulative_return_pct": -5.061015667486517,
    "annualized_return_pct": -19.391248120702954,
    "max_drawdown_pct": 18.39367871979734,
    "sharpe": -0.268445087728632,
    "win_rate_pct": 38.59649122807017,
    "profit_factor": 0.9480244912643049
  },
  "win021_tr20200701-20250630_te20250701-20250930_va20251001-20251231": {
    "cumulative_return_pct": -25.33923054783,
    "annualized_return_pct": -69.45311668113419,
    "max_drawdown_pct": 29.14563488455318,
    "sharpe": -1.323401719504914,
    "win_rate_pct": 36.92307692307693,
    "profit_factor": 0.7003003276518245
  }
}