{
  "win000_tr20100101-20141231_te20150101-20150331_va20150401-20150630": {
    "cumulative_return_pct": -17.359419557889517,
    "annualized_return_pct": -55.92675861023532,
    "max_drawdown_pct": 29.25019217707679,
    "sharpe": -0.7295114979304737,
    "win_rate_pct": 47.368421052631575,
    "profit_factor": 0.8339260337839555
  },
  "win001_tr20100701-20150630_te20150701-20150930_va20151001-20151231": {
    "cumulative_return_pct": -46.03382991322824,
    "annualized_return_pct": -91.81798726530111,
    "max_drawdown_pct": 52.359384777963456,
    "sharpe": -0.7341500647543361,
    "win_rate_pct": 49.2063492063492,
    "profit_factor": 0.7495414206211483
  },
  "win002_tr20110101-20151231_te20160101-20160331_va20160401-20160630": {
    "cumulative_return_pct": -18.543704320988105,
    "annualized_return_pct": -57.729524425747826,
    "max_drawdown_pct": 28.916557164783406,
    "sharpe": -0.5171647051679849,
    "win_rate_pct": 52.54237288135594,
    "profit_factor": 0.8970027281565864
  },
  "win003_tr20110701-20160630_te20160701-20160930_va20161001-20161231": {
    "cumulative_return_pct": 62.217869371851805,
    "annualized_return_pct": 644.7816190712877,
    "max_drawdown_pct": 25.15074532046919,
    "sharpe": 8.248969482533909,
    "win_rate_pct": 53.96825396825397,
    "profit_factor": 1.6845684736914712
  },
  "win004_tr20120101-20161231_te20170101-20170331_va20170401-20170630": {
    "cumulative_return_pct": 28.978861974208524,
    "annualized_return_pct": 191.06321469422033,
    "max_drawdown_pct": 23.618559890769124,
    "sharpe": 2.842560385529405,
    "win_rate_pct": 57.6271186440678,
    "profit_factor": 1.2762571809696897
  },
  "win005_tr20120701-20170630_te20170701-20170930_va20171001-20171231": {
    "cumulative_return_pct": -13.629977054768789,
    "annualized_return_pct": -45.56597633461465,
    "max_drawdown_pct": 23.610332049570093,
    "sharpe": -0.7626734596935364,
    "win_rate_pct": 52.307692307692314,
    "profit_factor": 0.8603823514691652
  },
  "win006_tr20130101-20171231_te20180101-20180331_va20180401-20180630": {
    "cumulative_return_pct": -6.033098898333451,
    "annualized_return_pct": -22.99105130430452,
    "max_drawdown_pct": 37.74448318920441,
    "sharpe": -0.24875776346879616,
    "win_rate_pct": 44.06779661016949,
    "profit_factor": 0.9527144391511875
  },
  "win007_tr20130701-20180630_te20180701-20180930_va20181001-20181231": {
    "cumulative_return_pct": -45.430270820712586,
    "annualized_return_pct": -91.90530472474194,
    "max_drawdown_pct": 45.58971882051022,
    "sharpe": -1.5668980896864722,
    "win_rate_pct": 45.3125,
    "profit_factor": 0.5171599249642393
  },
  "win008_tr20140101-20181231_te20190101-20190331_va20190401-20190630": {
    "cumulative_return_pct": -33.800110661122496,
    "annualized_return_pct": -82.65540619549333,
    "max_drawdown_pct": 48.9227047163076,
    "sharpe": -0.7300589705501003,
    "win_rate_pct": 36.206896551724135,
    "profit_factor": 0.8160593514966032
  },
  "win009_tr20140701-20190630_te20190701-20190930_va20191001-20191231": {
    "cumulative_return_pct": 3.0963215921483234,
    "annualized_return_pct": 13.173617809085192,
    "max_drawdown_pct": 36.31601962356711,
    "sharpe": 0.10878837074487582,
    "win_rate_pct": 45.3125,
    "profit_factor": 1.0255485403802225
  },
  "win010_tr20150101-20191231_te20200101-20200331_va20200401-20200630": {
    "cumulative_return_pct": -9.741453081952839,
    "annualized_return_pct": -34.33602977452457,
    "max_drawdown_pct": 37.17566808241553,
    "sharpe": -0.394254683320489,
    "win_rate_pct": 51.724137931034484,
    "profit_factor": 0.923139007898053
  },
  "win011_tr20150701-20200630_te20200701-20200930_va20201001-20201231": {
    "cumulative_return_pct": -29.119583110195247,
    "annualized_return_pct": -75.26079430253314,
    "max_drawdown_pct": 57.17845949088425,
    "sharpe": -0.8248208516950253,
    "win_rate_pct": 46.15384615384615,
    "profit_factor": 0.811700490912322
  },
  "win012_tr20160101-20201231_te20210101-20210331_va20210401-20210630": {
    "cumulative_return_pct": -34.67820856113145,
    "annualized_return_pct": -83.61167793262985,
    "max_drawdown_pct": 46.718388711367545,
    "sharpe": -0.8526431071484245,
    "win_rate_pct": 44.827586206896555,
    "profit_factor": 0.7472338010849374
  },
  "win013_tr20160701-20210630_te20210701-20210930_va20211001-20211231": {
    "cumulative_return_pct": 5.292067490949458,
    "annualized_return_pct": 23.278978472725885,
    "max_drawdown_pct": 36.72742419934963,
    "sharpe": 0.19155541782006674,
    "win_rate_pct": 46.03174603174603,
    "profit_factor": 1.0377996380151024
  },
  "win014_tr20170101-20211231_te20220101-20220331_va20220401-20220630": {
    "cumulative_return_pct": 54.57225367307107,
    "annualized_return_pct": 535.7102879068675,
    "max_drawdown_pct": 25.56796501229864,
    "sharpe": 5.323599399809753,
    "win_rate_pct": 51.724137931034484,
    "profit_factor": 1.4714715377971845
  },
  "win015_tr20170701-20220630_te20220701-20220930_va20221001-20221231": {
    "cumulative_return_pct": -38.54954495786369,
    "annualized_return_pct": -86.7486836495866,
    "max_drawdown_pct": 57.80032536774271,
    "sharpe": -1.0461853171132531,
    "win_rate_pct": 42.1875,
    "profit_factor": 0.7481235430757653
  },
  "win016_tr20180101-20221231_te20230101-20230331_va20230401-20230630": {
    "cumulative_return_pct": 54.877972212489176,
    "annualized_return_pct": 527.5220313944652,
    "max_drawdown_pct": 24.087119004121817,
    "sharpe": 5.781536965761851,
    "win_rate_pct": 50.847457627118644,
    "profit_factor": 1.4492232054302745
  },
  "win017_tr20180701-20230630_te20230701-20230930_va20231001-20231231": {
    "cumulative_return_pct": -2.9382979908472975,
    "annualized_return_pct": -11.768528590030325,
    "max_drawdown_pct": 21.41224424434202,
    "sharpe": -0.2924503614711512,
    "win_rate_pct": 48.4375,
    "profit_factor": 0.9625066850749449
  },
  "win018_tr20190101-20231231_te20240101-20240331_va20240401-20240630": {
    "cumulative_return_pct": -28.26016106791686,
    "annualized_return_pct": -75.2005323925149,
    "max_drawdown_pct": 40.11307747916866,
    "sharpe": -0.8581903564777044,
    "win_rate_pct": 46.55172413793103,
    "profit_factor": 0.7491587774258247
  },
  "win019_tr20190701-20240630_te20240701-20240930_va20241001-20241231": {
    "cumulative_return_pct": 135.5485827344179,
    "annualized_return_pct": 3136.1353501331087,
    "max_drawdown_pct": 23.485816267754743,
    "sharpe": 32.35401272483901,
    "win_rate_pct": 50.79365079365079,
    "profit_factor": 2.295800580082195
  },
  "win020_tr20200101-20241231_te20250101-20250331_va20250401-20250630": {
    "cumulative_return_pct": -1.6320567545090918,
    "annualized_return_pct": -6.601835402979184,
    "max_drawdown_pct": 20.807812330732812,
    "sharpe": -0.1375376086881384,
    "win_rate_pct": 49.122807017543856,
    "profit_factor": 0.9819165038910291
  },
  "win021_tr20200701-20250630_te20250701-20250930_va20251001-20251231": {
    "cumulative_return_pct": -38.624239266016566,
    "annualized_return_pct": -86.20820782494287,
    "max_drawdown_pct": 48.0590654448964,
    "sharpe": -1.182793813318084,
    "win_rate_pct": 33.84615384615385,
    "profit_factor": 0.5775129611770013
  }
}