{
  "win000_tr20100101-20141231_te20150101-20150331_va20150401-20150630": {
    "cumulative_return_pct": 23.64237041058035,
    "annualized_return_pct": 148.91347426113367,
    "max_drawdown_pct": 23.31078046306441,
    "sharpe": 1.8410415228931294,
    "win_rate_pct": 54.385964912280706,
    "profit_factor": 1.2415124483310278
  },
  "win001_tr20100701-20150630_te20150701-20150930_va20151001-20151231": {
    "cumulative_return_pct": -74.61558209427211,
    "annualized_return_pct": -99.61670314446825,
    "max_drawdown_pct": 74.21019559422636,
    "sharpe": -0.6867526748475604,
    "win_rate_pct": 46.03174603174603,
    "profit_factor": 0.5829706454296272
  },
  "win002_tr20110101-20151231_te20160101-20160331_va20160401-20160630": {
    "cumulative_return_pct": -32.95320026152834,
    "annualized_return_pct": -81.3324565449933,
    "max_drawdown_pct": 55.40544432739818,
    "sharpe": -0.7672430648012337,
    "win_rate_pct": 52.54237288135594,
    "profit_factor": 0.7476477053772845
  },
  "win003_tr20110701-20160630_te20160701-20160930_va20161001-20161231": {
    "cumulative_return_pct": 8.043180768873286,
    "annualized_return_pct": 37.863131338801345,
    "max_drawdown_pct": 35.21806555400938,
    "sharpe": 0.3913206513918508,
    "win_rate_pct": 46.03174603174603,
    "profit_factor": 1.0621690344916317
  },
  "win004_tr20120101-20161231_te20170101-20170331_va20170401-20170630": {
    "cumulative_return_pct": -24.536907939088405,
    "annualized_return_pct": -69.33124779541345,
    "max_drawdown_pct": 43.41108482986862,
    "sharpe": -1.073941355391782,
    "win_rate_pct": 47.45762711864407,
    "profit_factor": 0.727091413128387
  },
  "win005_tr20120701-20170630_te20170701-20170930_va20171001-20171231": {
    "cumulative_return_pct": -36.33860331155629,
    "annualized_return_pct": -84.65472624709302,
    "max_drawdown_pct": 39.94836593299204,
    "sharpe": -1.6788980344026148,
    "win_rate_pct": 36.92307692307693,
    "profit_factor": 0.5676047130363607
  },
  "win006_tr20130101-20171231_te20180101-20180331_va20180401-20180630": {
    "cumulative_return_pct": -16.64710316077727,
    "annualized_return_pct": -53.44103958917727,
    "max_drawdown_pct": 29.041302304341137,
    "sharpe": -0.6191050617462514,
    "win_rate_pct": 52.54237288135594,
    "profit_factor": 0.8436529145465583
  },
  "win007_tr20130701-20180630_te20180701-20180930_va20181001-20181231": {
    "cumulative_return_pct": -28.33335350783473,
    "annualized_return_pct": -74.91098056090179,
    "max_drawdown_pct": 38.375063889348894,
    "sharpe": -1.4193834008564132,
    "win_rate_pct": 45.3125,
    "profit_factor": 0.7035441735678546
  },
  "win008_tr20140101-20181231_te20190101-20190331_va20190401-20190630": {
    "cumulative_return_pct": -30.626059956991263,
    "annualized_return_pct": -78.8385135227347,
    "max_drawdown_pct": 47.17856571677584,
    "sharpe": -0.7217342084148433,
    "win_rate_pct": 39.6551724137931,
    "profit_factor": 0.7753242009486656
  },
  "win009_tr20140701-20190630_te20190701-20190930_va20191001-20191231": {
    "cumulative_return_pct": -8.203529505316586,
    "annualized_return_pct": -29.34621237159476,
    "max_drawdown_pct": 35.1053606857529,
    "sharpe": -0.30432475977124973,
    "win_rate_pct": 46.875,
    "profit_factor": 0.9522566754875391
  },
  "win010_tr20150101-20191231_te20200101-20200331_va20200401-20200630": {
    "cumulative_return_pct": -40.84619898640982,
    "annualized_return_pct": -88.40602945938784,
    "max_drawdown_pct": 60.92470599398521,
    "sharpe": -0.7682289571616003,
    "win_rate_pct": 41.37931034482759,
    "profit_factor": 0.7742098643478328
  },
  "win011_tr20150701-20200630_te20200701-20200930_va20201001-20201231": {
    "cumulative_return_pct": -4.918922559132881,
    "annualized_return_pct": -18.51108539903803,
    "max_drawdown_pct": 36.598369239188145,
    "sharpe": -0.2509405126016913,
    "win_rate_pct": 46.15384615384615,
    "profit_factor": 0.963571861171936
  },
  "win012_tr20160101-20201231_te20210101-20210331_va20210401-20210630": {
    "cumulative_return_pct": -49.685950849445945,
    "annualized_return_pct": -94.5918767752572,
    "max_drawdown_pct": 52.10044610790578,
    "sharpe": -1.018339982837969,
    "win_rate_pct": 41.37931034482759,
    "profit_factor": 0.613240717415878
  },
  "win013_tr20160701-20210630_te20210701-20210930_va20211001-20211231": {
    "cumulative_return_pct": 10.663460904546595,
    "annualized_return_pct": 50.863405707254586,
    "max_drawdown_pct": 35.554549906878826,
    "sharpe": 0.40181615846648217,
    "win_rate_pct": 52.38095238095239,
    "profit_factor": 1.0517649212382238
  },
  "win014_tr20170101-20211231_te20220101-20220331_va20220401-20220630": {
    "cumulative_return_pct": -4.445278620414121,
    "annualized_return_pct": -17.56169643386083,
    "max_drawdown_pct": 49.97960665815612,
    "sharpe": -0.1603123251447971,
    "win_rate_pct": 48.275862068965516,
    "profit_factor": 0.975094011530289
  },
  "win015_tr20170701-20220630_te20220701-20220930_va20221001-20221231": {
    "cumulative_return_pct": -43.79694073776348,
    "annualized_return_pct": -90.85125263692865,
    "max_drawdown_pct": 49.18685732494103,
    "sharpe": -1.0027061096331453,
    "win_rate_pct": 48.4375,
    "profit_factor": 0.6652356788819784
  },
  "win016_tr20180101-20221231_te20230101-20230331_va20230401-20230630": {
    "cumulative_return_pct": -48.004863080048096,
    "annualized_return_pct": -93.58002747592104,
    "max_drawdown_pct": 55.62588790668632,
    "sharpe": -0.9784937315948726,
    "win_rate_pct": 45.76271186440678,
    "profit_factor": 0.6096905652808516
  },
  "win017_tr20180701-20230630_te20230701-20230930_va20231001-20231231": {
    "cumulative_return_pct": -16.687328374877712,
    "annualized_return_pct": -53.53529726906682,
    "max_drawdown_pct": 34.783740839081375,
    "sharpe": -0.8141978851750836,
    "win_rate_pct": 45.3125,
    "profit_factor": 0.86263799064798
  },
  "win018_tr20190101-20231231_te20240101-20240331_va20240401-20240630": {
    "cumulative_return_pct": -53.3079637903853,
    "annualized_return_pct": -95.91313691710918,
    "max_drawdown_pct": 54.344103235030325,
    "sharpe": -1.2381120423957963,
    "win_rate_pct": 43.103448275862064,
    "profit_factor": 0.4637465986723669
  },
  "win019_tr20190701-20240630_te20240701-20240930_va20241001-20241231": {
    "cumulative_return_pct": -39.27307786859773,
    "annualized_return_pct": -86.79042066798114,
    "max_drawdown_pct": 57.57155579970513,
    "sharpe": -0.7225703932183899,
    "win_rate_pct": 39.682539682539684,
    "profit_factor": 0.6928037216649083
  },
  "win020_tr20200101-20241231_te20250101-20250331_va20250401-20250630": {
    "cumulative_return_pct": -22.904999154505948,
    "annualized_return_pct": -66.03007303592217,
    "max_drawdown_pct": 34.03208833412,
    "sharpe": -0.6822868645289046,
    "win_rate_pct": 45.614035087719294,
    "profit_factor": 0.8252751775964172
  },
  "win021_tr20200701-20250630_te20250701-20250930_va20251001-20251231": {
    "cumulative_return_pct": -19.594940231388097,
    "annualized_return_pct": -58.732479073155844,
    "max_drawdown_pct": 36.93030248769358,
    "sharpe": -0.7840864149924474,
    "win_rate_pct": 44.61538461538462,
    "profit_factor": 0.8392711594352169
  }
}