{
  "win000_tr20100101-20141231_te20150101-20150331_va20150401-20150630": {
    "cumulative_return_pct": 1.7660855481769422,
    "annualized_return_pct": 7.812927144946347,
    "max_drawdown_pct": 26.363055480801805,
    "sharpe": 0.07962770820246554,
    "win_rate_pct": 47.368421052631575,
    "profit_factor": 1.0208883018797459
  },
  "win001_tr20100701-20150630_te20150701-20150930_va20151001-20151231": {
    "cumulative_return_pct": -22.613939037427446,
    "annualized_return_pct": -64.66897060123242,
    "max_drawdown_pct": 56.437496102914054,
    "sharpe": -0.43259318170005845,
    "win_rate_pct": 53.96825396825397,
    "profit_factor": 0.9035754128452974
  },
  "win002_tr20110101-20151231_te20160101-20160331_va20160401-20160630": {
    "cumulative_return_pct": -71.3579631601672,
    "annualized_return_pct": -99.47476630907117,
    "max_drawdown_pct": 76.07322801151473,
    "sharpe": -1.1020962841152806,
    "win_rate_pct": 40.67796610169492,
    "profit_factor": 0.28106546211742683
  },
  "win003_tr20110701-20160630_te20160701-20160930_va20161001-20161231": {
    "cumulative_return_pct": -22.549897796457948,
    "annualized_return_pct": -65.37592144915101,
    "max_drawdown_pct": 38.467502124098644,
    "sharpe": -1.0211903122183952,
    "win_rate_pct": 41.269841269841265,
    "profit_factor": 0.7251347081333955
  },
  "win004_tr20120101-20161231_te20170101-20170331_va20170401-20170630": {
    "cumulative_return_pct": -28.989051272963046,
    "annualized_return_pct": -76.24130082820048,
    "max_drawdown_pct": 32.461006791796706,
    "sharpe": -0.9916848414515178,
    "win_rate_pct": 44.06779661016949,
    "profit_factor": 0.7239662696054061
  },
  "win005_tr20120701-20170630_te20170701-20170930_va20171001-20171231": {
    "cumulative_return_pct": -52.583304172601274,
    "annualized_return_pct": -95.48216138721197,
    "max_drawdown_pct": 55.94318860081384,
    "sharpe": -1.9312655039403896,
    "win_rate_pct": 36.92307692307693,
    "profit_factor": 0.3975523690807037
  },
  "win006_tr20130101-20171231_te20180101-20180331_va20180401-20180630": {
    "cumulative_return_pct": -34.42599479569181,
    "annualized_return_pct": -82.9945094159107,
    "max_drawdown_pct": 45.49298823366538,
    "sharpe": -1.018848124875718,
    "win_rate_pct": 50.847457627118644,
    "profit_factor": 0.6858426547791725
  },
  "win007_tr20130701-20180630_te20180701-20180930_va20181001-20181231": {
    "cumulative_return_pct": -85.65401607223286,
    "annualized_return_pct": -99.96838073427983,
    "max_drawdown_pct": 85.84639984554686,
    "sharpe": -1.452226173785015,
    "win_rate_pct": 21.875,
    "profit_factor": 0.20619842989423276
  },
  "win008_tr20140101-20181231_te20190101-20190331_va20190401-20190630": {
    "cumulative_return_pct": -9.031302582690772,
    "annualized_return_pct": -33.102421410111546,
    "max_drawdown_pct": 45.43121395568571,
    "sharpe": -0.3049969579810982,
    "win_rate_pct": 39.6551724137931,
    "profit_factor": 0.9428542087183335
  },
  "win009_tr20140701-20190630_te20190701-20190930_va20191001-20191231": {
    "cumulative_return_pct": -47.910706025174576,
    "annualized_return_pct": -92.91286218420383,
    "max_drawdown_pct": 48.657804501315496,
    "sharpe": -0.9811249607220993,
    "win_rate_pct": 43.75,
    "profit_factor": 0.6140427521536732
  },
  "win010_tr20150101-20191231_te20200101-20200331_va20200401-20200630": {
    "cumulative_return_pct": 12.792443426986665,
    "annualized_return_pct": 63.89043788880768,
    "max_drawdown_pct": 61.43037376442385,
    "sharpe": 0.45127939377740234,
    "win_rate_pct": 53.44827586206896,
    "profit_factor": 1.0354754993566913
  },
  "win011_tr20150701-20200630_te20200701-20200930_va20201001-20201231": {
    "cumulative_return_pct": 2.8673490950934353,
    "annualized_return_pct": 12.156999677198922,
    "max_drawdown_pct": 34.94348192692778,
    "sharpe": 0.11657854300380546,
    "win_rate_pct": 52.307692307692314,
    "profit_factor": 1.0216563302844648
  },
  "win012_tr20160101-20201231_te20210101-20210331_va20210401-20210630": {
    "cumulative_return_pct": 45.62782570235147,
    "annualized_return_pct": 393.5305090665164,
    "max_drawdown_pct": 28.185973947468913,
    "sharpe": 3.8724047301657847,
    "win_rate_pct": 48.275862068965516,
    "profit_factor": 1.348686496073405
  },
  "win013_tr20160701-20210630_te20210701-20210930_va20211001-20211231": {
    "cumulative_return_pct": 4.421720469497912,
    "annualized_return_pct": 19.19540410663718,
    "max_drawdown_pct": 38.89000827311495,
    "sharpe": 0.14091725604894917,
    "win_rate_pct": 49.2063492063492,
    "profit_factor": 1.0220552473974571
  },
  "win014_tr20170101-20211231_te20220101-20220331_va20220401-20220630": {
    "cumulative_return_pct": -5.848352438070719,
    "annualized_return_pct": -22.58149879996738,
    "max_drawdown_pct": 46.221178521489485,
    "sharpe": -0.2303211556596476,
    "win_rate_pct": 46.55172413793103,
    "profit_factor": 0.9608741296071219
  },
  "win015_tr20170701-20220630_te20220701-20220930_va20221001-20221231": {
    "cumulative_return_pct": -6.756089998972451,
    "annualized_return_pct": -25.198946165244685,
    "max_drawdown_pct": 33.74043760913301,
    "sharpe": -0.30494447278572495,
    "win_rate_pct": 43.75,
    "profit_factor": 0.9515929716036695
  },
  "win016_tr20180101-20221231_te20230101-20230331_va20230401-20230630": {
    "cumulative_return_pct": -21.537736520856804,
    "annualized_return_pct": -63.87922035243974,
    "max_drawdown_pct": 37.73495448184519,
    "sharpe": -0.8997159261298231,
    "win_rate_pct": 40.67796610169492,
    "profit_factor": 0.7581693902384494
  },
  "win017_tr20180701-20230630_te20230701-20230930_va20231001-20231231": {
    "cumulative_return_pct": 10.829022088590706,
    "annualized_return_pct": 53.98120583292301,
    "max_drawdown_pct": 24.88560330491963,
    "sharpe": 0.9495573134549524,
    "win_rate_pct": 50.0,
    "profit_factor": 1.1676715297620148
  },
  "win018_tr20190101-20231231_te20240101-20240331_va20240401-20240630": {
    "cumulative_return_pct": -67.95797000019394,
    "annualized_return_pct": -99.15884447437023,
    "max_drawdown_pct": 68.08382098938911,
    "sharpe": -1.2313077103273184,
    "win_rate_pct": 41.37931034482759,
    "profit_factor": 0.35478213038451983
  },
  "win019_tr20190701-20240630_te20240701-20240930_va20241001-20241231": {
    "cumulative_return_pct": 13.173308995597694,
    "annualized_return_pct": 65.23845435406537,
    "max_drawdown_pct": 25.651034977182803,
    "sharpe": 0.7570914688141654,
    "win_rate_pct": 49.2063492063492,
    "profit_factor": 1.1335619748504397
  },
  "win020_tr20200101-20241231_te20250101-20250331_va20250401-20250630": {
    "cumulative_return_pct": -4.869085793555248,
    "annualized_return_pct": -18.71271569268458,
    "max_drawdown_pct": 18.590532666668523,
    "sharpe": -0.41408859311502905,
    "win_rate_pct": 50.877192982456144,
    "profit_factor": 0.9298558653421176
  },
  "win021_tr20200701-20250630_te20250701-20250930_va20251001-20251231": {
    "cumulative_return_pct": 4.311509706863912,
    "annualized_return_pct": 18.685675033963168,
    "max_drawdown_pct": 41.84763997875379,
    "sharpe": 0.2107093399291675,
    "win_rate_pct": 49.23076923076923,
    "profit_factor": 1.0307088580264938
  }
}