{
  "size": 3,
  "models": "FiLM,WPMixer,iTransformer",
  "num_windows": 22,
  "mean_test_cumulative_return_pct": -12.109720037681198,
  "std_test_cumulative_return_pct": 36.09477062895241,
  "min_test_cumulative_return_pct": -79.0666554734614,
  "max_test_cumulative_return_pct": 53.311399295970354,
  "mean_test_annualized_return_pct": 26.905779918315265,
  "mean_test_max_drawdown_pct": 40.71079792645337,
  "mean_test_sharpe": 0.2756103591604973,
  "mean_test_win_rate_pct": 46.447038312752426,
  "mean_test_profit_factor": 0.9091602593472558
}