{
  "win000_tr20100101-20141231_te20150101-20150331_va20150401-20150630": {
    "cumulative_return_pct": 32.64262402596802,
    "annualized_return_pct": 236.64837151032177,
    "max_drawdown_pct": 22.6111369695067,
    "sharpe": 3.4201019008528077,
    "win_rate_pct": 47.368421052631575,
    "profit_factor": 1.3872433608223087
  },
  "win001_tr20100701-20150630_te20150701-20150930_va20151001-20151231": {
    "cumulative_return_pct": -61.5465085930409,
    "annualized_return_pct": -97.93209286271262,
    "max_drawdown_pct": 67.6923987978068,
    "sharpe": -0.6898203807586206,
    "win_rate_pct": 49.2063492063492,
    "profit_factor": 0.6941452948459571
  },
  "win002_tr20110101-20151231_te20160101-20160331_va20160401-20160630": {
    "cumulative_return_pct": -23.8154063845154,
    "annualized_return_pct": -68.08126071082141,
    "max_drawdown_pct": 41.37684022798119,
    "sharpe": -0.6898718472784541,
    "win_rate_pct": 49.152542372881356,
    "profit_factor": 0.8315526639315332
  },
  "win003_tr20110701-20160630_te20160701-20160930_va20161001-20161231": {
    "cumulative_return_pct": -33.932578296268396,
    "annualized_return_pct": -82.100320342195,
    "max_drawdown_pct": 40.65296765314591,
    "sharpe": -1.2152606016080647,
    "win_rate_pct": 42.857142857142854,
    "profit_factor": 0.6301028396649417
  },
  "win004_tr20120101-20161231_te20170101-20170331_va20170401-20170630": {
    "cumulative_return_pct": -34.14600507542247,
    "annualized_return_pct": -82.68758245193486,
    "max_drawdown_pct": 51.58914151882939,
    "sharpe": -0.8646739836825661,
    "win_rate_pct": 47.45762711864407,
    "profit_factor": 0.7116740734325372
  },
  "win005_tr20120701-20170630_te20170701-20170930_va20171001-20171231": {
    "cumulative_return_pct": -20.508771225056343,
    "annualized_return_pct": -61.42836164711043,
    "max_drawdown_pct": 31.89799187966843,
    "sharpe": -1.0681782628789358,
    "win_rate_pct": 50.76923076923077,
    "profit_factor": 0.7608915669032109
  },
  "win006_tr20130101-20171231_te20180101-20180331_va20180401-20180630": {
    "cumulative_return_pct": -27.900735590759375,
    "annualized_return_pct": -74.67470872289938,
    "max_drawdown_pct": 31.10070916494211,
    "sharpe": -1.2103019499394991,
    "win_rate_pct": 45.76271186440678,
    "profit_factor": 0.6752356764111753
  },
  "win007_tr20130701-20180630_te20180701-20180930_va20181001-20181231": {
    "cumulative_return_pct": -42.261338365641365,
    "annualized_return_pct": -89.76821683175282,
    "max_drawdown_pct": 49.5112696508394,
    "sharpe": -1.2458962787023689,
    "win_rate_pct": 40.625,
    "profit_factor": 0.608768946424532
  },
  "win008_tr20140101-20181231_te20190101-20190331_va20190401-20190630": {
    "cumulative_return_pct": -22.712740787990903,
    "annualized_return_pct": -66.52012173515165,
    "max_drawdown_pct": 46.84819845877314,
    "sharpe": -0.6432077151111133,
    "win_rate_pct": 44.827586206896555,
    "profit_factor": 0.8507840640292279
  },
  "win009_tr20140701-20190630_te20190701-20190930_va20191001-20191231": {
    "cumulative_return_pct": -56.91457036899323,
    "annualized_return_pct": -96.71911516121602,
    "max_drawdown_pct": 64.93620837571757,
    "sharpe": -1.2118830784101629,
    "win_rate_pct": 39.0625,
    "profit_factor": 0.5334110144845079
  },
  "win010_tr20150101-20191231_te20200101-20200331_va20200401-20200630": {
    "cumulative_return_pct": -48.1978300357066,
    "annualized_return_pct": -93.27483019441462,
    "max_drawdown_pct": 52.35530152735204,
    "sharpe": -0.9687645703071289,
    "win_rate_pct": 36.206896551724135,
    "profit_factor": 0.5702057168675354
  },
  "win011_tr20150701-20200630_te20200701-20200930_va20201001-20201231": {
    "cumulative_return_pct": -55.46209688971623,
    "annualized_return_pct": -96.24657017182203,
    "max_drawdown_pct": 64.50263239708475,
    "sharpe": -1.282026706343993,
    "win_rate_pct": 41.53846153846154,
    "profit_factor": 0.5472432530259274
  },
  "win012_tr20160101-20201231_te20210101-20210331_va20210401-20210630": {
    "cumulative_return_pct": -69.90835694329752,
    "annualized_return_pct": -99.39058768307585,
    "max_drawdown_pct": 70.77103587228626,
    "sharpe": -1.1065118811788621,
    "win_rate_pct": 34.48275862068966,
    "profit_factor": 0.43018898739602346
  },
  "win013_tr20160701-20210630_te20210701-20210930_va20211001-20211231": {
    "cumulative_return_pct": 12.084697057353635,
    "annualized_return_pct": 58.88229027298715,
    "max_drawdown_pct": 35.122813559366556,
    "sharpe": 0.5304781038709849,
    "win_rate_pct": 49.2063492063492,
    "profit_factor": 1.0747061403939333
  },
  "win014_tr20170101-20211231_te20220101-20220331_va20220401-20220630": {
    "cumulative_return_pct": 84.31335530159826,
    "annualized_return_pct": 1242.2841277968914,
    "max_drawdown_pct": 42.26775202658374,
    "sharpe": 13.887003777859002,
    "win_rate_pct": 58.620689655172406,
    "profit_factor": 1.8555084814827127
  },
  "win015_tr20170701-20220630_te20220701-20220930_va20221001-20221231": {
    "cumulative_return_pct": -9.838565356595105,
    "annualized_return_pct": -34.94048522390997,
    "max_drawdown_pct": 35.932059787201794,
    "sharpe": -0.39464046404341724,
    "win_rate_pct": 43.75,
    "profit_factor": 0.9257930742235986
  },
  "win016_tr20180101-20221231_te20230101-20230331_va20230401-20230630": {
    "cumulative_return_pct": -7.467902154375997,
    "annualized_return_pct": -27.80847238396348,
    "max_drawdown_pct": 32.29717816496731,
    "sharpe": -0.36718359226612135,
    "win_rate_pct": 49.152542372881356,
    "profit_factor": 0.9337132704673995
  },
  "win017_tr20180701-20230630_te20230701-20230930_va20231001-20231231": {
    "cumulative_return_pct": -42.497993567892806,
    "annualized_return_pct": -90.20322948429435,
    "max_drawdown_pct": 58.792106491912335,
    "sharpe": -1.178832783219833,
    "win_rate_pct": 40.625,
    "profit_factor": 0.6151202931794282
  },
  "win018_tr20190101-20231231_te20240101-20240331_va20240401-20240630": {
    "cumulative_return_pct": 0.35592956028296613,
    "annualized_return_pct": 1.5028178971094874,
    "max_drawdown_pct": 25.957446864248745,
    "sharpe": -0.015323839363712332,
    "win_rate_pct": 51.724137931034484,
    "profit_factor": 1.0028182986188157
  },
  "win019_tr20190701-20240630_te20240701-20240930_va20241001-20241231": {
    "cumulative_return_pct": 38.120128986162506,
    "annualized_return_pct": 270.859627617147,
    "max_drawdown_pct": 20.060757685380697,
    "sharpe": 2.9132902265073426,
    "win_rate_pct": 50.79365079365079,
    "profit_factor": 1.3080514910294039
  },
  "win020_tr20200101-20241231_te20250101-20250331_va20250401-20250630": {
    "cumulative_return_pct": 27.94999657376909,
    "annualized_return_pct": 178.14930204056813,
    "max_drawdown_pct": 30.15752197805713,
    "sharpe": 1.951369604511137,
    "win_rate_pct": 47.368421052631575,
    "profit_factor": 1.2277668955440828
  },
  "win021_tr20200701-20250630_te20250701-20250930_va20251001-20251231": {
    "cumulative_return_pct": 1.904190560601186,
    "annualized_return_pct": 7.955815867670268,
    "max_drawdown_pct": 32.967502111652905,
    "sharpe": 0.056847019551831454,
    "win_rate_pct": 50.76923076923077,
    "profit_factor": 1.0144162215554389
  }
}