{
  "win000_tr20100101-20141231_te20150101-20150331_va20150401-20150630": {
    "cumulative_return_pct": -4.917434803003969,
    "annualized_return_pct": -19.48102538474994,
    "max_drawdown_pct": 24.244957794969295,
    "sharpe": -0.354053541603131,
    "win_rate_pct": 54.385964912280706,
    "profit_factor": 0.9368450039949231
  },
  "win001_tr20100701-20150630_te20150701-20150930_va20151001-20151231": {
    "cumulative_return_pct": -53.67127634965654,
    "annualized_return_pct": -95.59537155920079,
    "max_drawdown_pct": 80.21711456409307,
    "sharpe": -0.6728762971173056,
    "win_rate_pct": 47.61904761904761,
    "profit_factor": 0.8083479734602281
  },
  "win002_tr20110101-20151231_te20160101-20160331_va20160401-20160630": {
    "cumulative_return_pct": -42.44720097343625,
    "annualized_return_pct": -90.1668476383337,
    "max_drawdown_pct": 44.832986238519524,
    "sharpe": -1.0318651528322986,
    "win_rate_pct": 49.152542372881356,
    "profit_factor": 0.6517189794829615
  },
  "win003_tr20110701-20160630_te20160701-20160930_va20161001-20161231": {
    "cumulative_return_pct": -15.884131720661104,
    "annualized_return_pct": -51.22461165775758,
    "max_drawdown_pct": 49.5515292296379,
    "sharpe": -0.7164469438541098,
    "win_rate_pct": 46.03174603174603,
    "profit_factor": 0.8339217805669832
  },
  "win004_tr20120101-20161231_te20170101-20170331_va20170401-20170630": {
    "cumulative_return_pct": -21.121759489583795,
    "annualized_return_pct": -63.068413800831365,
    "max_drawdown_pct": 32.87182671101173,
    "sharpe": -1.0461079988887618,
    "win_rate_pct": 44.06779661016949,
    "profit_factor": 0.7459294599325138
  },
  "win005_tr20120701-20170630_te20170701-20170930_va20171001-20171231": {
    "cumulative_return_pct": -9.347792368685768,
    "annualized_return_pct": -33.457964722903476,
    "max_drawdown_pct": 17.841322924685333,
    "sharpe": -0.5804454724708042,
    "win_rate_pct": 43.07692307692308,
    "profit_factor": 0.8912122757070406
  },
  "win006_tr20130101-20171231_te20180101-20180331_va20180401-20180630": {
    "cumulative_return_pct": -30.781332859741223,
    "annualized_return_pct": -78.65908416188674,
    "max_drawdown_pct": 38.804003452184304,
    "sharpe": -1.2132831832162123,
    "win_rate_pct": 40.67796610169492,
    "profit_factor": 0.6512021748802956
  },
  "win007_tr20130701-20180630_te20180701-20180930_va20181001-20181231": {
    "cumulative_return_pct": -54.33060201437464,
    "annualized_return_pct": -96.13409172579968,
    "max_drawdown_pct": 55.619390929141865,
    "sharpe": -1.4993230873806338,
    "win_rate_pct": 34.375,
    "profit_factor": 0.44816028168456756
  },
  "win008_tr20140101-20181231_te20190101-20190331_va20190401-20190630": {
    "cumulative_return_pct": -3.951264918959222,
    "annualized_return_pct": -15.73632271801564,
    "max_drawdown_pct": 34.17656200663187,
    "sharpe": -0.16819729491521773,
    "win_rate_pct": 50.0,
    "profit_factor": 0.9709145269096018
  },
  "win009_tr20140701-20190630_te20190701-20190930_va20191001-20191231": {
    "cumulative_return_pct": -13.83703432827111,
    "annualized_return_pct": -45.3601382339658,
    "max_drawdown_pct": 50.626072281707536,
    "sharpe": -0.40204970295789205,
    "win_rate_pct": 43.75,
    "profit_factor": 0.932332741102643
  },
  "win010_tr20150101-20191231_te20200101-20200331_va20200401-20200630": {
    "cumulative_return_pct": 25.44616438521605,
    "annualized_return_pct": 153.54933655972607,
    "max_drawdown_pct": 44.636390539047525,
    "sharpe": 1.3669715459015188,
    "win_rate_pct": 53.44827586206896,
    "profit_factor": 1.1203716523633318
  },
  "win011_tr20150701-20200630_te20200701-20200930_va20201001-20201231": {
    "cumulative_return_pct": 16.902126310856897,
    "annualized_return_pct": 88.47161387550706,
    "max_drawdown_pct": 47.067281028398675,
    "sharpe": 0.94112134768596,
    "win_rate_pct": 43.07692307692308,
    "profit_factor": 1.084468559144388
  },
  "win012_tr20160101-20201231_te20210101-20210331_va20210401-20210630": {
    "cumulative_return_pct": -33.529585312562205,
    "annualized_return_pct": -82.35237506942323,
    "max_drawdown_pct": 44.811699030480575,
    "sharpe": -1.0661412219305964,
    "win_rate_pct": 43.103448275862064,
    "profit_factor": 0.7072335711208826
  },
  "win013_tr20160701-20210630_te20210701-20210930_va20211001-20211231": {
    "cumulative_return_pct": -51.62503015183013,
    "annualized_return_pct": -94.75088963715933,
    "max_drawdown_pct": 61.577837394455024,
    "sharpe": -0.9285741826024548,
    "win_rate_pct": 41.269841269841265,
    "profit_factor": 0.6430219918069022
  },
  "win014_tr20170101-20211231_te20220101-20220331_va20220401-20220630": {
    "cumulative_return_pct": 42.85800452483087,
    "annualized_return_pct": 354.8771893325821,
    "max_drawdown_pct": 27.713826370816687,
    "sharpe": 3.815210108619564,
    "win_rate_pct": 55.172413793103445,
    "profit_factor": 1.33528880162094
  },
  "win015_tr20170701-20220630_te20220701-20220930_va20221001-20221231": {
    "cumulative_return_pct": -36.244467064283306,
    "annualized_return_pct": -84.56032571533363,
    "max_drawdown_pct": 45.11896312073329,
    "sharpe": -1.1080515780138773,
    "win_rate_pct": 39.0625,
    "profit_factor": 0.6911508183002075
  },
  "win016_tr20180101-20221231_te20230101-20230331_va20230401-20230630": {
    "cumulative_return_pct": 31.541032377887795,
    "annualized_return_pct": 216.1199869164593,
    "max_drawdown_pct": 25.77776155209685,
    "sharpe": 3.091950386461094,
    "win_rate_pct": 45.76271186440678,
    "profit_factor": 1.3503287644094106
  },
  "win017_tr20180701-20230630_te20230701-20230930_va20231001-20231231": {
    "cumulative_return_pct": 23.86340599484511,
    "annualized_return_pct": 145.58420387572988,
    "max_drawdown_pct": 23.65469264698753,
    "sharpe": 2.0742061116472583,
    "win_rate_pct": 59.375,
    "profit_factor": 1.2882067244558075
  },
  "win018_tr20190101-20231231_te20240101-20240331_va20240401-20240630": {
    "cumulative_return_pct": -49.56931125595221,
    "annualized_return_pct": -94.35282595604619,
    "max_drawdown_pct": 56.52685483197366,
    "sharpe": -1.1232761319488116,
    "win_rate_pct": 37.93103448275862,
    "profit_factor": 0.5481511485387037
  },
  "win019_tr20190701-20240630_te20240701-20240930_va20241001-20241231": {
    "cumulative_return_pct": 18.492933781854877,
    "annualized_return_pct": 99.09875111380728,
    "max_drawdown_pct": 31.564712394706195,
    "sharpe": 0.8605011792411449,
    "win_rate_pct": 41.269841269841265,
    "profit_factor": 1.120207091599338
  },
  "win020_tr20200101-20241231_te20250101-20250331_va20250401-20250630": {
    "cumulative_return_pct": -34.76178399873918,
    "annualized_return_pct": -83.01450451174624,
    "max_drawdown_pct": 42.31376065170002,
    "sharpe": -1.3463353025228206,
    "win_rate_pct": 40.35087719298245,
    "profit_factor": 0.590482920212471
  },
  "win021_tr20200701-20250630_te20250701-20250930_va20251001-20251231": {
    "cumulative_return_pct": 46.08574417261048,
    "annualized_return_pct": 365.6219794136845,
    "max_drawdown_pct": 22.033457579396334,
    "sharpe": 4.469586736976827,
    "win_rate_pct": 49.23076923076923,
    "profit_factor": 1.4848950015354156
  }
}