{
  "win000_tr20100101-20141231_te20150101-20150331_va20150401-20150630": {
    "cumulative_return_pct": 46.58212041659954,
    "annualized_return_pct": 417.20155929938693,
    "max_drawdown_pct": 16.233328335995406,
    "sharpe": 6.81172465290393,
    "win_rate_pct": 59.64912280701754,
    "profit_factor": 1.7027142233049222
  },
  "win001_tr20100701-20150630_te20150701-20150930_va20151001-20151231": {
    "cumulative_return_pct": -65.67451108028462,
    "annualized_return_pct": -98.69569877080583,
    "max_drawdown_pct": 74.2754973978829,
    "sharpe": -0.700301103441839,
    "win_rate_pct": 41.269841269841265,
    "profit_factor": 0.6940853909833744
  },
  "win002_tr20110101-20151231_te20160101-20160331_va20160401-20160630": {
    "cumulative_return_pct": -19.582478227193736,
    "annualized_return_pct": -59.94690628183395,
    "max_drawdown_pct": 36.93866330477223,
    "sharpe": -0.718284505206643,
    "win_rate_pct": 52.54237288135594,
    "profit_factor": 0.8292342426510112
  },
  "win003_tr20110701-20160630_te20160701-20160930_va20161001-20161231": {
    "cumulative_return_pct": 15.84871314436968,
    "annualized_return_pct": 84.15556181919321,
    "max_drawdown_pct": 22.511198334956173,
    "sharpe": 1.2115805568502238,
    "win_rate_pct": 60.317460317460316,
    "profit_factor": 1.1637189494640372
  },
  "win004_tr20120101-20161231_te20170101-20170331_va20170401-20170630": {
    "cumulative_return_pct": -2.742926567387709,
    "annualized_return_pct": -11.020522098432028,
    "max_drawdown_pct": 19.84906987394933,
    "sharpe": -0.2659633392204764,
    "win_rate_pct": 44.06779661016949,
    "profit_factor": 0.9572350578923597
  },
  "win005_tr20120701-20170630_te20170701-20170930_va20171001-20171231": {
    "cumulative_return_pct": -6.504654818393418,
    "annualized_return_pct": -24.358199254040656,
    "max_drawdown_pct": 21.327524926371108,
    "sharpe": -0.5827343258987219,
    "win_rate_pct": 44.61538461538462,
    "profit_factor": 0.8915594654048905
  },
  "win006_tr20130101-20171231_te20180101-20180331_va20180401-20180630": {
    "cumulative_return_pct": 10.264969150770503,
    "annualized_return_pct": 50.71781349260775,
    "max_drawdown_pct": 20.617336632967028,
    "sharpe": 0.7169038443281118,
    "win_rate_pct": 45.76271186440678,
    "profit_factor": 1.1306366646724473
  },
  "win007_tr20130701-20180630_te20180701-20180930_va20181001-20181231": {
    "cumulative_return_pct": -38.24105866583405,
    "annualized_return_pct": -86.47038535982095,
    "max_drawdown_pct": 53.9366773118655,
    "sharpe": -1.2879502373465184,
    "win_rate_pct": 43.75,
    "profit_factor": 0.6526076392596897
  },
  "win008_tr20140101-20181231_te20190101-20190331_va20190401-20190630": {
    "cumulative_return_pct": -54.073546138845344,
    "annualized_return_pct": -96.32929268752093,
    "max_drawdown_pct": 53.871172503441514,
    "sharpe": -1.1161885001848817,
    "win_rate_pct": 41.37931034482759,
    "profit_factor": 0.4878459149135295
  },
  "win009_tr20140701-20190630_te20190701-20190930_va20191001-20191231": {
    "cumulative_return_pct": 33.2180191603292,
    "annualized_return_pct": 220.2713279060465,
    "max_drawdown_pct": 17.798829874200674,
    "sharpe": 2.5948698304564686,
    "win_rate_pct": 50.0,
    "profit_factor": 1.3156385971210798
  },
  "win010_tr20150101-20191231_te20200101-20200331_va20200401-20200630": {
    "cumulative_return_pct": -38.74616834658858,
    "annualized_return_pct": -86.62144365326341,
    "max_drawdown_pct": 57.41137298411715,
    "sharpe": -0.7412930014844484,
    "win_rate_pct": 50.0,
    "profit_factor": 0.779417108421021
  },
  "win011_tr20150701-20200630_te20200701-20200930_va20201001-20201231": {
    "cumulative_return_pct": -56.091414132722676,
    "annualized_return_pct": -96.45720095289916,
    "max_drawdown_pct": 57.763106490530284,
    "sharpe": -0.9179061125598913,
    "win_rate_pct": 36.92307692307693,
    "profit_factor": 0.5589440255382686
  },
  "win012_tr20160101-20201231_te20210101-20210331_va20210401-20210630": {
    "cumulative_return_pct": -62.879701725576645,
    "annualized_return_pct": -98.51372277518203,
    "max_drawdown_pct": 66.35332420588132,
    "sharpe": -0.9788037941626975,
    "win_rate_pct": 37.93103448275862,
    "profit_factor": 0.4746794946016117
  },
  "win013_tr20160701-20210630_te20210701-20210930_va20211001-20211231": {
    "cumulative_return_pct": -45.5313720899159,
    "annualized_return_pct": -91.50439555666019,
    "max_drawdown_pct": 53.99829856613901,
    "sharpe": -0.9004637443136471,
    "win_rate_pct": 46.03174603174603,
    "profit_factor": 0.6816504342287907
  },
  "win014_tr20170101-20211231_te20220101-20220331_va20220401-20220630": {
    "cumulative_return_pct": -10.221393988094677,
    "annualized_return_pct": -36.74122592080962,
    "max_drawdown_pct": 27.547052496947966,
    "sharpe": -0.4154368353521449,
    "win_rate_pct": 51.724137931034484,
    "profit_factor": 0.9292066414170865
  },
  "win015_tr20170701-20220630_te20220701-20220930_va20221001-20221231": {
    "cumulative_return_pct": -59.43623072800377,
    "annualized_return_pct": -97.63652337223668,
    "max_drawdown_pct": 58.13324504892932,
    "sharpe": -1.3825075397166111,
    "win_rate_pct": 34.375,
    "profit_factor": 0.42305506463713544
  },
  "win016_tr20180101-20221231_te20230101-20230331_va20230401-20230630": {
    "cumulative_return_pct": 5.996432000879664,
    "annualized_return_pct": 27.696686935723115,
    "max_drawdown_pct": 23.804780264891505,
    "sharpe": 0.36889107598152493,
    "win_rate_pct": 47.45762711864407,
    "profit_factor": 1.0658060296479341
  },
  "win017_tr20180701-20230630_te20230701-20230930_va20231001-20231231": {
    "cumulative_return_pct": -39.70996090904249,
    "annualized_return_pct": -88.0488344641191,
    "max_drawdown_pct": 49.54386795319745,
    "sharpe": -1.1481306451655355,
    "win_rate_pct": 42.1875,
    "profit_factor": 0.636772997213697
  },
  "win018_tr20190101-20231231_te20240101-20240331_va20240401-20240630": {
    "cumulative_return_pct": -24.08254209082271,
    "annualized_return_pct": -68.54850684596278,
    "max_drawdown_pct": 54.21752375322713,
    "sharpe": -0.8050210154214201,
    "win_rate_pct": 53.44827586206896,
    "profit_factor": 0.7379144264295276
  },
  "win019_tr20190701-20240630_te20240701-20240930_va20241001-20241231": {
    "cumulative_return_pct": 92.3948897791331,
    "annualized_return_pct": 1323.482348337505,
    "max_drawdown_pct": 34.767521715910334,
    "sharpe": 10.53093766319076,
    "win_rate_pct": 53.96825396825397,
    "profit_factor": 1.4248996610703146
  },
  "win020_tr20200101-20241231_te20250101-20250331_va20250401-20250630": {
    "cumulative_return_pct": 5.919744188780757,
    "annualized_return_pct": 26.960441143467584,
    "max_drawdown_pct": 37.29708059106948,
    "sharpe": 0.24383309827592978,
    "win_rate_pct": 45.614035087719294,
    "profit_factor": 1.040286066492864
  },
  "win021_tr20200701-20250630_te20250701-20250930_va20251001-20251231": {
    "cumulative_return_pct": 9.666074268251215,
    "annualized_return_pct": 45.420870376318526,
    "max_drawdown_pct": 18.99297674269393,
    "sharpe": 0.6381284011031556,
    "win_rate_pct": 46.15384615384615,
    "profit_factor": 1.0954195980418184
  }
}