{
  "win000_tr20100101-20141231_te20150101-20150331_va20150401-20150630": {
    "cumulative_return_pct": 25.18771301941385,
    "annualized_return_pct": 162.55989379165607,
    "max_drawdown_pct": 24.717205288006234,
    "sharpe": 2.3669157832604615,
    "win_rate_pct": 47.368421052631575,
    "profit_factor": 1.328266335958249
  },
  "win001_tr20100701-20150630_te20150701-20150930_va20151001-20151231": {
    "cumulative_return_pct": -58.110255333155045,
    "annualized_return_pct": -97.07323983074937,
    "max_drawdown_pct": 74.62921968117215,
    "sharpe": -0.7614117198839958,
    "win_rate_pct": 52.38095238095239,
    "profit_factor": 0.7568109819308914
  },
  "win002_tr20110101-20151231_te20160101-20160331_va20160401-20160630": {
    "cumulative_return_pct": -20.022629900989436,
    "annualized_return_pct": -60.85924503404922,
    "max_drawdown_pct": 28.688319320725004,
    "sharpe": -0.6736789265596452,
    "win_rate_pct": 47.45762711864407,
    "profit_factor": 0.829018640256328
  },
  "win003_tr20110701-20160630_te20160701-20160930_va20161001-20161231": {
    "cumulative_return_pct": -37.92142068226916,
    "annualized_return_pct": -86.17736957576767,
    "max_drawdown_pct": 49.11754158445238,
    "sharpe": -1.192842523465658,
    "win_rate_pct": 44.44444444444444,
    "profit_factor": 0.6379308979927462
  },
  "win004_tr20120101-20161231_te20170101-20170331_va20170401-20170630": {
    "cumulative_return_pct": -4.240540572366223,
    "annualized_return_pct": -16.632740451328587,
    "max_drawdown_pct": 24.873785599254717,
    "sharpe": -0.359553209633215,
    "win_rate_pct": 52.54237288135594,
    "profit_factor": 0.9525707535526314
  },
  "win005_tr20120701-20170630_te20170701-20170930_va20171001-20171231": {
    "cumulative_return_pct": 2.602666503739788,
    "annualized_return_pct": 11.253767758471511,
    "max_drawdown_pct": 18.321297893082996,
    "sharpe": 0.13771682351687198,
    "win_rate_pct": 50.76923076923077,
    "profit_factor": 1.0315678053242094
  },
  "win006_tr20130101-20171231_te20180101-20180331_va20180401-20180630": {
    "cumulative_return_pct": -28.981884448485566,
    "annualized_return_pct": -76.23123231889069,
    "max_drawdown_pct": 43.77674324653601,
    "sharpe": -1.1656132126891112,
    "win_rate_pct": 44.06779661016949,
    "profit_factor": 0.7044303464349012
  },
  "win007_tr20130701-20180630_te20180701-20180930_va20181001-20181231": {
    "cumulative_return_pct": -61.53970071213928,
    "annualized_return_pct": -98.1051852858231,
    "max_drawdown_pct": 61.413506064450665,
    "sharpe": -1.7533516405087086,
    "win_rate_pct": 29.6875,
    "profit_factor": 0.32803639285005765
  },
  "win008_tr20140101-20181231_te20190101-20190331_va20190401-20190630": {
    "cumulative_return_pct": 12.977917516645185,
    "annualized_return_pct": 67.9069223681221,
    "max_drawdown_pct": 45.988867379158556,
    "sharpe": 0.5986727315577705,
    "win_rate_pct": 46.55172413793103,
    "profit_factor": 1.0707530663884517
  },
  "win009_tr20140701-20190630_te20190701-20190930_va20191001-20191231": {
    "cumulative_return_pct": 66.7056612449874,
    "annualized_return_pct": 695.6984237009135,
    "max_drawdown_pct": 14.593788017902995,
    "sharpe": 8.163981462076707,
    "win_rate_pct": 53.125,
    "profit_factor": 1.5579912261797852
  },
  "win010_tr20150101-20191231_te20200101-20200331_va20200401-20200630": {
    "cumulative_return_pct": -66.17176498676324,
    "annualized_return_pct": -98.82997769373458,
    "max_drawdown_pct": 68.38491229633438,
    "sharpe": -1.0774746501721237,
    "win_rate_pct": 37.93103448275862,
    "profit_factor": 0.468783343905016
  },
  "win011_tr20150701-20200630_te20200701-20200930_va20201001-20201231": {
    "cumulative_return_pct": -31.93986239415961,
    "annualized_return_pct": -79.01913580630051,
    "max_drawdown_pct": 42.74280707487892,
    "sharpe": -1.1896826950598338,
    "win_rate_pct": 47.69230769230769,
    "profit_factor": 0.7002978908300699
  },
  "win012_tr20160101-20201231_te20210101-20210331_va20210401-20210630": {
    "cumulative_return_pct": 16.25808060197027,
    "annualized_return_pct": 89.60867258540937,
    "max_drawdown_pct": 41.461561481928136,
    "sharpe": 0.8589534223589605,
    "win_rate_pct": 50.0,
    "profit_factor": 1.1165276180838366
  },
  "win013_tr20160701-20210630_te20210701-20210930_va20211001-20211231": {
    "cumulative_return_pct": -28.659150125652133,
    "annualized_return_pct": -74.60209772297712,
    "max_drawdown_pct": 43.723751517941466,
    "sharpe": -0.7398494335433063,
    "win_rate_pct": 46.03174603174603,
    "profit_factor": 0.7925314028029801
  },
  "win014_tr20170101-20211231_te20220101-20220331_va20220401-20220630": {
    "cumulative_return_pct": -2.1773325725878587,
    "annualized_return_pct": -8.925735775003684,
    "max_drawdown_pct": 40.120268934407854,
    "sharpe": -0.1465406836606746,
    "win_rate_pct": 55.172413793103445,
    "profit_factor": 0.9798940434713582
  },
  "win015_tr20170701-20220630_te20220701-20220930_va20221001-20221231": {
    "cumulative_return_pct": -39.07564014568331,
    "annualized_return_pct": -87.21324726778963,
    "max_drawdown_pct": 52.768935832904454,
    "sharpe": -1.2704997336441926,
    "win_rate_pct": 48.4375,
    "profit_factor": 0.675529524107867
  },
  "win016_tr20180101-20221231_te20230101-20230331_va20230401-20230630": {
    "cumulative_return_pct": 2.9488747514248943,
    "annualized_return_pct": 12.976723585623207,
    "max_drawdown_pct": 28.509903802115616,
    "sharpe": 0.13543603812058608,
    "win_rate_pct": 42.3728813559322,
    "profit_factor": 1.0282768949407157
  },
  "win017_tr20180701-20230630_te20230701-20230930_va20231001-20231231": {
    "cumulative_return_pct": 10.74198534585305,
    "annualized_return_pct": 53.4741656450191,
    "max_drawdown_pct": 18.577760345601305,
    "sharpe": 1.0410640385071541,
    "win_rate_pct": 53.125,
    "profit_factor": 1.140813143531851
  },
  "win018_tr20190101-20231231_te20240101-20240331_va20240401-20240630": {
    "cumulative_return_pct": -14.549051552284276,
    "annualized_return_pct": -48.3192679403041,
    "max_drawdown_pct": 32.26346908784361,
    "sharpe": -0.6915767943419575,
    "win_rate_pct": 41.37931034482759,
    "profit_factor": 0.8581471359204565
  },
  "win019_tr20190701-20240630_te20240701-20240930_va20241001-20241231": {
    "cumulative_return_pct": 54.326524369541865,
    "annualized_return_pct": 481.77448263209675,
    "max_drawdown_pct": 31.06011654845225,
    "sharpe": 4.8221257315561985,
    "win_rate_pct": 50.79365079365079,
    "profit_factor": 1.4737833265868174
  },
  "win020_tr20200101-20241231_te20250101-20250331_va20250401-20250630": {
    "cumulative_return_pct": -29.82102789209072,
    "annualized_return_pct": -77.00297381093894,
    "max_drawdown_pct": 30.830329925685607,
    "sharpe": -1.443120510901016,
    "win_rate_pct": 43.859649122807014,
    "profit_factor": 0.6120772013062957
  },
  "win021_tr20200701-20250630_te20250701-20250930_va20251001-20251231": {
    "cumulative_return_pct": -16.814756419438392,
    "annualized_return_pct": -52.62805631907792,
    "max_drawdown_pct": 23.711975058018705,
    "sharpe": -1.0844174464969007,
    "win_rate_pct": 38.46153846153847,
    "profit_factor": 0.787239284873038
  }
}