{
  "win000_tr20100101-20141231_te20150101-20150331_va20150401-20150630": {
    "cumulative_return_pct": 22.23226979716758,
    "annualized_return_pct": 136.94243093871142,
    "max_drawdown_pct": 20.71933327110673,
    "sharpe": 2.4962694362538103,
    "win_rate_pct": 49.122807017543856,
    "profit_factor": 1.361928566566656
  },
  "win001_tr20100701-20150630_te20150701-20150930_va20151001-20151231": {
    "cumulative_return_pct": -69.05084759412172,
    "annualized_return_pct": -99.14319324284335,
    "max_drawdown_pct": 71.27903605935283,
    "sharpe": -0.7161698787452356,
    "win_rate_pct": 46.03174603174603,
    "profit_factor": 0.6523575079304114
  },
  "win002_tr20110101-20151231_te20160101-20160331_va20160401-20160630": {
    "cumulative_return_pct": -13.72738942129115,
    "annualized_return_pct": -46.200664540953206,
    "max_drawdown_pct": 32.52194123114204,
    "sharpe": -0.4798794828240674,
    "win_rate_pct": 50.847457627118644,
    "profit_factor": 0.9069738344236051
  },
  "win003_tr20110701-20160630_te20160701-20160930_va20161001-20161231": {
    "cumulative_return_pct": -0.19586056146089686,
    "annualized_return_pct": -0.8104279440967033,
    "max_drawdown_pct": 38.76171525918631,
    "sharpe": -0.053300626446496115,
    "win_rate_pct": 53.96825396825397,
    "profit_factor": 0.9981172517330776
  },
  "win004_tr20120101-20161231_te20170101-20170331_va20170401-20170630": {
    "cumulative_return_pct": -8.860816395162244,
    "annualized_return_pct": -32.26220791710052,
    "max_drawdown_pct": 29.792224547662304,
    "sharpe": -0.6351484682465336,
    "win_rate_pct": 50.847457627118644,
    "profit_factor": 0.8759992857637448
  },
  "win005_tr20120701-20170630_te20170701-20170930_va20171001-20171231": {
    "cumulative_return_pct": -45.187856321831234,
    "annualized_return_pct": -91.75500678633415,
    "max_drawdown_pct": 46.48603898994557,
    "sharpe": -1.7149809181897135,
    "win_rate_pct": 35.38461538461539,
    "profit_factor": 0.4529531422272028
  },
  "win006_tr20130101-20171231_te20180101-20180331_va20180401-20180630": {
    "cumulative_return_pct": -9.38895365525342,
    "annualized_return_pct": -33.894950194818506,
    "max_drawdown_pct": 42.00232812557467,
    "sharpe": -0.39117199949227216,
    "win_rate_pct": 54.23728813559322,
    "profit_factor": 0.915635633880276
  },
  "win007_tr20130701-20180630_te20180701-20180930_va20181001-20181231": {
    "cumulative_return_pct": -73.61747319921231,
    "annualized_return_pct": -99.60359948261525,
    "max_drawdown_pct": 74.00346298718105,
    "sharpe": -1.704048065801871,
    "win_rate_pct": 31.25,
    "profit_factor": 0.20310935224783264
  },
  "win008_tr20140101-20181231_te20190101-20190331_va20190401-20190630": {
    "cumulative_return_pct": 121.11429052264839,
    "annualized_return_pct": 2808.1691083597784,
    "max_drawdown_pct": 27.448333666865775,
    "sharpe": 24.873176505542084,
    "win_rate_pct": 55.172413793103445,
    "profit_factor": 1.558958677815311
  },
  "win009_tr20140701-20190630_te20190701-20190930_va20191001-20191231": {
    "cumulative_return_pct": 2.6045937733639266,
    "annualized_return_pct": 10.998885465913588,
    "max_drawdown_pct": 23.016170929881792,
    "sharpe": 0.1299429773551727,
    "win_rate_pct": 53.125,
    "profit_factor": 1.0282515007949262
  },
  "win010_tr20150101-20191231_te20200101-20200331_va20200401-20200630": {
    "cumulative_return_pct": -56.2837163922434,
    "annualized_return_pct": -96.64861700440296,
    "max_drawdown_pct": 66.70800988249724,
    "sharpe": -1.0146276545655377,
    "win_rate_pct": 36.206896551724135,
    "profit_factor": 0.6254240800604491
  },
  "win011_tr20150701-20200630_te20200701-20200930_va20201001-20201231": {
    "cumulative_return_pct": -57.35736360961771,
    "annualized_return_pct": -96.85381860716808,
    "max_drawdown_pct": 59.41966531524771,
    "sharpe": -1.5271527789012866,
    "win_rate_pct": 38.46153846153847,
    "profit_factor": 0.42549040226756735
  },
  "win012_tr20160101-20201231_te20210101-20210331_va20210401-20210630": {
    "cumulative_return_pct": -9.832938650589284,
    "annualized_return_pct": -35.57056594395394,
    "max_drawdown_pct": 48.67439252620932,
    "sharpe": -0.44982667097730444,
    "win_rate_pct": 51.724137931034484,
    "profit_factor": 0.8959829278645027
  },
  "win013_tr20160701-20210630_te20210701-20210930_va20211001-20211231": {
    "cumulative_return_pct": -43.826104576014586,
    "annualized_return_pct": -90.37218624247963,
    "max_drawdown_pct": 53.18808364949474,
    "sharpe": -0.9486816941878271,
    "win_rate_pct": 41.269841269841265,
    "profit_factor": 0.6664252646952696
  },
  "win014_tr20170101-20211231_te20220101-20220331_va20220401-20220630": {
    "cumulative_return_pct": -15.337448825855576,
    "annualized_return_pct": -50.69415094405913,
    "max_drawdown_pct": 28.35079402634893,
    "sharpe": -0.6896264202840887,
    "win_rate_pct": 48.275862068965516,
    "profit_factor": 0.8446485509040065
  },
  "win015_tr20170701-20220630_te20220701-20220930_va20221001-20221231": {
    "cumulative_return_pct": 6.32988542123218,
    "annualized_return_pct": 29.013402915437283,
    "max_drawdown_pct": 23.387365850592413,
    "sharpe": 0.3519062859836404,
    "win_rate_pct": 46.875,
    "profit_factor": 1.0498278672371437
  },
  "win016_tr20180101-20221231_te20230101-20230331_va20230401-20230630": {
    "cumulative_return_pct": -40.68334472258236,
    "annualized_return_pct": -88.83823119942748,
    "max_drawdown_pct": 44.7200939447602,
    "sharpe": -1.6334008338932846,
    "win_rate_pct": 33.89830508474576,
    "profit_factor": 0.5290712410508782
  },
  "win017_tr20180701-20230630_te20230701-20230930_va20231001-20231231": {
    "cumulative_return_pct": 18.607777304496057,
    "annualized_return_pct": 104.71398931083127,
    "max_drawdown_pct": 17.249560927358974,
    "sharpe": 1.8441125826549605,
    "win_rate_pct": 50.0,
    "profit_factor": 1.2248398570637
  },
  "win018_tr20190101-20231231_te20240101-20240331_va20240401-20240630": {
    "cumulative_return_pct": -27.773416454367734,
    "annualized_return_pct": -74.48642424044898,
    "max_drawdown_pct": 32.170250140574915,
    "sharpe": -0.9297443513933489,
    "win_rate_pct": 41.37931034482759,
    "profit_factor": 0.7418605392962526
  },
  "win019_tr20190701-20240630_te20240701-20240930_va20241001-20241231": {
    "cumulative_return_pct": 87.480806909445,
    "annualized_return_pct": 1181.5918500547764,
    "max_drawdown_pct": 17.55074555079931,
    "sharpe": 13.390949867893688,
    "win_rate_pct": 53.96825396825397,
    "profit_factor": 1.957465551617836
  },
  "win020_tr20200101-20241231_te20250101-20250331_va20250401-20250630": {
    "cumulative_return_pct": -30.109227398803434,
    "annualized_return_pct": -77.39242689537733,
    "max_drawdown_pct": 31.39395398282533,
    "sharpe": -1.4585841802140496,
    "win_rate_pct": 36.84210526315789,
    "profit_factor": 0.6177153141756346
  },
  "win021_tr20200701-20250630_te20250701-20250930_va20251001-20251231": {
    "cumulative_return_pct": 9.001079415689642,
    "annualized_return_pct": 41.87525595014468,
    "max_drawdown_pct": 21.60477987461542,
    "sharpe": 0.5585599492916162,
    "win_rate_pct": 47.69230769230769,
    "profit_factor": 1.0945589062491177
  }
}