{
  "win000_tr20100101-20141231_te20150101-20150331_va20150401-20150630": {
    "cumulative_return_pct": 27.196234541335606,
    "annualized_return_pct": 181.14607098931756,
    "max_drawdown_pct": 19.955931255878063,
    "sharpe": 2.8608939071229824,
    "win_rate_pct": 50.877192982456144,
    "profit_factor": 1.3737988943225445
  },
  "win001_tr20100701-20150630_te20150701-20150930_va20151001-20151231": {
    "cumulative_return_pct": -57.25494113170709,
    "annualized_return_pct": -96.82303797661635,
    "max_drawdown_pct": 60.34875520679237,
    "sharpe": -0.6687753029561929,
    "win_rate_pct": 52.38095238095239,
    "profit_factor": 0.6830171500033452
  },
  "win002_tr20110101-20151231_te20160101-20160331_va20160401-20160630": {
    "cumulative_return_pct": -57.77140280661334,
    "annualized_return_pct": -97.31963798021295,
    "max_drawdown_pct": 56.913360248896495,
    "sharpe": -1.2660516797106043,
    "win_rate_pct": 44.06779661016949,
    "profit_factor": 0.49297109912905
  },
  "win003_tr20110701-20160630_te20160701-20160930_va20161001-20161231": {
    "cumulative_return_pct": 27.39446651456966,
    "annualized_return_pct": 173.17099665105874,
    "max_drawdown_pct": 34.770383850940476,
    "sharpe": 2.3324770325857673,
    "win_rate_pct": 53.96825396825397,
    "profit_factor": 1.316856607982156
  },
  "win004_tr20120101-20161231_te20170101-20170331_va20170401-20170630": {
    "cumulative_return_pct": -15.83360644381612,
    "annualized_return_pct": -51.503355698270205,
    "max_drawdown_pct": 33.763338515658226,
    "sharpe": -1.0060257007713969,
    "win_rate_pct": 54.23728813559322,
    "profit_factor": 0.7830574007113557
  },
  "win005_tr20120701-20170630_te20170701-20170930_va20171001-20171231": {
    "cumulative_return_pct": -45.24802156644282,
    "annualized_return_pct": -91.79250544594241,
    "max_drawdown_pct": 54.93013439174588,
    "sharpe": -1.5450555338053875,
    "win_rate_pct": 38.46153846153847,
    "profit_factor": 0.4571505453084676
  },
  "win006_tr20130101-20171231_te20180101-20180331_va20180401-20180630": {
    "cumulative_return_pct": 45.220811845882444,
    "annualized_return_pct": 378.8967097398232,
    "max_drawdown_pct": 41.00805679671026,
    "sharpe": 3.9559149295248845,
    "win_rate_pct": 52.54237288135594,
    "profit_factor": 1.3641130171598286
  },
  "win007_tr20130701-20180630_te20180701-20180930_va20181001-20181231": {
    "cumulative_return_pct": -71.61990787423666,
    "annualized_return_pct": -99.46334338603837,
    "max_drawdown_pct": 71.67454123315049,
    "sharpe": -1.6840185981790516,
    "win_rate_pct": 34.375,
    "profit_factor": 0.22025997543382902
  },
  "win008_tr20140101-20181231_te20190101-20190331_va20190401-20190630": {
    "cumulative_return_pct": 9.837166229058989,
    "annualized_return_pct": 48.95879531167067,
    "max_drawdown_pct": 41.649570197472805,
    "sharpe": 0.41784318237568685,
    "win_rate_pct": 50.0,
    "profit_factor": 1.055339251585078
  },
  "win009_tr20140701-20190630_te20190701-20190930_va20191001-20191231": {
    "cumulative_return_pct": -49.132133600940755,
    "annualized_return_pct": -93.56349723717248,
    "max_drawdown_pct": 50.072272886043635,
    "sharpe": -1.3775091330608304,
    "win_rate_pct": 34.375,
    "profit_factor": 0.5100521876599052
  },
  "win010_tr20150101-20191231_te20200101-20200331_va20200401-20200630": {
    "cumulative_return_pct": -4.680530995328434,
    "annualized_return_pct": -17.858477396700245,
    "max_drawdown_pct": 42.245190756757644,
    "sharpe": -0.18915940547248308,
    "win_rate_pct": 39.6551724137931,
    "profit_factor": 0.9753810138012989
  },
  "win011_tr20150701-20200630_te20200701-20200930_va20201001-20201231": {
    "cumulative_return_pct": -36.86216882541199,
    "annualized_return_pct": -84.52933905615122,
    "max_drawdown_pct": 50.683555145775706,
    "sharpe": -1.2290007691365514,
    "win_rate_pct": 44.61538461538462,
    "profit_factor": 0.701600542216546
  },
  "win012_tr20160101-20201231_te20210101-20210331_va20210401-20210630": {
    "cumulative_return_pct": -50.35108539615843,
    "annualized_return_pct": -94.88906382595236,
    "max_drawdown_pct": 63.10498291340127,
    "sharpe": -0.9740229661503331,
    "win_rate_pct": 37.93103448275862,
    "profit_factor": 0.6301954877877799
  },
  "win013_tr20160701-20210630_te20210701-20210930_va20211001-20211231": {
    "cumulative_return_pct": 18.719390263564932,
    "annualized_return_pct": 100.64748773458345,
    "max_drawdown_pct": 23.10955945627845,
    "sharpe": 1.083577026617855,
    "win_rate_pct": 57.14285714285714,
    "profit_factor": 1.1345000224893291
  },
  "win014_tr20170101-20211231_te20220101-20220331_va20220401-20220630": {
    "cumulative_return_pct": -26.023831374160316,
    "annualized_return_pct": -72.20153316754536,
    "max_drawdown_pct": 48.92174266458446,
    "sharpe": -0.9082154116346779,
    "win_rate_pct": 48.275862068965516,
    "profit_factor": 0.7899583566102815
  },
  "win015_tr20170701-20220630_te20220701-20220930_va20221001-20221231": {
    "cumulative_return_pct": -23.2180308876846,
    "annualized_return_pct": -66.59890722586738,
    "max_drawdown_pct": 38.67891009704324,
    "sharpe": -0.8398560640449297,
    "win_rate_pct": 42.1875,
    "profit_factor": 0.7744659330410157
  },
  "win016_tr20180101-20221231_te20230101-20230331_va20230401-20230630": {
    "cumulative_return_pct": -28.772952702357784,
    "annualized_return_pct": -75.93627736216277,
    "max_drawdown_pct": 41.00023984664024,
    "sharpe": -1.0312027587541925,
    "win_rate_pct": 42.3728813559322,
    "profit_factor": 0.73815834953456
  },
  "win017_tr20180701-20230630_te20230701-20230930_va20231001-20231231": {
    "cumulative_return_pct": 24.92379466880518,
    "annualized_return_pct": 154.53240162893314,
    "max_drawdown_pct": 18.913569670737356,
    "sharpe": 3.094054400702931,
    "win_rate_pct": 56.25,
    "profit_factor": 1.3714296692444743
  },
  "win018_tr20190101-20231231_te20240101-20240331_va20240401-20240630": {
    "cumulative_return_pct": -62.711986279250134,
    "annualized_return_pct": -98.41024747818324,
    "max_drawdown_pct": 61.3753082468131,
    "sharpe": -1.2231107979254403,
    "win_rate_pct": 37.93103448275862,
    "profit_factor": 0.4064242137624998
  },
  "win019_tr20190701-20240630_te20240701-20240930_va20241001-20241231": {
    "cumulative_return_pct": 28.960093690210932,
    "annualized_return_pct": 180.71433314608765,
    "max_drawdown_pct": 38.52466436822649,
    "sharpe": 1.5841070886262638,
    "win_rate_pct": 49.2063492063492,
    "profit_factor": 1.279926468646687
  },
  "win020_tr20200101-20241231_te20250101-20250331_va20250401-20250630": {
    "cumulative_return_pct": -8.647674879592145,
    "annualized_return_pct": -31.29884399600682,
    "max_drawdown_pct": 16.05409212273399,
    "sharpe": -0.533040045421761,
    "win_rate_pct": 43.859649122807014,
    "profit_factor": 0.8993686740986255
  },
  "win021_tr20200701-20250630_te20250701-20250930_va20251001-20251231": {
    "cumulative_return_pct": -20.398267451310296,
    "annualized_return_pct": -60.380356650279474,
    "max_drawdown_pct": 24.993176043879544,
    "sharpe": -1.0663060066297994,
    "win_rate_pct": 43.07692307692308,
    "profit_factor": 0.8022550398578148
  }
}