{
  "win000_tr20100101-20141231_te20150101-20150331_va20150401-20150630": {
    "cumulative_return_pct": 29.345525283386348,
    "annualized_return_pct": 202.13593200240524,
    "max_drawdown_pct": 25.194959111032915,
    "sharpe": 2.905866367322832,
    "win_rate_pct": 52.63157894736842,
    "profit_factor": 1.4099656429196021
  },
  "win001_tr20100701-20150630_te20150701-20150930_va20151001-20151231": {
    "cumulative_return_pct": -71.48927139124788,
    "annualized_return_pct": -99.385895778457,
    "max_drawdown_pct": 73.06199038169152,
    "sharpe": -0.7156248967636172,
    "win_rate_pct": 52.38095238095239,
    "profit_factor": 0.612862989317331
  },
  "win002_tr20110101-20151231_te20160101-20160331_va20160401-20160630": {
    "cumulative_return_pct": -1.5806613182068336,
    "annualized_return_pct": -6.470246699967285,
    "max_drawdown_pct": 23.813624088617455,
    "sharpe": -0.09383688926032069,
    "win_rate_pct": 59.32203389830508,
    "profit_factor": 0.9889904709291926
  },
  "win003_tr20110701-20160630_te20160701-20160930_va20161001-20161231": {
    "cumulative_return_pct": 23.700572482020874,
    "annualized_return_pct": 141.76591833899442,
    "max_drawdown_pct": 32.42993463472582,
    "sharpe": 2.0329942955713047,
    "win_rate_pct": 58.730158730158735,
    "profit_factor": 1.271850303201183
  },
  "win004_tr20120101-20161231_te20170101-20170331_va20170401-20170630": {
    "cumulative_return_pct": -11.213490466758318,
    "annualized_return_pct": -39.30591269166176,
    "max_drawdown_pct": 27.582188863100733,
    "sharpe": -0.7644941141527746,
    "win_rate_pct": 54.23728813559322,
    "profit_factor": 0.8704542130998582
  },
  "win005_tr20120701-20170630_te20170701-20170930_va20171001-20171231": {
    "cumulative_return_pct": -18.887955435005402,
    "annualized_return_pct": -58.05767116348897,
    "max_drawdown_pct": 42.17089271339405,
    "sharpe": -0.8423110037248015,
    "win_rate_pct": 41.53846153846154,
    "profit_factor": 0.7778375684124416
  },
  "win006_tr20130101-20171231_te20180101-20180331_va20180401-20180630": {
    "cumulative_return_pct": 31.385703713620615,
    "annualized_return_pct": 214.555783838995,
    "max_drawdown_pct": 34.13150791220968,
    "sharpe": 2.3231090800363594,
    "win_rate_pct": 50.847457627118644,
    "profit_factor": 1.259694536337004
  },
  "win007_tr20130701-20180630_te20180701-20180930_va20181001-20181231": {
    "cumulative_return_pct": -76.0389770421385,
    "annualized_return_pct": -99.7341757051065,
    "max_drawdown_pct": 76.08510343106629,
    "sharpe": -1.5865719320423708,
    "win_rate_pct": 32.8125,
    "profit_factor": 0.19422789090688403
  },
  "win008_tr20140101-20181231_te20190101-20190331_va20190401-20190630": {
    "cumulative_return_pct": 45.280022948368845,
    "annualized_return_pct": 388.54384404770553,
    "max_drawdown_pct": 35.4534590244608,
    "sharpe": 3.695802024030541,
    "win_rate_pct": 48.275862068965516,
    "profit_factor": 1.2451296230222453
  },
  "win009_tr20140701-20190630_te20190701-20190930_va20191001-20191231": {
    "cumulative_return_pct": 31.727187573630246,
    "annualized_return_pct": 205.9727461751551,
    "max_drawdown_pct": 15.141556880202309,
    "sharpe": 2.5754757368386696,
    "win_rate_pct": 46.875,
    "profit_factor": 1.313358508643632
  },
  "win010_tr20150101-20191231_te20200101-20200331_va20200401-20200630": {
    "cumulative_return_pct": -59.52656176142378,
    "annualized_return_pct": -97.5573987713351,
    "max_drawdown_pct": 60.005955287556645,
    "sharpe": -0.9280995730297731,
    "win_rate_pct": 39.6551724137931,
    "profit_factor": 0.5104023776398585
  },
  "win011_tr20150701-20200630_te20200701-20200930_va20201001-20201231": {
    "cumulative_return_pct": -11.649733807998757,
    "annualized_return_pct": -39.508608522594415,
    "max_drawdown_pct": 30.679978374494933,
    "sharpe": -0.538307633427685,
    "win_rate_pct": 49.23076923076923,
    "profit_factor": 0.895055402487681
  },
  "win012_tr20160101-20201231_te20210101-20210331_va20210401-20210630": {
    "cumulative_return_pct": -44.5544189186794,
    "annualized_return_pct": -91.83080872166501,
    "max_drawdown_pct": 62.72131705314641,
    "sharpe": -0.9416840195804299,
    "win_rate_pct": 39.6551724137931,
    "profit_factor": 0.6968955341469966
  },
  "win013_tr20160701-20210630_te20210701-20210930_va20211001-20211231": {
    "cumulative_return_pct": -58.95923318375939,
    "annualized_return_pct": -97.30660880837783,
    "max_drawdown_pct": 62.64499221462446,
    "sharpe": -1.053850060567727,
    "win_rate_pct": 41.269841269841265,
    "profit_factor": 0.5028591611335278
  },
  "win014_tr20170101-20211231_te20220101-20220331_va20220401-20220630": {
    "cumulative_return_pct": 14.02075245525781,
    "annualized_return_pct": 74.58862138286861,
    "max_drawdown_pct": 38.64070919399482,
    "sharpe": 0.8450447453274085,
    "win_rate_pct": 51.724137931034484,
    "profit_factor": 1.1129148850909796
  },
  "win015_tr20170701-20220630_te20220701-20220930_va20221001-20221231": {
    "cumulative_return_pct": -33.21935573006013,
    "annualized_return_pct": -81.28454547758892,
    "max_drawdown_pct": 53.480555062891725,
    "sharpe": -1.202305553830228,
    "win_rate_pct": 45.3125,
    "profit_factor": 0.7371718671720741
  },
  "win016_tr20180101-20221231_te20230101-20230331_va20230401-20230630": {
    "cumulative_return_pct": -5.49486258143913,
    "annualized_return_pct": -21.122148321977484,
    "max_drawdown_pct": 31.909438552422507,
    "sharpe": -0.3187187086676001,
    "win_rate_pct": 44.06779661016949,
    "profit_factor": 0.9512884128537151
  },
  "win017_tr20180701-20230630_te20230701-20230930_va20231001-20231231": {
    "cumulative_return_pct": 19.53591280318233,
    "annualized_return_pct": 111.52401023595088,
    "max_drawdown_pct": 12.028178189219892,
    "sharpe": 2.2496980603821206,
    "win_rate_pct": 56.25,
    "profit_factor": 1.2669435498202775
  },
  "win018_tr20190101-20231231_te20240101-20240331_va20240401-20240630": {
    "cumulative_return_pct": 7.522978646547697,
    "annualized_return_pct": 35.597315723677724,
    "max_drawdown_pct": 29.416356525616568,
    "sharpe": 0.4397664748927711,
    "win_rate_pct": 39.6551724137931,
    "profit_factor": 1.0674781439385927
  },
  "win019_tr20190701-20240630_te20240701-20240930_va20241001-20241231": {
    "cumulative_return_pct": 55.28305039490184,
    "annualized_return_pct": 496.54762124612216,
    "max_drawdown_pct": 28.482855965176597,
    "sharpe": 4.942849014557634,
    "win_rate_pct": 50.79365079365079,
    "profit_factor": 1.5389350124929924
  },
  "win020_tr20200101-20241231_te20250101-20250331_va20250401-20250630": {
    "cumulative_return_pct": -29.12578304108704,
    "annualized_return_pct": -76.04250611211127,
    "max_drawdown_pct": 29.23613039067568,
    "sharpe": -1.5305236632525696,
    "win_rate_pct": 42.10526315789473,
    "profit_factor": 0.6197441436615247
  },
  "win021_tr20200701-20250630_te20250701-20250930_va20251001-20251231": {
    "cumulative_return_pct": -33.911193577177336,
    "annualized_return_pct": -81.37830988216804,
    "max_drawdown_pct": 35.92995432716914,
    "sharpe": -1.575468172334325,
    "win_rate_pct": 36.92307692307693,
    "profit_factor": 0.6055054505665411
  }
}