{
  "win000_tr20100101-20141231_te20150101-20150331_va20150401-20150630": {
    "cumulative_return_pct": 65.76611224545171,
    "annualized_return_pct": 777.3768229100982,
    "max_drawdown_pct": 10.88446538525708,
    "sharpe": 13.102256656599893,
    "win_rate_pct": 61.40350877192983,
    "profit_factor": 1.9406749662661342
  },
  "win001_tr20100701-20150630_te20150701-20150930_va20151001-20151231": {
    "cumulative_return_pct": -65.20505395892499,
    "annualized_return_pct": -98.62177609266183,
    "max_drawdown_pct": 67.53532442146873,
    "sharpe": -0.7504480810054822,
    "win_rate_pct": 52.38095238095239,
    "profit_factor": 0.6660482397189545
  },
  "win002_tr20110101-20151231_te20160101-20160331_va20160401-20160630": {
    "cumulative_return_pct": -39.6344559641639,
    "annualized_return_pct": -87.98587213986772,
    "max_drawdown_pct": 37.18562512992632,
    "sharpe": -0.9795232028631006,
    "win_rate_pct": 49.152542372881356,
    "profit_factor": 0.6712941061785094
  },
  "win003_tr20110701-20160630_te20160701-20160930_va20161001-20161231": {
    "cumulative_return_pct": 48.096202804478914,
    "annualized_return_pct": 410.3336221537333,
    "max_drawdown_pct": 31.42451696076795,
    "sharpe": 5.379305778575446,
    "win_rate_pct": 57.14285714285714,
    "profit_factor": 1.4656074031033617
  },
  "win004_tr20120101-20161231_te20170101-20170331_va20170401-20170630": {
    "cumulative_return_pct": -14.686787683206564,
    "annualized_return_pct": -48.668095716504645,
    "max_drawdown_pct": 26.786304825938483,
    "sharpe": -0.9244853506278436,
    "win_rate_pct": 47.45762711864407,
    "profit_factor": 0.8011652905634312
  },
  "win005_tr20120701-20170630_te20170701-20170930_va20171001-20171231": {
    "cumulative_return_pct": -15.734967971200367,
    "annualized_return_pct": -50.8646081899941,
    "max_drawdown_pct": 24.820663040903952,
    "sharpe": -1.0500275583867982,
    "win_rate_pct": 49.23076923076923,
    "profit_factor": 0.7965811133194657
  },
  "win006_tr20130101-20171231_te20180101-20180331_va20180401-20180630": {
    "cumulative_return_pct": -36.00090109988579,
    "annualized_return_pct": -84.6444848194855,
    "max_drawdown_pct": 49.454649723775134,
    "sharpe": -0.9797585298287971,
    "win_rate_pct": 42.3728813559322,
    "profit_factor": 0.6761300310958455
  },
  "win007_tr20130701-20180630_te20180701-20180930_va20181001-20181231": {
    "cumulative_return_pct": -72.93439865682105,
    "annualized_return_pct": -99.55923115974561,
    "max_drawdown_pct": 73.28233008148369,
    "sharpe": -1.3859132029281773,
    "win_rate_pct": 32.8125,
    "profit_factor": 0.34913003809125487
  },
  "win008_tr20140101-20181231_te20190101-20190331_va20190401-20190630": {
    "cumulative_return_pct": 9.799089811124304,
    "annualized_return_pct": 48.73960555524266,
    "max_drawdown_pct": 31.090349955902713,
    "sharpe": 0.4488299103420331,
    "win_rate_pct": 51.724137931034484,
    "profit_factor": 1.0832600086983095
  },
  "win009_tr20140701-20190630_te20190701-20190930_va20191001-20191231": {
    "cumulative_return_pct": 25.974861718983135,
    "annualized_return_pct": 155.2615810349757,
    "max_drawdown_pct": 17.90792107469513,
    "sharpe": 2.413745601987324,
    "win_rate_pct": 53.125,
    "profit_factor": 1.298527818123267
  },
  "win010_tr20150101-20191231_te20200101-20200331_va20200401-20200630": {
    "cumulative_return_pct": -28.55068932007451,
    "annualized_return_pct": -74.83379023686709,
    "max_drawdown_pct": 47.0862517458088,
    "sharpe": -0.7054668387624171,
    "win_rate_pct": 37.93103448275862,
    "profit_factor": 0.8290436679428039
  },
  "win011_tr20150701-20200630_te20200701-20200930_va20201001-20201231": {
    "cumulative_return_pct": -55.28259268045041,
    "annualized_return_pct": -96.18479746389743,
    "max_drawdown_pct": 64.01973707178247,
    "sharpe": -1.2312310617421642,
    "win_rate_pct": 43.07692307692308,
    "profit_factor": 0.5391900815035741
  },
  "win012_tr20160101-20201231_te20210101-20210331_va20210401-20210630": {
    "cumulative_return_pct": 23.67406833541668,
    "annualized_return_pct": 146.5562406864485,
    "max_drawdown_pct": 35.359330411776206,
    "sharpe": 1.4096617225843988,
    "win_rate_pct": 51.724137931034484,
    "profit_factor": 1.165805402816611
  },
  "win013_tr20160701-20210630_te20210701-20210930_va20211001-20211231": {
    "cumulative_return_pct": -60.985743453517436,
    "annualized_return_pct": -97.80695251008224,
    "max_drawdown_pct": 70.66296812191746,
    "sharpe": -0.8889599857759529,
    "win_rate_pct": 38.095238095238095,
    "profit_factor": 0.5841239185223482
  },
  "win014_tr20170101-20211231_te20220101-20220331_va20220401-20220630": {
    "cumulative_return_pct": -1.198357927372353,
    "annualized_return_pct": -4.991401572344667,
    "max_drawdown_pct": 32.95155664860637,
    "sharpe": -0.09598115330065053,
    "win_rate_pct": 55.172413793103445,
    "profit_factor": 0.9888063418995483
  },
  "win015_tr20170701-20220630_te20220701-20220930_va20221001-20221231": {
    "cumulative_return_pct": -60.73375884628219,
    "annualized_return_pct": -97.93485977267665,
    "max_drawdown_pct": 62.4451489846653,
    "sharpe": -1.2843705833257884,
    "win_rate_pct": 39.0625,
    "profit_factor": 0.43587632799565246
  },
  "win016_tr20180101-20221231_te20230101-20230331_va20230401-20230630": {
    "cumulative_return_pct": -3.899884875393705,
    "annualized_return_pct": -15.380549711288205,
    "max_drawdown_pct": 32.59077890861045,
    "sharpe": -0.2578292073661255,
    "win_rate_pct": 37.28813559322034,
    "profit_factor": 0.9615570525688591
  },
  "win017_tr20180701-20230630_te20230701-20230930_va20231001-20231231": {
    "cumulative_return_pct": -20.337676148161734,
    "annualized_return_pct": -61.50248184435415,
    "max_drawdown_pct": 33.2302115631584,
    "sharpe": -1.0592162345027043,
    "win_rate_pct": 48.4375,
    "profit_factor": 0.7645624564715375
  },
  "win018_tr20190101-20231231_te20240101-20240331_va20240401-20240630": {
    "cumulative_return_pct": -28.499373689972945,
    "annualized_return_pct": -75.54585161020864,
    "max_drawdown_pct": 40.73331591613242,
    "sharpe": -1.1416784544807266,
    "win_rate_pct": 46.55172413793103,
    "profit_factor": 0.6722437449267776
  },
  "win019_tr20190701-20240630_te20240701-20240930_va20241001-20241231": {
    "cumulative_return_pct": 201.43067948993405,
    "annualized_return_pct": 8704.453651122998,
    "max_drawdown_pct": 24.795094299970245,
    "sharpe": 87.19717899062816,
    "win_rate_pct": 58.730158730158735,
    "profit_factor": 2.852304677030527
  },
  "win020_tr20200101-20241231_te20250101-20250331_va20250401-20250630": {
    "cumulative_return_pct": -32.19661247591295,
    "annualized_return_pct": -80.06586488124223,
    "max_drawdown_pct": 34.9809153573985,
    "sharpe": -1.3288739359366903,
    "win_rate_pct": 40.35087719298245,
    "profit_factor": 0.6351422455217277
  },
  "win021_tr20200701-20250630_te20250701-20250930_va20251001-20251231": {
    "cumulative_return_pct": -6.805600836518942,
    "annualized_return_pct": -24.87687308677661,
    "max_drawdown_pct": 17.05609180671379,
    "sharpe": -0.39160940919238574,
    "win_rate_pct": 40.0,
    "profit_factor": 0.928445368061893
  }
}