{
  "size": 4,
  "models": "FiLM,PatchTST,TimeMixer,WPMixer",
  "num_windows": 22,
  "mean_test_cumulative_return_pct": -20.472232628750362,
  "std_test_cumulative_return_pct": 31.315609946413144,
  "min_test_cumulative_return_pct": -67.56617461975848,
  "max_test_cumulative_return_pct": 42.24948244477215,
  "mean_test_annualized_return_pct": -14.091403305800435,
  "mean_test_max_drawdown_pct": 44.90646333968334,
  "mean_test_sharpe": -0.16763351454534103,
  "mean_test_win_rate_pct": 46.8147231362514,
  "mean_test_profit_factor": 0.839047545694648
}