{
  "win000_tr20100101-20141231_te20150101-20150331_va20150401-20150630": {
    "cumulative_return_pct": 28.708634696218997,
    "annualized_return_pct": 195.7948874624949,
    "max_drawdown_pct": 22.4956697404845,
    "sharpe": 2.239639369481482,
    "win_rate_pct": 52.63157894736842,
    "profit_factor": 1.2675551859127956
  },
  "win001_tr20100701-20150630_te20150701-20150930_va20151001-20151231": {
    "cumulative_return_pct": -46.24221250478991,
    "annualized_return_pct": -91.94544980565854,
    "max_drawdown_pct": 64.63938381997205,
    "sharpe": -0.6368907641942674,
    "win_rate_pct": 49.2063492063492,
    "profit_factor": 0.7608526235893215
  },
  "win002_tr20110101-20151231_te20160101-20160331_va20160401-20160630": {
    "cumulative_return_pct": -61.55036537511999,
    "annualized_return_pct": -98.19173109068632,
    "max_drawdown_pct": 67.47130772633051,
    "sharpe": -0.9092523101680665,
    "win_rate_pct": 44.06779661016949,
    "profit_factor": 0.5182028850309012
  },
  "win003_tr20110701-20160630_te20160701-20160930_va20161001-20161231": {
    "cumulative_return_pct": -29.980420543702273,
    "annualized_return_pct": -77.21899007073102,
    "max_drawdown_pct": 37.37347249372011,
    "sharpe": -1.0219057308644042,
    "win_rate_pct": 39.682539682539684,
    "profit_factor": 0.7049444711942807
  },
  "win004_tr20120101-20161231_te20170101-20170331_va20170401-20170630": {
    "cumulative_return_pct": -32.14209216024752,
    "annualized_return_pct": -80.36584119102685,
    "max_drawdown_pct": 47.04788888628577,
    "sharpe": -1.141125093883551,
    "win_rate_pct": 45.76271186440678,
    "profit_factor": 0.6365612071356507
  },
  "win005_tr20120701-20170630_te20170701-20170930_va20171001-20171231": {
    "cumulative_return_pct": 12.137509264373547,
    "annualized_return_pct": 60.87720989312548,
    "max_drawdown_pct": 15.952022036775041,
    "sharpe": 0.8971302669346999,
    "win_rate_pct": 47.69230769230769,
    "profit_factor": 1.133144666234902
  },
  "win006_tr20130101-20171231_te20180101-20180331_va20180401-20180630": {
    "cumulative_return_pct": 42.24948244477215,
    "annualized_return_pct": 339.08544208991697,
    "max_drawdown_pct": 33.70237503852001,
    "sharpe": 4.049551931308515,
    "win_rate_pct": 61.016949152542374,
    "profit_factor": 1.5353823196941472
  },
  "win007_tr20130701-20180630_te20180701-20180930_va20181001-20181231": {
    "cumulative_return_pct": -36.240521851400274,
    "annualized_return_pct": -84.5563598260719,
    "max_drawdown_pct": 40.274250648943635,
    "sharpe": -1.4427271718106027,
    "win_rate_pct": 40.625,
    "profit_factor": 0.6442571994035897
  },
  "win008_tr20140101-20181231_te20190101-20190331_va20190401-20190630": {
    "cumulative_return_pct": -39.16837008423881,
    "annualized_return_pct": -87.88906408279814,
    "max_drawdown_pct": 55.97505212514891,
    "sharpe": -0.7391417637525295,
    "win_rate_pct": 39.6551724137931,
    "profit_factor": 0.706677704438212
  },
  "win009_tr20140701-20190630_te20190701-20190930_va20191001-20191231": {
    "cumulative_return_pct": -26.37884220751743,
    "annualized_return_pct": -71.14291936644273,
    "max_drawdown_pct": 43.71719083255116,
    "sharpe": -0.7424733263398265,
    "win_rate_pct": 45.3125,
    "profit_factor": 0.8402259692488996
  },
  "win010_tr20150101-20191231_te20200101-20200331_va20200401-20200630": {
    "cumulative_return_pct": -50.78500508178738,
    "annualized_return_pct": -94.55009828572894,
    "max_drawdown_pct": 59.12564177859782,
    "sharpe": -0.8829991543694824,
    "win_rate_pct": 43.103448275862064,
    "profit_factor": 0.664606001440866
  },
  "win011_tr20150701-20200630_te20200701-20200930_va20201001-20201231": {
    "cumulative_return_pct": -17.144409935349284,
    "annualized_return_pct": -53.38532106376783,
    "max_drawdown_pct": 43.89026137191133,
    "sharpe": -0.6408413358442165,
    "win_rate_pct": 50.76923076923077,
    "profit_factor": 0.8739184381111289
  },
  "win012_tr20160101-20201231_te20210101-20210331_va20210401-20210630": {
    "cumulative_return_pct": -55.30568837490808,
    "annualized_return_pct": -96.72969105191493,
    "max_drawdown_pct": 57.45050091376777,
    "sharpe": -1.093126278279153,
    "win_rate_pct": 37.93103448275862,
    "profit_factor": 0.5304913675716613
  },
  "win013_tr20160701-20210630_te20210701-20210930_va20211001-20211231": {
    "cumulative_return_pct": 37.73369682406676,
    "annualized_return_pct": 266.66672173002314,
    "max_drawdown_pct": 40.64830862040342,
    "sharpe": 2.2658122416003788,
    "win_rate_pct": 57.14285714285714,
    "profit_factor": 1.1745902103981192
  },
  "win014_tr20170101-20211231_te20220101-20220331_va20220401-20220630": {
    "cumulative_return_pct": -2.2039101238752017,
    "annualized_return_pct": -9.030779795716892,
    "max_drawdown_pct": 51.23165519181807,
    "sharpe": -0.08796975190154437,
    "win_rate_pct": 50.0,
    "profit_factor": 0.989882842275817
  },
  "win015_tr20170701-20220630_te20220701-20220930_va20221001-20221231": {
    "cumulative_return_pct": -13.655979942263452,
    "annualized_return_pct": -45.633964067407994,
    "max_drawdown_pct": 32.5465865993423,
    "sharpe": -0.5038097718335368,
    "win_rate_pct": 50.0,
    "profit_factor": 0.9119019479257249
  },
  "win016_tr20180101-20221231_te20230101-20230331_va20230401-20230630": {
    "cumulative_return_pct": -67.56617461975848,
    "annualized_return_pct": -99.11481216225896,
    "max_drawdown_pct": 69.37120033390305,
    "sharpe": -1.0811607341438523,
    "win_rate_pct": 44.06779661016949,
    "profit_factor": 0.3755682641154689
  },
  "win017_tr20180701-20230630_te20230701-20230930_va20231001-20231231": {
    "cumulative_return_pct": -13.525668101306412,
    "annualized_return_pct": -45.67057363698517,
    "max_drawdown_pct": 28.63601852415808,
    "sharpe": -0.6523885073693686,
    "win_rate_pct": 42.1875,
    "profit_factor": 0.889569316624319
  },
  "win018_tr20190101-20231231_te20240101-20240331_va20240401-20240630": {
    "cumulative_return_pct": -60.79060759256583,
    "annualized_return_pct": -98.03691310446955,
    "max_drawdown_pct": 61.41426863594661,
    "sharpe": -1.1226415696283312,
    "win_rate_pct": 37.93103448275862,
    "profit_factor": 0.46055728282024316
  },
  "win019_tr20190701-20240630_te20240701-20240930_va20241001-20241231": {
    "cumulative_return_pct": -10.18505633994384,
    "annualized_return_pct": -35.33443512230347,
    "max_drawdown_pct": 41.920045015352756,
    "sharpe": -0.3304571052818216,
    "win_rate_pct": 44.44444444444444,
    "profit_factor": 0.9295349437672304
  },
  "win020_tr20200101-20241231_te20250101-20250331_va20250401-20250630": {
    "cumulative_return_pct": -20.10338077109592,
    "annualized_return_pct": -60.605327886737356,
    "max_drawdown_pct": 33.407693325041805,
    "sharpe": -0.7816043454586217,
    "win_rate_pct": 54.385964912280706,
    "profit_factor": 0.8221367979590826
  },
  "win021_tr20200701-20250630_te20250701-20250930_va20251001-20251231": {
    "cumulative_return_pct": 11.750264547930728,
    "annualized_return_pct": 56.967137707536565,
    "max_drawdown_pct": 39.65139981405869,
    "sharpe": 0.6704435858005976,
    "win_rate_pct": 52.307692307692314,
    "profit_factor": 1.0884843603898948
  }
}