{
  "win000_tr20100101-20141231_te20150101-20150331_va20150401-20150630": {
    "cumulative_return_pct": 13.50987191185099,
    "annualized_return_pct": 72.37836648102878,
    "max_drawdown_pct": 21.540042524882494,
    "sharpe": 1.071107687254919,
    "win_rate_pct": 47.368421052631575,
    "profit_factor": 1.174353013338099
  },
  "win001_tr20100701-20150630_te20150701-20150930_va20151001-20151231": {
    "cumulative_return_pct": -35.453389608910996,
    "annualized_return_pct": -83.07989528545616,
    "max_drawdown_pct": 71.17093025948566,
    "sharpe": -0.6152557464583326,
    "win_rate_pct": 53.96825396825397,
    "profit_factor": 0.874844475474585
  },
  "win002_tr20110101-20151231_te20160101-20160331_va20160401-20160630": {
    "cumulative_return_pct": -8.4408328195052,
    "annualized_return_pct": -30.94204193152904,
    "max_drawdown_pct": 38.240327262644065,
    "sharpe": -0.3025685914414725,
    "win_rate_pct": 49.152542372881356,
    "profit_factor": 0.9479365731836324
  },
  "win003_tr20110701-20160630_te20160701-20160930_va20161001-20161231": {
    "cumulative_return_pct": 7.185197332836035,
    "annualized_return_pct": 33.37566297640977,
    "max_drawdown_pct": 36.72750445675573,
    "sharpe": 0.4584338365215778,
    "win_rate_pct": 55.55555555555556,
    "profit_factor": 1.0812546229953959
  },
  "win004_tr20120101-20161231_te20170101-20170331_va20170401-20170630": {
    "cumulative_return_pct": 5.780929164637369,
    "annualized_return_pct": 26.610260904008996,
    "max_drawdown_pct": 14.634434252435149,
    "sharpe": 0.557529513489195,
    "win_rate_pct": 54.23728813559322,
    "profit_factor": 1.1005346601856718
  },
  "win005_tr20120701-20170630_te20170701-20170930_va20171001-20171231": {
    "cumulative_return_pct": -14.250104850089073,
    "annualized_return_pct": -47.16989243501823,
    "max_drawdown_pct": 26.778015511529425,
    "sharpe": -0.9098631948389604,
    "win_rate_pct": 49.23076923076923,
    "profit_factor": 0.8082403494338334
  },
  "win006_tr20130101-20171231_te20180101-20180331_va20180401-20180630": {
    "cumulative_return_pct": 15.180471003086726,
    "annualized_return_pct": 81.00282159094812,
    "max_drawdown_pct": 32.37654053163723,
    "sharpe": 0.8292444152133448,
    "win_rate_pct": 49.152542372881356,
    "profit_factor": 1.146769512214315
  },
  "win007_tr20130701-20180630_te20180701-20180930_va20181001-20181231": {
    "cumulative_return_pct": -67.4453136354957,
    "annualized_return_pct": -99.0514304792914,
    "max_drawdown_pct": 67.86380788074189,
    "sharpe": -1.8040481725156343,
    "win_rate_pct": 32.8125,
    "profit_factor": 0.25111628307513884
  },
  "win008_tr20140101-20181231_te20190101-20190331_va20190401-20190630": {
    "cumulative_return_pct": 50.21974812327586,
    "annualized_return_pct": 463.08782061908653,
    "max_drawdown_pct": 21.09095323338741,
    "sharpe": 5.144501122686507,
    "win_rate_pct": 50.0,
    "profit_factor": 1.3198225275015962
  },
  "win009_tr20140701-20190630_te20190701-20190930_va20191001-20191231": {
    "cumulative_return_pct": 57.95402988919886,
    "annualized_return_pct": 539.2986691585481,
    "max_drawdown_pct": 14.723825015376612,
    "sharpe": 7.945578240531917,
    "win_rate_pct": 51.5625,
    "profit_factor": 1.6284626748695454
  },
  "win010_tr20150101-20191231_te20200101-20200331_va20200401-20200630": {
    "cumulative_return_pct": -38.08704872454594,
    "annualized_return_pct": -86.02070274000705,
    "max_drawdown_pct": 50.1403164942137,
    "sharpe": -0.9885583416683341,
    "win_rate_pct": 46.55172413793103,
    "profit_factor": 0.7053526912012128
  },
  "win011_tr20150701-20200630_te20200701-20200930_va20201001-20201231": {
    "cumulative_return_pct": -53.73691206582601,
    "annualized_return_pct": -95.62064159827356,
    "max_drawdown_pct": 58.62517027452642,
    "sharpe": -1.6157403395526335,
    "win_rate_pct": 40.0,
    "profit_factor": 0.5087398226068012
  },
  "win012_tr20160101-20201231_te20210101-20210331_va20210401-20210630": {
    "cumulative_return_pct": -26.290730445834203,
    "annualized_return_pct": -72.62500384991246,
    "max_drawdown_pct": 51.26127025832069,
    "sharpe": -0.991657621980334,
    "win_rate_pct": 46.55172413793103,
    "profit_factor": 0.7043120238699788
  },
  "win013_tr20160701-20210630_te20210701-20210930_va20211001-20211231": {
    "cumulative_return_pct": -38.370828304657245,
    "annualized_return_pct": -85.97564620897859,
    "max_drawdown_pct": 52.26846087678013,
    "sharpe": -0.8451708215840512,
    "win_rate_pct": 42.857142857142854,
    "profit_factor": 0.7436847216896951
  },
  "win014_tr20170101-20211231_te20220101-20220331_va20220401-20220630": {
    "cumulative_return_pct": -0.7665651295752615,
    "annualized_return_pct": -3.215386889786631,
    "max_drawdown_pct": 28.889740394010932,
    "sharpe": -0.08872622541333745,
    "win_rate_pct": 48.275862068965516,
    "profit_factor": 0.9925563867660043
  },
  "win015_tr20170701-20220630_te20220701-20220930_va20221001-20221231": {
    "cumulative_return_pct": -9.470088766029292,
    "annualized_return_pct": -33.82977027680486,
    "max_drawdown_pct": 32.61985329202118,
    "sharpe": -0.5657178480524634,
    "win_rate_pct": 45.3125,
    "profit_factor": 0.9239397537891276
  },
  "win016_tr20180101-20221231_te20230101-20230331_va20230401-20230630": {
    "cumulative_return_pct": -36.1771508409453,
    "annualized_return_pct": -84.82124198903094,
    "max_drawdown_pct": 39.93643625335436,
    "sharpe": -1.5166288354895034,
    "win_rate_pct": 38.983050847457626,
    "profit_factor": 0.580499037242593
  },
  "win017_tr20180701-20230630_te20230701-20230930_va20231001-20231231": {
    "cumulative_return_pct": 27.304651168889528,
    "annualized_return_pct": 175.52764049305503,
    "max_drawdown_pct": 17.06141637468247,
    "sharpe": 2.961584218767403,
    "win_rate_pct": 51.5625,
    "profit_factor": 1.27702548778174
  },
  "win018_tr20190101-20231231_te20240101-20240331_va20240401-20240630": {
    "cumulative_return_pct": -24.418745924740726,
    "annualized_return_pct": -69.12913318221989,
    "max_drawdown_pct": 34.67088352407447,
    "sharpe": -0.9055725850124032,
    "win_rate_pct": 37.93103448275862,
    "profit_factor": 0.7790046950452366
  },
  "win019_tr20190701-20240630_te20240701-20240930_va20241001-20241231": {
    "cumulative_return_pct": 92.8691887178199,
    "annualized_return_pct": 1337.777714669115,
    "max_drawdown_pct": 23.002318105425303,
    "sharpe": 14.785808174778916,
    "win_rate_pct": 50.79365079365079,
    "profit_factor": 2.1162916845711233
  },
  "win020_tr20200101-20241231_te20250101-20250331_va20250401-20250630": {
    "cumulative_return_pct": -29.808159369349816,
    "annualized_return_pct": -76.98546622082604,
    "max_drawdown_pct": 33.60731056181138,
    "sharpe": -1.2536033923803036,
    "win_rate_pct": 38.59649122807017,
    "profit_factor": 0.6575310718087987
  },
  "win021_tr20200701-20250630_te20250701-20250930_va20251001-20251231": {
    "cumulative_return_pct": -19.93567229784237,
    "annualized_return_pct": -59.43761120056554,
    "max_drawdown_pct": 23.283514703403068,
    "sharpe": -0.9399440374631209,
    "win_rate_pct": 44.61538461538462,
    "profit_factor": 0.7917806078057882
  }
}