{
  "size": 6,
  "models": "DLinear,FiLM,FreTS,LightTS,TimeMixer,iTransformer",
  "num_windows": 22,
  "mean_test_cumulative_return_pct": -12.972932573866995,
  "std_test_cumulative_return_pct": 46.324488107778755,
  "min_test_cumulative_return_pct": -72.02192555925863,
  "max_test_cumulative_return_pct": 114.94277888941072,
  "mean_test_annualized_return_pct": 134.9524545824615,
  "mean_test_max_drawdown_pct": 40.16813215232108,
  "mean_test_sharpe": 1.4976553491521798,
  "mean_test_win_rate_pct": 45.34249246872578,
  "mean_test_profit_factor": 0.893696984851302
}