{
  "win000_tr20100101-20141231_te20150101-20150331_va20150401-20150630": {
    "cumulative_return_pct": 38.45948269118551,
    "annualized_return_pct": 304.8293350085669,
    "max_drawdown_pct": 13.88379082045684,
    "sharpe": 5.582979788239019,
    "win_rate_pct": 52.63157894736842,
    "profit_factor": 1.6187663060984376
  },
  "win001_tr20100701-20150630_te20150701-20150930_va20151001-20151231": {
    "cumulative_return_pct": -54.93108117972988,
    "annualized_return_pct": -96.06161599818842,
    "max_drawdown_pct": 70.8802368824084,
    "sharpe": -0.6907507003479304,
    "win_rate_pct": 47.61904761904761,
    "profit_factor": 0.7737536969037724
  },
  "win002_tr20110101-20151231_te20160101-20160331_va20160401-20160630": {
    "cumulative_return_pct": -46.56647336081929,
    "annualized_return_pct": -92.80074744231807,
    "max_drawdown_pct": 39.11732308505234,
    "sharpe": -1.0137609633251126,
    "win_rate_pct": 47.45762711864407,
    "profit_factor": 0.6202225718006522
  },
  "win003_tr20110701-20160630_te20160701-20160930_va20161001-20161231": {
    "cumulative_return_pct": 0.8499634509955998,
    "annualized_return_pct": 3.5753550934671363,
    "max_drawdown_pct": 38.74431469548106,
    "sharpe": 0.0074784649184207455,
    "win_rate_pct": 53.96825396825397,
    "profit_factor": 1.007920821691947
  },
  "win004_tr20120101-20161231_te20170101-20170331_va20170401-20170630": {
    "cumulative_return_pct": -19.21992690387573,
    "annualized_return_pct": -59.18332382534632,
    "max_drawdown_pct": 28.373540519067124,
    "sharpe": -1.0245555123929806,
    "win_rate_pct": 45.76271186440678,
    "profit_factor": 0.768194076083749
  },
  "win005_tr20120701-20170630_te20170701-20170930_va20171001-20171231": {
    "cumulative_return_pct": -33.77929403649709,
    "annualized_return_pct": -81.92731877738414,
    "max_drawdown_pct": 33.291948486122806,
    "sharpe": -1.6234431254018413,
    "win_rate_pct": 38.46153846153847,
    "profit_factor": 0.5491861978030335
  },
  "win006_tr20130101-20171231_te20180101-20180331_va20180401-20180630": {
    "cumulative_return_pct": -33.86571618969035,
    "annualized_return_pct": -82.37611869037144,
    "max_drawdown_pct": 50.4061790567934,
    "sharpe": -1.0229628088083635,
    "win_rate_pct": 52.54237288135594,
    "profit_factor": 0.6341586326399946
  },
  "win007_tr20130701-20180630_te20180701-20180930_va20181001-20181231": {
    "cumulative_return_pct": -72.02192555925863,
    "annualized_return_pct": -99.49419903849514,
    "max_drawdown_pct": 73.23455095847609,
    "sharpe": -1.6101767211249363,
    "win_rate_pct": 35.9375,
    "profit_factor": 0.2997406590247961
  },
  "win008_tr20140101-20181231_te20190101-20190331_va20190401-20190630": {
    "cumulative_return_pct": 88.62286714817672,
    "annualized_return_pct": 1380.7263582433127,
    "max_drawdown_pct": 27.448333666865775,
    "sharpe": 12.426429597987855,
    "win_rate_pct": 50.0,
    "profit_factor": 1.4798311701781832
  },
  "win009_tr20140701-20190630_te20190701-20190930_va20191001-20191231": {
    "cumulative_return_pct": 41.42414209096157,
    "annualized_return_pct": 308.20164654232025,
    "max_drawdown_pct": 19.078567329234808,
    "sharpe": 4.885508482716436,
    "win_rate_pct": 60.9375,
    "profit_factor": 1.4813579184339951
  },
  "win010_tr20150101-20191231_te20200101-20200331_va20200401-20200630": {
    "cumulative_return_pct": -59.75463835543297,
    "annualized_return_pct": -97.61339562513818,
    "max_drawdown_pct": 71.04419192594669,
    "sharpe": -0.8892835786895149,
    "win_rate_pct": 37.93103448275862,
    "profit_factor": 0.6376749262820396
  },
  "win011_tr20150701-20200630_te20200701-20200930_va20201001-20201231": {
    "cumulative_return_pct": -52.83372574693542,
    "annualized_return_pct": -95.26316639266565,
    "max_drawdown_pct": 58.448822132928925,
    "sharpe": -1.4684041920343258,
    "win_rate_pct": 41.53846153846154,
    "profit_factor": 0.4769850622378062
  },
  "win012_tr20160101-20201231_te20210101-20210331_va20210401-20210630": {
    "cumulative_return_pct": -23.881878305678292,
    "annualized_return_pct": -68.61885545854702,
    "max_drawdown_pct": 52.272813362185374,
    "sharpe": -0.7926135241964287,
    "win_rate_pct": 46.55172413793103,
    "profit_factor": 0.758823246938759
  },
  "win013_tr20160701-20210630_te20210701-20210930_va20211001-20211231": {
    "cumulative_return_pct": -53.21172485164457,
    "annualized_return_pct": -95.41535054846423,
    "max_drawdown_pct": 56.74876701950513,
    "sharpe": -1.0102936497426955,
    "win_rate_pct": 39.682539682539684,
    "profit_factor": 0.56078111734997
  },
  "win014_tr20170101-20211231_te20220101-20220331_va20220401-20220630": {
    "cumulative_return_pct": -23.40710695727918,
    "annualized_return_pct": -67.77909938345351,
    "max_drawdown_pct": 39.54045297249751,
    "sharpe": -0.9781926448582505,
    "win_rate_pct": 46.55172413793103,
    "profit_factor": 0.7603996136287569
  },
  "win015_tr20170701-20220630_te20220701-20220930_va20221001-20221231": {
    "cumulative_return_pct": -9.71076199389724,
    "annualized_return_pct": -34.55685792575572,
    "max_drawdown_pct": 39.66047543997812,
    "sharpe": -0.5172909985553564,
    "win_rate_pct": 40.625,
    "profit_factor": 0.9324805059755973
  },
  "win016_tr20180101-20221231_te20230101-20230331_va20230401-20230630": {
    "cumulative_return_pct": -41.0123239433863,
    "annualized_return_pct": -89.09582927096568,
    "max_drawdown_pct": 46.05292498763137,
    "sharpe": -1.6299573608041802,
    "win_rate_pct": 33.89830508474576,
    "profit_factor": 0.5210127081709359
  },
  "win017_tr20180701-20230630_te20230701-20230930_va20231001-20231231": {
    "cumulative_return_pct": 13.991116510947304,
    "annualized_return_pct": 73.28468368531435,
    "max_drawdown_pct": 15.036124071513571,
    "sharpe": 1.2846065289941282,
    "win_rate_pct": 48.4375,
    "profit_factor": 1.1715045326960731
  },
  "win018_tr20190101-20231231_te20240101-20240331_va20240401-20240630": {
    "cumulative_return_pct": -21.049399632963308,
    "annualized_return_pct": -62.92596903964191,
    "max_drawdown_pct": 35.14620273802,
    "sharpe": -0.8195991144259616,
    "win_rate_pct": 41.37931034482759,
    "profit_factor": 0.8034817741540766
  },
  "win019_tr20190701-20240630_te20240701-20240930_va20241001-20241231": {
    "cumulative_return_pct": 114.94277888941072,
    "annualized_return_pct": 2131.9113337086055,
    "max_drawdown_pct": 17.5507455507993,
    "sharpe": 25.8830792860118,
    "win_rate_pct": 60.317460317460316,
    "profit_factor": 2.2912583592760583
  },
  "win020_tr20200101-20241231_te20250101-20250331_va20250401-20250630": {
    "cumulative_return_pct": -28.04356175510227,
    "annualized_return_pct": -74.48721489671675,
    "max_drawdown_pct": 32.05388165347366,
    "sharpe": -1.421458436485597,
    "win_rate_pct": 36.84210526315789,
    "profit_factor": 0.6262549301427754
  },
  "win021_tr20200701-20250630_te20250701-20250930_va20251001-20251231": {
    "cumulative_return_pct": -10.405328634560783,
    "annualized_return_pct": -35.97564915398208,
    "max_drawdown_pct": 25.684719996625244,
    "sharpe": -0.6089211363262335,
    "win_rate_pct": 38.46153846153847,
    "profit_factor": 0.8875448392172359
  }
}