{
  "size": 4,
  "models": "FiLM,LightTS,PatchTST,WPMixer",
  "num_windows": 22,
  "mean_test_cumulative_return_pct": -13.634530641872066,
  "std_test_cumulative_return_pct": 36.52655777303255,
  "min_test_cumulative_return_pct": -76.50976481666731,
  "max_test_cumulative_return_pct": 55.108257962613315,
  "mean_test_annualized_return_pct": 29.64863583354166,
  "mean_test_max_drawdown_pct": 43.481487742361054,
  "mean_test_sharpe": 0.2266287593913807,
  "mean_test_win_rate_pct": 46.37649907853928,
  "mean_test_profit_factor": 0.8638991589702724
}