{
  "win000_tr20100101-20141231_te20150101-20150331_va20150401-20150630": {
    "cumulative_return_pct": -31.382678775357853,
    "annualized_return_pct": -80.17805608762163,
    "max_drawdown_pct": 42.05185944184705,
    "sharpe": -1.105884465162967,
    "win_rate_pct": 50.877192982456144,
    "profit_factor": 0.6571811864463438
  },
  "win001_tr20100701-20150630_te20150701-20150930_va20151001-20151231": {
    "cumulative_return_pct": -49.64774803482427,
    "annualized_return_pct": -93.82419799265155,
    "max_drawdown_pct": 60.33590433986229,
    "sharpe": -0.5724526434228915,
    "win_rate_pct": 55.55555555555556,
    "profit_factor": 0.7587128535948469
  },
  "win002_tr20110101-20151231_te20160101-20160331_va20160401-20160630": {
    "cumulative_return_pct": -76.50976481666731,
    "annualized_return_pct": -99.77153924393939,
    "max_drawdown_pct": 73.18758641376,
    "sharpe": -1.2773870028090704,
    "win_rate_pct": 40.67796610169492,
    "profit_factor": 0.2271814296974429
  },
  "win003_tr20110701-20160630_te20160701-20160930_va20161001-20161231": {
    "cumulative_return_pct": 21.581823030089005,
    "annualized_return_pct": 125.03658184943522,
    "max_drawdown_pct": 49.971272904889005,
    "sharpe": 1.4496090334006695,
    "win_rate_pct": 53.96825396825397,
    "profit_factor": 1.2319393735176687
  },
  "win004_tr20120101-20161231_te20170101-20170331_va20170401-20170630": {
    "cumulative_return_pct": -21.442555395128053,
    "annualized_return_pct": -63.69490542692944,
    "max_drawdown_pct": 35.50828933512449,
    "sharpe": -0.8876317227323449,
    "win_rate_pct": 49.152542372881356,
    "profit_factor": 0.7189792097760104
  },
  "win005_tr20120701-20170630_te20170701-20170930_va20171001-20171231": {
    "cumulative_return_pct": -25.693203358963434,
    "annualized_return_pct": -70.84620075216182,
    "max_drawdown_pct": 34.82343490630658,
    "sharpe": -1.4470514945213309,
    "win_rate_pct": 41.53846153846154,
    "profit_factor": 0.6435958287589381
  },
  "win006_tr20130101-20171231_te20180101-20180331_va20180401-20180630": {
    "cumulative_return_pct": 55.108257962613315,
    "annualized_return_pct": 531.4485702113255,
    "max_drawdown_pct": 37.02304726399456,
    "sharpe": 5.1145437193711505,
    "win_rate_pct": 54.23728813559322,
    "profit_factor": 1.4247454266006285
  },
  "win007_tr20130701-20180630_te20180701-20180930_va20181001-20181231": {
    "cumulative_return_pct": -53.012650697870015,
    "annualized_return_pct": -95.64954630174853,
    "max_drawdown_pct": 56.27100047595619,
    "sharpe": -1.4359107958946062,
    "win_rate_pct": 42.1875,
    "profit_factor": 0.523176871081842
  },
  "win008_tr20140101-20181231_te20190101-20190331_va20190401-20190630": {
    "cumulative_return_pct": 38.644959830665776,
    "annualized_return_pct": 300.57132293217654,
    "max_drawdown_pct": 37.67869671874516,
    "sharpe": 3.1228102125695485,
    "win_rate_pct": 50.0,
    "profit_factor": 1.3627563269217684
  },
  "win009_tr20140701-20190630_te20190701-20190930_va20191001-20191231": {
    "cumulative_return_pct": -15.593970717477157,
    "annualized_return_pct": -49.74271771781381,
    "max_drawdown_pct": 42.68751885300665,
    "sharpe": -0.531893821089374,
    "win_rate_pct": 39.0625,
    "profit_factor": 0.8916326721035127
  },
  "win010_tr20150101-20191231_te20200101-20200331_va20200401-20200630": {
    "cumulative_return_pct": 30.661574484567673,
    "annualized_return_pct": 199.68368396209985,
    "max_drawdown_pct": 45.42476647522816,
    "sharpe": 1.608883386683254,
    "win_rate_pct": 51.724137931034484,
    "profit_factor": 1.1207525718664932
  },
  "win011_tr20150701-20200630_te20200701-20200930_va20201001-20201231": {
    "cumulative_return_pct": -32.9201720872094,
    "annualized_return_pct": -80.21881571230745,
    "max_drawdown_pct": 52.35903464848175,
    "sharpe": -0.7972316050082411,
    "win_rate_pct": 43.07692307692308,
    "profit_factor": 0.8259550073313685
  },
  "win012_tr20160101-20201231_te20210101-20210331_va20210401-20210630": {
    "cumulative_return_pct": -28.031090508138668,
    "annualized_return_pct": -75.26674954487196,
    "max_drawdown_pct": 48.53362076242145,
    "sharpe": -0.8483502655082495,
    "win_rate_pct": 41.37931034482759,
    "profit_factor": 0.713796578057671
  },
  "win013_tr20160701-20210630_te20210701-20210930_va20211001-20211231": {
    "cumulative_return_pct": -48.11799261655656,
    "annualized_return_pct": -93.0266243169918,
    "max_drawdown_pct": 52.03995055737549,
    "sharpe": -0.8735979307984401,
    "win_rate_pct": 42.857142857142854,
    "profit_factor": 0.7198786559965176
  },
  "win014_tr20170101-20211231_te20220101-20220331_va20220401-20220630": {
    "cumulative_return_pct": -18.864738800055243,
    "annualized_return_pct": -58.84667882066241,
    "max_drawdown_pct": 43.73241410877949,
    "sharpe": -0.5309616438695868,
    "win_rate_pct": 48.275862068965516,
    "profit_factor": 0.8735840174066368
  },
  "win015_tr20170701-20220630_te20220701-20220930_va20221001-20221231": {
    "cumulative_return_pct": 2.683552540059679,
    "annualized_return_pct": 11.618250098817562,
    "max_drawdown_pct": 19.29721375480035,
    "sharpe": 0.11361848897871447,
    "win_rate_pct": 43.75,
    "profit_factor": 1.0244890947193357
  },
  "win016_tr20180101-20221231_te20230101-20230331_va20230401-20230630": {
    "cumulative_return_pct": -14.136881886131327,
    "annualized_return_pct": -47.264619872011416,
    "max_drawdown_pct": 27.902254918665065,
    "sharpe": -0.719946883076057,
    "win_rate_pct": 45.76271186440678,
    "profit_factor": 0.8567092439459647
  },
  "win017_tr20180701-20230630_te20230701-20230930_va20231001-20231231": {
    "cumulative_return_pct": -4.0045359563329255,
    "annualized_return_pct": -15.76674292182153,
    "max_drawdown_pct": 25.48111196172627,
    "sharpe": -0.26016834263181227,
    "win_rate_pct": 56.25,
    "profit_factor": 0.9601322399397793
  },
  "win018_tr20190101-20231231_te20240101-20240331_va20240401-20240630": {
    "cumulative_return_pct": -64.37247074531561,
    "annualized_return_pct": -98.68697575385102,
    "max_drawdown_pct": 66.9457768553547,
    "sharpe": -1.2354550332649041,
    "win_rate_pct": 34.48275862068966,
    "profit_factor": 0.373349544904851
  },
  "win019_tr20190701-20240630_te20240701-20240930_va20241001-20241231": {
    "cumulative_return_pct": 25.29565108833001,
    "annualized_return_pct": 149.72206764631272,
    "max_drawdown_pct": 40.637899251291095,
    "sharpe": 1.3536426795693228,
    "win_rate_pct": 41.269841269841265,
    "profit_factor": 1.1714740185696109
  },
  "win020_tr20200101-20241231_te20250101-20250331_va20250401-20250630": {
    "cumulative_return_pct": -42.18393725350197,
    "annualized_return_pct": -89.71116673357909,
    "max_drawdown_pct": 46.17184365610704,
    "sharpe": -1.4624040238586944,
    "win_rate_pct": 40.35087719298245,
    "profit_factor": 0.5199938970661668
  },
  "win021_tr20200701-20250630_te20250701-20250930_va20251001-20251231": {
    "cumulative_return_pct": 51.97889859201883,
    "annualized_return_pct": 446.6850488367119,
    "max_drawdown_pct": 18.52823272822038,
    "sharpe": 6.2090528596862855,
    "win_rate_pct": 53.84615384615385,
    "profit_factor": 1.4057654490425926
  }
}