{
  "win000_tr20100101-20141231_te20150101-20150331_va20150401-20150630": {
    "cumulative_return_pct": 82.1125332605311,
    "annualized_return_pct": 1214.3032681015702,
    "max_drawdown_pct": 17.63836467305331,
    "sharpe": 16.101539804306523,
    "win_rate_pct": 54.385964912280706,
    "profit_factor": 1.7977931916151306
  },
  "win001_tr20100701-20150630_te20150701-20150930_va20151001-20151231": {
    "cumulative_return_pct": -74.15390363371213,
    "annualized_return_pct": -99.58761498452402,
    "max_drawdown_pct": 71.48199567107216,
    "sharpe": -0.7045270586781415,
    "win_rate_pct": 46.03174603174603,
    "profit_factor": 0.618184341926196
  },
  "win002_tr20110101-20151231_te20160101-20160331_va20160401-20160630": {
    "cumulative_return_pct": -26.602588917911486,
    "annualized_return_pct": -72.70452230916935,
    "max_drawdown_pct": 53.226425411066145,
    "sharpe": -0.6311093543785699,
    "win_rate_pct": 44.06779661016949,
    "profit_factor": 0.8437796148737395
  },
  "win003_tr20110701-20160630_te20160701-20160930_va20161001-20161231": {
    "cumulative_return_pct": 30.389019134099453,
    "annualized_return_pct": 200.82623190353752,
    "max_drawdown_pct": 24.926982544068018,
    "sharpe": 2.9928150158749327,
    "win_rate_pct": 52.38095238095239,
    "profit_factor": 1.3701321309288668
  },
  "win004_tr20120101-20161231_te20170101-20170331_va20170401-20170630": {
    "cumulative_return_pct": -1.792809452087956,
    "annualized_return_pct": -7.3137412764290755,
    "max_drawdown_pct": 21.659302029162216,
    "sharpe": -0.14679082779874703,
    "win_rate_pct": 52.54237288135594,
    "profit_factor": 0.9787593327843246
  },
  "win005_tr20120701-20170630_te20170701-20170930_va20171001-20171231": {
    "cumulative_return_pct": 1.1578419605877714,
    "annualized_return_pct": 4.894084588695047,
    "max_drawdown_pct": 24.923528366786357,
    "sharpe": 0.031244519946873446,
    "win_rate_pct": 46.15384615384615,
    "profit_factor": 1.0147145576980474
  },
  "win006_tr20130101-20171231_te20180101-20180331_va20180401-20180630": {
    "cumulative_return_pct": 63.87781146001662,
    "annualized_return_pct": 695.4534880107532,
    "max_drawdown_pct": 18.73320826874413,
    "sharpe": 9.193215260407541,
    "win_rate_pct": 57.6271186440678,
    "profit_factor": 1.7813216415861246
  },
  "win007_tr20130701-20180630_te20180701-20180930_va20181001-20181231": {
    "cumulative_return_pct": -61.376844875420225,
    "annualized_return_pct": -98.07166088697556,
    "max_drawdown_pct": 63.26084195557715,
    "sharpe": -1.631432908557304,
    "win_rate_pct": 37.5,
    "profit_factor": 0.3475047009253062
  },
  "win008_tr20140101-20181231_te20190101-20190331_va20190401-20190630": {
    "cumulative_return_pct": 25.203442719592644,
    "annualized_return_pct": 159.76783979326422,
    "max_drawdown_pct": 46.50751166622612,
    "sharpe": 1.2458340976418965,
    "win_rate_pct": 51.724137931034484,
    "profit_factor": 1.131298016105601
  },
  "win009_tr20140701-20190630_te20190701-20190930_va20191001-20191231": {
    "cumulative_return_pct": -23.090354351747653,
    "annualized_return_pct": -65.54342372799564,
    "max_drawdown_pct": 38.31098957651172,
    "sharpe": -0.7397048606027111,
    "win_rate_pct": 42.1875,
    "profit_factor": 0.8108618284935402
  },
  "win010_tr20150101-20191231_te20200101-20200331_va20200401-20200630": {
    "cumulative_return_pct": -57.298894358343425,
    "annualized_return_pct": -96.95668390097939,
    "max_drawdown_pct": 64.97083199955851,
    "sharpe": -0.9063328232525728,
    "win_rate_pct": 43.103448275862064,
    "profit_factor": 0.5987516386290748
  },
  "win011_tr20150701-20200630_te20200701-20200930_va20201001-20201231": {
    "cumulative_return_pct": -22.789925853419025,
    "annualized_return_pct": -64.99391634557519,
    "max_drawdown_pct": 51.76193226081375,
    "sharpe": -0.6521692040121073,
    "win_rate_pct": 44.61538461538462,
    "profit_factor": 0.8619237786204952
  },
  "win012_tr20160101-20201231_te20210101-20210331_va20210401-20210630": {
    "cumulative_return_pct": -57.22703948927196,
    "annualized_return_pct": -97.28642547721459,
    "max_drawdown_pct": 60.624940789656904,
    "sharpe": -1.2653416157500506,
    "win_rate_pct": 41.37931034482759,
    "profit_factor": 0.5329335929778447
  },
  "win013_tr20160701-20210630_te20210701-20210930_va20211001-20211231": {
    "cumulative_return_pct": 4.302556219049427,
    "annualized_return_pct": 18.644337074820648,
    "max_drawdown_pct": 34.85973688725259,
    "sharpe": 0.14771622208152999,
    "win_rate_pct": 52.38095238095239,
    "profit_factor": 1.0232120067991346
  },
  "win014_tr20170101-20211231_te20220101-20220331_va20220401-20220630": {
    "cumulative_return_pct": -54.485010760404684,
    "annualized_return_pct": -96.46694721691877,
    "max_drawdown_pct": 62.90100466263253,
    "sharpe": -1.0195202199053297,
    "win_rate_pct": 37.93103448275862,
    "profit_factor": 0.5406079407948702
  },
  "win015_tr20170701-20220630_te20220701-20220930_va20221001-20221231": {
    "cumulative_return_pct": -22.795222799365618,
    "annualized_return_pct": -65.82885875241253,
    "max_drawdown_pct": 34.92895560495408,
    "sharpe": -0.9282549303141222,
    "win_rate_pct": 46.875,
    "profit_factor": 0.8067303288449196
  },
  "win016_tr20180101-20221231_te20230101-20230331_va20230401-20230630": {
    "cumulative_return_pct": 14.170009507297049,
    "annualized_return_pct": 74.42925611648037,
    "max_drawdown_pct": 22.555486611859106,
    "sharpe": 0.8786780505297367,
    "win_rate_pct": 47.45762711864407,
    "profit_factor": 1.1132263109295168
  },
  "win017_tr20180701-20230630_te20230701-20230930_va20231001-20231231": {
    "cumulative_return_pct": -28.352530982907325,
    "annualized_return_pct": -75.33431177521001,
    "max_drawdown_pct": 39.40584420960353,
    "sharpe": -1.1658033249390012,
    "win_rate_pct": 43.75,
    "profit_factor": 0.7085756251402537
  },
  "win018_tr20190101-20231231_te20240101-20240331_va20240401-20240630": {
    "cumulative_return_pct": 28.867810466381073,
    "annualized_return_pct": 190.0125449825784,
    "max_drawdown_pct": 25.76368924498464,
    "sharpe": 2.0177011738614827,
    "win_rate_pct": 48.275862068965516,
    "profit_factor": 1.2459172317931781
  },
  "win019_tr20190701-20240630_te20240701-20240930_va20241001-20241231": {
    "cumulative_return_pct": 54.52194831106516,
    "annualized_return_pct": 484.77005940811307,
    "max_drawdown_pct": 28.268725197649182,
    "sharpe": 4.444639171573849,
    "win_rate_pct": 55.55555555555556,
    "profit_factor": 1.3916501221840414
  },
  "win020_tr20200101-20241231_te20250101-20250331_va20250401-20250630": {
    "cumulative_return_pct": -18.56474329256541,
    "annualized_return_pct": -57.359619183901266,
    "max_drawdown_pct": 25.003696064850555,
    "sharpe": -0.8014958012267261,
    "win_rate_pct": 47.368421052631575,
    "profit_factor": 0.8171168954166933
  },
  "win021_tr20200701-20250630_te20250701-20250930_va20251001-20251231": {
    "cumulative_return_pct": -18.465678515773,
    "annualized_return_pct": -56.329311467135554,
    "max_drawdown_pct": 41.5855196232712,
    "sharpe": -0.7457055865993734,
    "win_rate_pct": 50.76923076923077,
    "profit_factor": 0.8338358987838895
  }
}