{
  "win000_tr20100101-20141231_te20150101-20150331_va20150401-20150630": {
    "cumulative_return_pct": 65.5467322935354,
    "annualized_return_pct": 772.3981790376579,
    "max_drawdown_pct": 14.711120710981945,
    "sharpe": 10.430105464204837,
    "win_rate_pct": 56.14035087719298,
    "profit_factor": 1.7041838498203985
  },
  "win001_tr20100701-20150630_te20150701-20150930_va20151001-20151231": {
    "cumulative_return_pct": -65.7861671651498,
    "annualized_return_pct": -98.71283165498996,
    "max_drawdown_pct": 68.40790907049417,
    "sharpe": -0.6845103836984788,
    "win_rate_pct": 49.2063492063492,
    "profit_factor": 0.6966185692132503
  },
  "win002_tr20110101-20151231_te20160101-20160331_va20160401-20160630": {
    "cumulative_return_pct": -48.58283956274472,
    "annualized_return_pct": -93.87435165339836,
    "max_drawdown_pct": 49.96769186686627,
    "sharpe": -0.9592455417517203,
    "win_rate_pct": 44.06779661016949,
    "profit_factor": 0.6445755970782089
  },
  "win003_tr20110701-20160630_te20160701-20160930_va20161001-20161231": {
    "cumulative_return_pct": 21.588274190997193,
    "annualized_return_pct": 125.0861458323707,
    "max_drawdown_pct": 28.331147433535065,
    "sharpe": 1.6302287792885541,
    "win_rate_pct": 55.55555555555556,
    "profit_factor": 1.2302086718619476
  },
  "win004_tr20120101-20161231_te20170101-20170331_va20170401-20170630": {
    "cumulative_return_pct": -28.221735041755974,
    "annualized_return_pct": -75.14471746224862,
    "max_drawdown_pct": 42.73260453871618,
    "sharpe": -1.065412995917116,
    "win_rate_pct": 45.76271186440678,
    "profit_factor": 0.6768315200597219
  },
  "win005_tr20120701-20170630_te20170701-20170930_va20171001-20171231": {
    "cumulative_return_pct": -29.897967768416812,
    "annualized_return_pct": -77.10743948465746,
    "max_drawdown_pct": 33.928789839852804,
    "sharpe": -1.4780189397407597,
    "win_rate_pct": 43.07692307692308,
    "profit_factor": 0.6378397770648607
  },
  "win006_tr20130101-20171231_te20180101-20180331_va20180401-20180630": {
    "cumulative_return_pct": 9.625668967062817,
    "annualized_return_pct": 47.083062289668945,
    "max_drawdown_pct": 33.075334156795954,
    "sharpe": 0.4541480436269752,
    "win_rate_pct": 52.54237288135594,
    "profit_factor": 1.0902324557751213
  },
  "win007_tr20130701-20180630_te20180701-20180930_va20181001-20181231": {
    "cumulative_return_pct": -62.91794174738957,
    "annualized_return_pct": -98.37150995247983,
    "max_drawdown_pct": 62.979141634972834,
    "sharpe": -1.5460603070045575,
    "win_rate_pct": 35.9375,
    "profit_factor": 0.382636309446942
  },
  "win008_tr20140101-20181231_te20190101-20190331_va20190401-20190630": {
    "cumulative_return_pct": 131.94288071037948,
    "annualized_return_pct": 3462.9300374279837,
    "max_drawdown_pct": 31.4317140454122,
    "sharpe": 26.237499742973174,
    "win_rate_pct": 60.3448275862069,
    "profit_factor": 1.4370838822606267
  },
  "win009_tr20140701-20190630_te20190701-20190930_va20191001-20191231": {
    "cumulative_return_pct": -12.102809414017294,
    "annualized_return_pct": -40.75770815264551,
    "max_drawdown_pct": 30.956938812903523,
    "sharpe": -0.4826576416089369,
    "win_rate_pct": 46.875,
    "profit_factor": 0.8999252271725574
  },
  "win010_tr20150101-20191231_te20200101-20200331_va20200401-20200630": {
    "cumulative_return_pct": -64.64847068088537,
    "annualized_return_pct": -98.59816234034582,
    "max_drawdown_pct": 68.11497802704586,
    "sharpe": -0.9646777788316813,
    "win_rate_pct": 37.93103448275862,
    "profit_factor": 0.5302731949691825
  },
  "win011_tr20150701-20200630_te20200701-20200930_va20201001-20201231": {
    "cumulative_return_pct": -27.459675229756815,
    "annualized_return_pct": -72.82402591254763,
    "max_drawdown_pct": 54.21738090466963,
    "sharpe": -0.745179227645595,
    "win_rate_pct": 41.53846153846154,
    "profit_factor": 0.8407806519190841
  },
  "win012_tr20160101-20201231_te20210101-20210331_va20210401-20210630": {
    "cumulative_return_pct": -22.773240481666722,
    "annualized_return_pct": -66.63128695792331,
    "max_drawdown_pct": 42.718775130627456,
    "sharpe": -0.8411411584464228,
    "win_rate_pct": 44.827586206896555,
    "profit_factor": 0.8297632920329923
  },
  "win013_tr20160701-20210630_te20210701-20210930_va20211001-20211231": {
    "cumulative_return_pct": -44.0193885415512,
    "annualized_return_pct": -90.50592306245993,
    "max_drawdown_pct": 47.37558521310753,
    "sharpe": -0.9555702197413253,
    "win_rate_pct": 46.03174603174603,
    "profit_factor": 0.6993138341046078
  },
  "win014_tr20170101-20211231_te20220101-20220331_va20220401-20220630": {
    "cumulative_return_pct": -49.26461647634377,
    "annualized_return_pct": -94.39690247236665,
    "max_drawdown_pct": 58.69974240097453,
    "sharpe": -0.9936499666736801,
    "win_rate_pct": 39.6551724137931,
    "profit_factor": 0.585256034073526
  },
  "win015_tr20170701-20220630_te20220701-20220930_va20221001-20221231": {
    "cumulative_return_pct": -43.78977422297512,
    "annualized_return_pct": -90.84640974846124,
    "max_drawdown_pct": 48.77967636239073,
    "sharpe": -1.1610949293710318,
    "win_rate_pct": 42.1875,
    "profit_factor": 0.6590687933458
  },
  "win016_tr20180101-20221231_te20230101-20230331_va20230401-20230630": {
    "cumulative_return_pct": 40.181543620556965,
    "annualized_return_pct": 312.9035379453642,
    "max_drawdown_pct": 20.02569039963457,
    "sharpe": 3.8435133191709143,
    "win_rate_pct": 49.152542372881356,
    "profit_factor": 1.3264243252081542
  },
  "win017_tr20180701-20230630_te20230701-20230930_va20231001-20231231": {
    "cumulative_return_pct": -12.273141792815446,
    "annualized_return_pct": -42.2894960318043,
    "max_drawdown_pct": 19.956048215291446,
    "sharpe": -0.679314764308296,
    "win_rate_pct": 46.875,
    "profit_factor": 0.8823171874892438
  },
  "win018_tr20190101-20231231_te20240101-20240331_va20240401-20240630": {
    "cumulative_return_pct": -11.834655440312567,
    "annualized_return_pct": -41.06876639477406,
    "max_drawdown_pct": 38.26110981317953,
    "sharpe": -0.45301292290003836,
    "win_rate_pct": 43.103448275862064,
    "profit_factor": 0.9061116477160421
  },
  "win019_tr20190701-20240630_te20240701-20240930_va20241001-20241231": {
    "cumulative_return_pct": 34.597715626500964,
    "annualized_return_pct": 233.94731437928007,
    "max_drawdown_pct": 25.44166463070904,
    "sharpe": 2.046489112180816,
    "win_rate_pct": 53.96825396825397,
    "profit_factor": 1.219310838970665
  },
  "win020_tr20200101-20241231_te20250101-20250331_va20250401-20250630": {
    "cumulative_return_pct": 1.2291576689547976,
    "annualized_return_pct": 5.201359062042554,
    "max_drawdown_pct": 21.336509369470303,
    "sharpe": 0.032466199800471975,
    "win_rate_pct": 45.614035087719294,
    "profit_factor": 1.0141997444948894
  },
  "win021_tr20200701-20250630_te20250701-20250930_va20251001-20251231": {
    "cumulative_return_pct": -18.516231432366556,
    "annualized_return_pct": -56.43909361643353,
    "max_drawdown_pct": 36.62593984134639,
    "sharpe": -0.7161811021570431,
    "win_rate_pct": 46.15384615384615,
    "profit_factor": 0.8581948502255463
  }
}