{
  "win000_tr20100101-20141231_te20150101-20150331_va20150401-20150630": {
    "cumulative_return_pct": 33.368813751023865,
    "annualized_return_pct": 244.63996158029303,
    "max_drawdown_pct": 14.003183606956423,
    "sharpe": 3.6228851516789113,
    "win_rate_pct": 52.63157894736842,
    "profit_factor": 1.4182204108649943
  },
  "win001_tr20100701-20150630_te20150701-20150930_va20151001-20151231": {
    "cumulative_return_pct": -60.69326330899829,
    "annualized_return_pct": -97.7394617206493,
    "max_drawdown_pct": 66.72163049230153,
    "sharpe": -0.7235103279535149,
    "win_rate_pct": 52.38095238095239,
    "profit_factor": 0.7037072946437184
  },
  "win002_tr20110101-20151231_te20160101-20160331_va20160401-20160630": {
    "cumulative_return_pct": -19.18187006972005,
    "annualized_return_pct": -59.102532598629075,
    "max_drawdown_pct": 31.641433254610074,
    "sharpe": -0.7014041435747708,
    "win_rate_pct": 52.54237288135594,
    "profit_factor": 0.839701205433468
  },
  "win003_tr20110701-20160630_te20160701-20160930_va20161001-20161231": {
    "cumulative_return_pct": -18.051436279508703,
    "annualized_return_pct": -56.23293109129845,
    "max_drawdown_pct": 38.741291977259046,
    "sharpe": -0.908068005771653,
    "win_rate_pct": 52.38095238095239,
    "profit_factor": 0.7807113025913999
  },
  "win004_tr20120101-20161231_te20170101-20170331_va20170401-20170630": {
    "cumulative_return_pct": 3.551163444559963,
    "annualized_return_pct": 15.777668146088008,
    "max_drawdown_pct": 17.56863203913001,
    "sharpe": 0.21671830082817045,
    "win_rate_pct": 49.152542372881356,
    "profit_factor": 1.0522159442968493
  },
  "win005_tr20120701-20170630_te20170701-20170930_va20171001-20171231": {
    "cumulative_return_pct": 5.877980124379718,
    "annualized_return_pct": 26.752791090338658,
    "max_drawdown_pct": 34.104851909892574,
    "sharpe": 0.362007387204078,
    "win_rate_pct": 52.307692307692314,
    "profit_factor": 1.0792416287501128
  },
  "win006_tr20130101-20171231_te20180101-20180331_va20180401-20180630": {
    "cumulative_return_pct": 119.5053096714395,
    "annualized_return_pct": 2613.191373301893,
    "max_drawdown_pct": 33.055480136584414,
    "sharpe": 24.301263297996936,
    "win_rate_pct": 54.23728813559322,
    "profit_factor": 2.103859327000197
  },
  "win007_tr20130701-20180630_te20180701-20180930_va20181001-20181231": {
    "cumulative_return_pct": -43.22313270016143,
    "annualized_return_pct": -90.4572896007161,
    "max_drawdown_pct": 52.19312078603385,
    "sharpe": -1.5034686121241967,
    "win_rate_pct": 37.5,
    "profit_factor": 0.5767196786056776
  },
  "win008_tr20140101-20181231_te20190101-20190331_va20190401-20190630": {
    "cumulative_return_pct": -8.19538255933728,
    "annualized_return_pct": -30.452394169947517,
    "max_drawdown_pct": 36.66143854120729,
    "sharpe": -0.33669632148656164,
    "win_rate_pct": 51.724137931034484,
    "profit_factor": 0.935748842022406
  },
  "win009_tr20140701-20190630_te20190701-20190930_va20191001-20191231": {
    "cumulative_return_pct": -25.605144091985306,
    "annualized_return_pct": -69.89225026773708,
    "max_drawdown_pct": 37.886073712128905,
    "sharpe": -1.1140501891364805,
    "win_rate_pct": 45.3125,
    "profit_factor": 0.6992946735317329
  },
  "win010_tr20150101-20191231_te20200101-20200331_va20200401-20200630": {
    "cumulative_return_pct": -24.399105296432317,
    "annualized_return_pct": -68.26907509049049,
    "max_drawdown_pct": 52.82016736963189,
    "sharpe": -0.6500168498270091,
    "win_rate_pct": 48.275862068965516,
    "profit_factor": 0.8637272675443544
  },
  "win011_tr20150701-20200630_te20200701-20200930_va20201001-20201231": {
    "cumulative_return_pct": -26.727199386735784,
    "annualized_return_pct": -71.69306626794278,
    "max_drawdown_pct": 50.93536387122018,
    "sharpe": -0.9874160452027609,
    "win_rate_pct": 38.46153846153847,
    "profit_factor": 0.7610088982194163
  },
  "win012_tr20160101-20201231_te20210101-20210331_va20210401-20210630": {
    "cumulative_return_pct": -47.334804693570135,
    "annualized_return_pct": -93.43423634983091,
    "max_drawdown_pct": 58.10245432798611,
    "sharpe": -0.8411446355191846,
    "win_rate_pct": 44.827586206896555,
    "profit_factor": 0.649101324389949
  },
  "win013_tr20160701-20210630_te20210701-20210930_va20211001-20211231": {
    "cumulative_return_pct": -44.735556187331106,
    "annualized_return_pct": -90.98928570577345,
    "max_drawdown_pct": 52.15997133477218,
    "sharpe": -1.0523857151703975,
    "win_rate_pct": 42.857142857142854,
    "profit_factor": 0.5961277395925435
  },
  "win014_tr20170101-20211231_te20220101-20220331_va20220401-20220630": {
    "cumulative_return_pct": -28.28505397124536,
    "annualized_return_pct": -75.6353115791415,
    "max_drawdown_pct": 47.68770293585179,
    "sharpe": -1.0996381804710575,
    "win_rate_pct": 43.103448275862064,
    "profit_factor": 0.7396519472432199
  },
  "win015_tr20170701-20220630_te20220701-20220930_va20221001-20221231": {
    "cumulative_return_pct": -36.97937932126006,
    "annualized_return_pct": -85.28571458989192,
    "max_drawdown_pct": 45.24121428005636,
    "sharpe": -1.1875473417663167,
    "win_rate_pct": 42.1875,
    "profit_factor": 0.6950975611830685
  },
  "win016_tr20180101-20221231_te20230101-20230331_va20230401-20230630": {
    "cumulative_return_pct": -17.234284191902375,
    "annualized_return_pct": -54.802581117689655,
    "max_drawdown_pct": 28.5784428588561,
    "sharpe": -0.9327637188878372,
    "win_rate_pct": 40.67796610169492,
    "profit_factor": 0.8070811455823607
  },
  "win017_tr20180701-20230630_te20230701-20230930_va20231001-20231231": {
    "cumulative_return_pct": -2.903173058948759,
    "annualized_return_pct": -11.634402457406978,
    "max_drawdown_pct": 31.12771086208973,
    "sharpe": -0.28640939031611057,
    "win_rate_pct": 45.3125,
    "profit_factor": 0.9665125246967243
  },
  "win018_tr20190101-20231231_te20240101-20240331_va20240401-20240630": {
    "cumulative_return_pct": -38.331250912984835,
    "annualized_return_pct": -86.85878438836335,
    "max_drawdown_pct": 41.83476774404186,
    "sharpe": -1.1098394773338482,
    "win_rate_pct": 39.6551724137931,
    "profit_factor": 0.6293761028052565
  },
  "win019_tr20190701-20240630_te20240701-20240930_va20241001-20241231": {
    "cumulative_return_pct": 261.0996539098326,
    "annualized_return_pct": 18224.68570584056,
    "max_drawdown_pct": 22.35978883667956,
    "sharpe": 157.78229424485076,
    "win_rate_pct": 65.07936507936508,
    "profit_factor": 2.821220566623756
  },
  "win020_tr20200101-20241231_te20250101-20250331_va20250401-20250630": {
    "cumulative_return_pct": -20.409668938803627,
    "annualized_return_pct": -61.228378708736095,
    "max_drawdown_pct": 25.104931471255927,
    "sharpe": -0.699976324875748,
    "win_rate_pct": 35.08771929824561,
    "profit_factor": 0.8078099662425364
  },
  "win021_tr20200701-20250630_te20250701-20250930_va20251001-20251231": {
    "cumulative_return_pct": -18.93138985537487,
    "annualized_return_pct": -57.33281552122167,
    "max_drawdown_pct": 22.138761427203356,
    "sharpe": -1.1819355489826213,
    "win_rate_pct": 44.61538461538462,
    "profit_factor": 0.7485219255872899
  }
}