{
  "win000_tr20100101-20141231_te20150101-20150331_va20150401-20150630": {
    "cumulative_return_pct": 65.66197129300922,
    "annualized_return_pct": 775.0107209979553,
    "max_drawdown_pct": 10.439962312543184,
    "sharpe": 13.692179352543222,
    "win_rate_pct": 56.14035087719298,
    "profit_factor": 2.054163470751543
  },
  "win001_tr20100701-20150630_te20150701-20150930_va20151001-20151231": {
    "cumulative_return_pct": -37.772244152531606,
    "annualized_return_pct": -85.41457916433626,
    "max_drawdown_pct": 68.14052037656052,
    "sharpe": -0.6351813974530031,
    "win_rate_pct": 58.730158730158735,
    "profit_factor": 0.8351123885462712
  },
  "win002_tr20110101-20151231_te20160101-20160331_va20160401-20160630": {
    "cumulative_return_pct": -22.905829749847133,
    "annualized_return_pct": -66.45056177424567,
    "max_drawdown_pct": 32.111991892215094,
    "sharpe": -0.8233738140200012,
    "win_rate_pct": 49.152542372881356,
    "profit_factor": 0.8040455441949059
  },
  "win003_tr20110701-20160630_te20160701-20160930_va20161001-20161231": {
    "cumulative_return_pct": -25.03646845383864,
    "annualized_return_pct": -69.7617571935014,
    "max_drawdown_pct": 41.912870940785325,
    "sharpe": -1.2206831529383726,
    "win_rate_pct": 41.269841269841265,
    "profit_factor": 0.7277692625925588
  },
  "win004_tr20120101-20161231_te20170101-20170331_va20170401-20170630": {
    "cumulative_return_pct": 50.003540197984684,
    "annualized_return_pct": 448.68452791367366,
    "max_drawdown_pct": 16.586590558205266,
    "sharpe": 8.964269523001066,
    "win_rate_pct": 57.6271186440678,
    "profit_factor": 1.8526368747038309
  },
  "win005_tr20120701-20170630_te20170701-20170930_va20171001-20171231": {
    "cumulative_return_pct": -9.265668670644635,
    "annualized_return_pct": -33.20740371955995,
    "max_drawdown_pct": 20.172681255013185,
    "sharpe": -0.9006259204656282,
    "win_rate_pct": 47.69230769230769,
    "profit_factor": 0.8420730213511706
  },
  "win006_tr20130101-20171231_te20180101-20180331_va20180401-20180630": {
    "cumulative_return_pct": 4.336828596972336,
    "annualized_return_pct": 19.510555417347362,
    "max_drawdown_pct": 33.820227559871974,
    "sharpe": 0.19838221268371442,
    "win_rate_pct": 49.152542372881356,
    "profit_factor": 1.0456737608623905
  },
  "win007_tr20130701-20180630_te20180701-20180930_va20181001-20181231": {
    "cumulative_return_pct": -47.740651559523826,
    "annualized_return_pct": -93.23573789654102,
    "max_drawdown_pct": 55.11305834093838,
    "sharpe": -1.5455619277084,
    "win_rate_pct": 45.3125,
    "profit_factor": 0.5629360173719057
  },
  "win008_tr20140101-20181231_te20190101-20190331_va20190401-20190630": {
    "cumulative_return_pct": -27.774914627740078,
    "annualized_return_pct": -74.89067361420373,
    "max_drawdown_pct": 53.18390881831782,
    "sharpe": -0.8293873765848804,
    "win_rate_pct": 46.55172413793103,
    "profit_factor": 0.818640226013497
  },
  "win009_tr20140701-20190630_te20190701-20190930_va20191001-20191231": {
    "cumulative_return_pct": 11.040991206304753,
    "annualized_return_pct": 52.96304261810434,
    "max_drawdown_pct": 39.294172465740594,
    "sharpe": 0.6323793732084396,
    "win_rate_pct": 43.75,
    "profit_factor": 1.1109607752452515
  },
  "win010_tr20150101-20191231_te20200101-20200331_va20200401-20200630": {
    "cumulative_return_pct": 11.467372761593852,
    "annualized_return_pct": 56.13175791093159,
    "max_drawdown_pct": 36.30717594694241,
    "sharpe": 0.4915317174964871,
    "win_rate_pct": 51.724137931034484,
    "profit_factor": 1.0782337357216483
  },
  "win011_tr20150701-20200630_te20200701-20200930_va20201001-20201231": {
    "cumulative_return_pct": -79.06227550196725,
    "annualized_return_pct": -99.82456934818195,
    "max_drawdown_pct": 84.15918771041095,
    "sharpe": -0.792488057435603,
    "win_rate_pct": 35.38461538461539,
    "profit_factor": 0.46945863135550997
  },
  "win012_tr20160101-20201231_te20210101-20210331_va20210401-20210630": {
    "cumulative_return_pct": -11.224472633225798,
    "annualized_return_pct": -39.68898061215451,
    "max_drawdown_pct": 63.35912436378681,
    "sharpe": -0.3241528687189802,
    "win_rate_pct": 48.275862068965516,
    "profit_factor": 0.9581504805736956
  },
  "win013_tr20160701-20210630_te20210701-20210930_va20211001-20211231": {
    "cumulative_return_pct": -25.923346575388578,
    "annualized_return_pct": -70.41146282669793,
    "max_drawdown_pct": 50.7698590850853,
    "sharpe": -0.8052948515778595,
    "win_rate_pct": 42.857142857142854,
    "profit_factor": 0.7752620720957895
  },
  "win014_tr20170101-20211231_te20220101-20220331_va20220401-20220630": {
    "cumulative_return_pct": 15.33874175083849,
    "annualized_return_pct": 83.32195459376767,
    "max_drawdown_pct": 29.06300065503255,
    "sharpe": 0.9830278374128367,
    "win_rate_pct": 48.275862068965516,
    "profit_factor": 1.1677801947631419
  },
  "win015_tr20170701-20220630_te20220701-20220930_va20221001-20221231": {
    "cumulative_return_pct": 3.6941782888221906,
    "annualized_return_pct": 16.24910160874733,
    "max_drawdown_pct": 35.53867240082466,
    "sharpe": 0.15500311171762907,
    "win_rate_pct": 45.3125,
    "profit_factor": 1.025664926753269
  },
  "win016_tr20180101-20221231_te20230101-20230331_va20230401-20230630": {
    "cumulative_return_pct": 16.677112125495704,
    "annualized_return_pct": 91.08400145434096,
    "max_drawdown_pct": 27.519520363949333,
    "sharpe": 1.1715765851598583,
    "win_rate_pct": 52.54237288135594,
    "profit_factor": 1.157786634815649
  },
  "win017_tr20180701-20230630_te20230701-20230930_va20231001-20231231": {
    "cumulative_return_pct": 22.69483987463517,
    "annualized_return_pct": 136.00288039293324,
    "max_drawdown_pct": 14.271017556296192,
    "sharpe": 2.52262060286041,
    "win_rate_pct": 46.875,
    "profit_factor": 1.3009979969214147
  },
  "win018_tr20190101-20231231_te20240101-20240331_va20240401-20240630": {
    "cumulative_return_pct": -20.520393251090972,
    "annualized_return_pct": -61.871830703165074,
    "max_drawdown_pct": 44.68237704747459,
    "sharpe": -0.9449934915129702,
    "win_rate_pct": 41.37931034482759,
    "profit_factor": 0.7493829205194898
  },
  "win019_tr20190701-20240630_te20240701-20240930_va20241001-20241231": {
    "cumulative_return_pct": 238.826603395739,
    "annualized_return_pct": 14052.24580250058,
    "max_drawdown_pct": 42.20091629282186,
    "sharpe": 88.93408308032693,
    "win_rate_pct": 46.03174603174603,
    "profit_factor": 1.6848505048287385
  },
  "win020_tr20200101-20241231_te20250101-20250331_va20250401-20250630": {
    "cumulative_return_pct": -15.819001522330126,
    "annualized_return_pct": -51.067668477336085,
    "max_drawdown_pct": 22.588852269121215,
    "sharpe": -0.9740304208486836,
    "win_rate_pct": 45.614035087719294,
    "profit_factor": 0.7902120988658926
  },
  "win021_tr20200701-20250630_te20250701-20250930_va20251001-20251231": {
    "cumulative_return_pct": -12.691566956784776,
    "annualized_return_pct": -42.35171568301196,
    "max_drawdown_pct": 18.884812643273712,
    "sharpe": -0.9979550542138235,
    "win_rate_pct": 44.61538461538462,
    "profit_factor": 0.8287012861143809
  }
}