{
  "size": 6,
  "models": "DLinear,FiLM,LightTS,PatchTST,WPMixer,iTransformer",
  "num_windows": 22,
  "mean_test_cumulative_return_pct": -15.05876351786759,
  "std_test_cumulative_return_pct": 49.92549268809903,
  "min_test_cumulative_return_pct": -74.7605599462407,
  "max_test_cumulative_return_pct": 124.11492403924382,
  "mean_test_annualized_return_pct": 151.34406282170596,
  "mean_test_max_drawdown_pct": 42.03807152702277,
  "mean_test_sharpe": 1.556668705119369,
  "mean_test_win_rate_pct": 45.168834542407055,
  "mean_test_profit_factor": 0.8811022204587917
}