{
  "win000_tr20100101-20141231_te20150101-20150331_va20150401-20150630": {
    "cumulative_return_pct": 42.609499751837696,
    "annualized_return_pct": 359.6052542688456,
    "max_drawdown_pct": 16.228332665162483,
    "sharpe": 5.478425477457289,
    "win_rate_pct": 56.14035087719298,
    "profit_factor": 1.5449296029297024
  },
  "win001_tr20100701-20150630_te20150701-20150930_va20151001-20151231": {
    "cumulative_return_pct": -74.7605599462407,
    "annualized_return_pct": -99.62551003940456,
    "max_drawdown_pct": 76.65783021842294,
    "sharpe": -0.7494761350695551,
    "win_rate_pct": 49.2063492063492,
    "profit_factor": 0.6375048396552095
  },
  "win002_tr20110101-20151231_te20160101-20160331_va20160401-20160630": {
    "cumulative_return_pct": -50.77432302751084,
    "annualized_return_pct": -94.89805428620878,
    "max_drawdown_pct": 48.77739982352401,
    "sharpe": -1.0546811118989787,
    "win_rate_pct": 47.45762711864407,
    "profit_factor": 0.5492772115320083
  },
  "win003_tr20110701-20160630_te20160701-20160930_va20161001-20161231": {
    "cumulative_return_pct": 2.099483947815874,
    "annualized_return_pct": 9.006613342459868,
    "max_drawdown_pct": 36.85326365724674,
    "sharpe": 0.08290851449788819,
    "win_rate_pct": 49.2063492063492,
    "profit_factor": 1.0219680082929687
  },
  "win004_tr20120101-20161231_te20170101-20170331_va20170401-20170630": {
    "cumulative_return_pct": -7.387224546929333,
    "annualized_return_pct": -27.54385200089856,
    "max_drawdown_pct": 24.534216991709357,
    "sharpe": -0.5061403312310114,
    "win_rate_pct": 54.23728813559322,
    "profit_factor": 0.903974320598476
  },
  "win005_tr20120701-20170630_te20170701-20170930_va20171001-20171231": {
    "cumulative_return_pct": -19.1926243692262,
    "annualized_return_pct": -58.70769984100973,
    "max_drawdown_pct": 28.3219960755707,
    "sharpe": -1.1588450969084958,
    "win_rate_pct": 44.61538461538462,
    "profit_factor": 0.7484128089119471
  },
  "win006_tr20130101-20171231_te20180101-20180331_va20180401-20180630": {
    "cumulative_return_pct": -38.147876212890154,
    "annualized_return_pct": -86.69395088294904,
    "max_drawdown_pct": 57.29122833873871,
    "sharpe": -0.9775601373599389,
    "win_rate_pct": 45.76271186440678,
    "profit_factor": 0.6626671485175616
  },
  "win007_tr20130701-20180630_te20180701-20180930_va20181001-20181231": {
    "cumulative_return_pct": -71.78740432287955,
    "annualized_return_pct": -99.47636774804815,
    "max_drawdown_pct": 72.15008049189973,
    "sharpe": -1.381736120743782,
    "win_rate_pct": 26.5625,
    "profit_factor": 0.32378800110172673
  },
  "win008_tr20140101-20181231_te20190101-20190331_va20190401-20190630": {
    "cumulative_return_pct": 75.00618176348324,
    "annualized_return_pct": 977.1355389413657,
    "max_drawdown_pct": 28.793554754354723,
    "sharpe": 9.41767315218908,
    "win_rate_pct": 53.44827586206896,
    "profit_factor": 1.614446484795791
  },
  "win009_tr20140701-20190630_te20190701-20190930_va20191001-20191231": {
    "cumulative_return_pct": 68.73124918940479,
    "annualized_return_pct": 735.6706690738914,
    "max_drawdown_pct": 12.814964287006914,
    "sharpe": 9.999178477437212,
    "win_rate_pct": 53.125,
    "profit_factor": 1.712386942988704
  },
  "win010_tr20150101-20191231_te20200101-20200331_va20200401-20200630": {
    "cumulative_return_pct": -17.529472367066077,
    "annualized_return_pct": -54.65850791647178,
    "max_drawdown_pct": 54.06077710900771,
    "sharpe": -0.5426356834971748,
    "win_rate_pct": 43.103448275862064,
    "profit_factor": 0.9049523923522019
  },
  "win011_tr20150701-20200630_te20200701-20200930_va20201001-20201231": {
    "cumulative_return_pct": -58.57154518392645,
    "annualized_return_pct": -97.20185187245862,
    "max_drawdown_pct": 61.676125325472185,
    "sharpe": -1.2568005187859992,
    "win_rate_pct": 38.46153846153847,
    "profit_factor": 0.5240147172120404
  },
  "win012_tr20160101-20201231_te20210101-20210331_va20210401-20210630": {
    "cumulative_return_pct": -31.277854205209927,
    "annualized_return_pct": -79.67013100323884,
    "max_drawdown_pct": 53.62065143424128,
    "sharpe": -0.9387870253599635,
    "win_rate_pct": 43.103448275862064,
    "profit_factor": 0.6940559126161648
  },
  "win013_tr20160701-20210630_te20210701-20210930_va20211001-20211231": {
    "cumulative_return_pct": -72.85912839698618,
    "annualized_return_pct": -99.49712904782527,
    "max_drawdown_pct": 76.5585105793391,
    "sharpe": -0.9640126400871587,
    "win_rate_pct": 33.33333333333333,
    "profit_factor": 0.4716951202455128
  },
  "win014_tr20170101-20211231_te20220101-20220331_va20220401-20220630": {
    "cumulative_return_pct": -18.119929215860765,
    "annualized_return_pct": -57.21812849238841,
    "max_drawdown_pct": 32.86795768833038,
    "sharpe": -0.7379854538842839,
    "win_rate_pct": 51.724137931034484,
    "profit_factor": 0.8292236402810613
  },
  "win015_tr20170701-20220630_te20220701-20220930_va20221001-20221231": {
    "cumulative_return_pct": -58.75650691385583,
    "annualized_return_pct": -97.4677502924388,
    "max_drawdown_pct": 60.554074118309664,
    "sharpe": -1.2569188107008464,
    "win_rate_pct": 40.625,
    "profit_factor": 0.4816425808081041
  },
  "win016_tr20180101-20221231_te20230101-20230331_va20230401-20230630": {
    "cumulative_return_pct": -21.95084696339766,
    "annualized_return_pct": -64.67094755721115,
    "max_drawdown_pct": 34.26614979197649,
    "sharpe": -0.9826573365463398,
    "win_rate_pct": 38.983050847457626,
    "profit_factor": 0.7828598136230988
  },
  "win017_tr20180701-20230630_te20230701-20230930_va20231001-20231231": {
    "cumulative_return_pct": -17.251565092231903,
    "annualized_return_pct": -54.84218661653881,
    "max_drawdown_pct": 25.498115112086644,
    "sharpe": -0.8746769964882287,
    "win_rate_pct": 53.125,
    "profit_factor": 0.813728938076754
  },
  "win018_tr20190101-20231231_te20240101-20240331_va20240401-20240630": {
    "cumulative_return_pct": -26.09145935850112,
    "annualized_return_pct": -71.89757340777587,
    "max_drawdown_pct": 27.970739612832237,
    "sharpe": -1.2234969729260476,
    "win_rate_pct": 46.55172413793103,
    "profit_factor": 0.6886920214739486
  },
  "win019_tr20190701-20240630_te20240701-20240930_va20241001-20241231": {
    "cumulative_return_pct": 124.11492403924382,
    "annualized_return_pct": 2544.4005518441304,
    "max_drawdown_pct": 32.59808689988633,
    "sharpe": 26.292051113871985,
    "win_rate_pct": 49.2063492063492,
    "profit_factor": 2.1229600924545924
  },
  "win020_tr20200101-20241231_te20250101-20250331_va20250401-20250630": {
    "cumulative_return_pct": -33.044057837249404,
    "annualized_return_pct": -81.07979282620055,
    "max_drawdown_pct": 35.79356091524974,
    "sharpe": -1.4200154616922436,
    "win_rate_pct": 40.35087719298245,
    "profit_factor": 0.6114911442685987
  },
  "win021_tr20200701-20250630_te20250701-20250930_va20251001-20251231": {
    "cumulative_return_pct": -26.351758124910297,
    "annualized_return_pct": -71.09981156209513,
    "max_drawdown_pct": 26.949957704132903,
    "sharpe": -0.9970993896472866,
    "win_rate_pct": 35.38461538461539,
    "profit_factor": 0.739577107357246
  }
}