{
  "size": 2,
  "models": "LightTS,iTransformer",
  "num_windows": 22,
  "mean_test_cumulative_return_pct": 9.249868314206605,
  "std_test_cumulative_return_pct": 108.02512206460673,
  "min_test_cumulative_return_pct": -66.61890010859116,
  "max_test_cumulative_return_pct": 480.08994066182265,
  "mean_test_annualized_return_pct": 5729.908328301561,
  "mean_test_max_drawdown_pct": 40.2329850511453,
  "mean_test_sharpe": 33.54546780834897,
  "mean_test_win_rate_pct": 46.86313211119323,
  "mean_test_profit_factor": 0.9485987713238518
}