{
  "win000_tr20100101-20141231_te20150101-20150331_va20150401-20150630": {
    "cumulative_return_pct": 26.62982845788114,
    "annualized_return_pct": 175.8057418197399,
    "max_drawdown_pct": 13.597033273629537,
    "sharpe": 3.244872207154685,
    "win_rate_pct": 59.64912280701754,
    "profit_factor": 1.3665931434211782
  },
  "win001_tr20100701-20150630_te20150701-20150930_va20151001-20151231": {
    "cumulative_return_pct": -1.0210401248790442,
    "annualized_return_pct": -4.07947558836228,
    "max_drawdown_pct": 61.955791735255936,
    "sharpe": -0.0520315477720017,
    "win_rate_pct": 55.55555555555556,
    "profit_factor": 0.9961626399475167
  },
  "win002_tr20110101-20151231_te20160101-20160331_va20160401-20160630": {
    "cumulative_return_pct": 54.316387631927434,
    "annualized_return_pct": 518.024589788801,
    "max_drawdown_pct": 27.76676168984539,
    "sharpe": 6.3284108146659275,
    "win_rate_pct": 62.71186440677966,
    "profit_factor": 1.428964355370688
  },
  "win003_tr20110701-20160630_te20160701-20160930_va20161001-20161231": {
    "cumulative_return_pct": 34.66219684397492,
    "annualized_return_pct": 243.90862672504176,
    "max_drawdown_pct": 19.239315185851193,
    "sharpe": 3.4588595813944645,
    "win_rate_pct": 58.730158730158735,
    "profit_factor": 1.3141673555749698
  },
  "win004_tr20120101-20161231_te20170101-20170331_va20170401-20170630": {
    "cumulative_return_pct": 2.4339480222600045,
    "annualized_return_pct": 10.62325224795535,
    "max_drawdown_pct": 19.00000044573238,
    "sharpe": 0.11708696357118847,
    "win_rate_pct": 45.76271186440678,
    "profit_factor": 1.0298674919733601
  },
  "win005_tr20120701-20170630_te20170701-20170930_va20171001-20171231": {
    "cumulative_return_pct": -39.361727864721175,
    "annualized_return_pct": -87.46062604441502,
    "max_drawdown_pct": 40.50505005884181,
    "sharpe": -1.4353916840527312,
    "win_rate_pct": 49.23076923076923,
    "profit_factor": 0.5571646088514295
  },
  "win006_tr20130101-20171231_te20180101-20180331_va20180401-20180630": {
    "cumulative_return_pct": -35.29141456896345,
    "annualized_return_pct": -83.91704181183101,
    "max_drawdown_pct": 46.19017325817186,
    "sharpe": -1.1353544538995666,
    "win_rate_pct": 44.06779661016949,
    "profit_factor": 0.6016381237580464
  },
  "win007_tr20130701-20180630_te20180701-20180930_va20181001-20181231": {
    "cumulative_return_pct": -18.401450394780795,
    "annualized_return_pct": -57.00361501718702,
    "max_drawdown_pct": 48.1792060139679,
    "sharpe": -0.6498640843028077,
    "win_rate_pct": 43.75,
    "profit_factor": 0.877104604406946
  },
  "win008_tr20140101-20181231_te20190101-20190331_va20190401-20190630": {
    "cumulative_return_pct": 6.732203001823998,
    "annualized_return_pct": 31.878351067916544,
    "max_drawdown_pct": 31.06492429233195,
    "sharpe": 0.31275255645918676,
    "win_rate_pct": 56.896551724137936,
    "profit_factor": 1.05621429321788
  },
  "win009_tr20140701-20190630_te20190701-20190930_va20191001-20191231": {
    "cumulative_return_pct": -19.38137813682016,
    "annualized_return_pct": -58.28583616417509,
    "max_drawdown_pct": 36.02539083890577,
    "sharpe": -0.797720243506982,
    "win_rate_pct": 40.625,
    "profit_factor": 0.8144278213259954
  },
  "win010_tr20150101-20191231_te20200101-20200331_va20200401-20200630": {
    "cumulative_return_pct": -45.32072884898561,
    "annualized_return_pct": -91.60458622802395,
    "max_drawdown_pct": 56.96674077978558,
    "sharpe": -0.8184269693137715,
    "win_rate_pct": 41.37931034482759,
    "profit_factor": 0.7515080381587768
  },
  "win011_tr20150701-20200630_te20200701-20200930_va20201001-20201231": {
    "cumulative_return_pct": -66.61890010859116,
    "annualized_return_pct": -98.83531958202981,
    "max_drawdown_pct": 73.99885120595813,
    "sharpe": -0.8326393819332484,
    "win_rate_pct": 33.84615384615385,
    "profit_factor": 0.6078347245312544
  },
  "win012_tr20160101-20201231_te20210101-20210331_va20210401-20210630": {
    "cumulative_return_pct": -10.669965050032177,
    "annualized_return_pct": -38.072743445796675,
    "max_drawdown_pct": 47.63828502957637,
    "sharpe": -0.4175020829160119,
    "win_rate_pct": 48.275862068965516,
    "profit_factor": 0.9301875757444064
  },
  "win013_tr20160701-20210630_te20210701-20210930_va20211001-20211231": {
    "cumulative_return_pct": -41.2951854628079,
    "annualized_return_pct": -88.48667276670245,
    "max_drawdown_pct": 57.191164164811184,
    "sharpe": -0.9424817796951048,
    "win_rate_pct": 39.682539682539684,
    "profit_factor": 0.6968816516862596
  },
  "win014_tr20170101-20211231_te20220101-20220331_va20220401-20220630": {
    "cumulative_return_pct": -48.043336173698535,
    "annualized_return_pct": -93.80128075904554,
    "max_drawdown_pct": 52.87566897325281,
    "sharpe": -1.1630572443425253,
    "win_rate_pct": 41.37931034482759,
    "profit_factor": 0.627033714141362
  },
  "win015_tr20170701-20220630_te20220701-20220930_va20221001-20221231": {
    "cumulative_return_pct": -26.725372465281993,
    "annualized_return_pct": -72.49062077887105,
    "max_drawdown_pct": 32.903298090664904,
    "sharpe": -0.9457364121299688,
    "win_rate_pct": 35.9375,
    "profit_factor": 0.772635292853866
  },
  "win016_tr20180101-20221231_te20230101-20230331_va20230401-20230630": {
    "cumulative_return_pct": 68.00853206403916,
    "annualized_return_pct": 783.0862329529231,
    "max_drawdown_pct": 30.68633608122625,
    "sharpe": 8.976966624911244,
    "win_rate_pct": 52.54237288135594,
    "profit_factor": 1.6947986492162015
  },
  "win017_tr20180701-20230630_te20230701-20230930_va20231001-20231231": {
    "cumulative_return_pct": -39.58190418333702,
    "annualized_return_pct": -87.94190116386602,
    "max_drawdown_pct": 44.747845266355476,
    "sharpe": -1.5229877443632018,
    "win_rate_pct": 40.625,
    "profit_factor": 0.5803308309920918
  },
  "win018_tr20190101-20231231_te20240101-20240331_va20240401-20240630": {
    "cumulative_return_pct": -28.733472518495507,
    "annualized_return_pct": -75.88023028793597,
    "max_drawdown_pct": 35.468542383672656,
    "sharpe": -0.8845704241656203,
    "win_rate_pct": 46.55172413793103,
    "profit_factor": 0.7631654700130125
  },
  "win019_tr20190701-20240630_te20240701-20240930_va20241001-20241231": {
    "cumulative_return_pct": 480.08994066182265,
    "annualized_return_pct": 125363.83710183027,
    "max_drawdown_pct": 42.140716044476434,
    "sharpe": 728.7834408490804,
    "win_rate_pct": 50.79365079365079,
    "profit_factor": 1.9050416096229046
  },
  "win020_tr20200101-20241231_te20250101-20250331_va20250401-20250630": {
    "cumulative_return_pct": -33.2097091012385,
    "annualized_return_pct": -81.27332188950686,
    "max_drawdown_pct": 38.56461668841193,
    "sharpe": -0.9355670384855496,
    "win_rate_pct": 36.84210526315789,
    "profit_factor": 0.6723074257091156
  },
  "win021_tr20200701-20250630_te20250701-20250930_va20251001-20251231": {
    "cumulative_return_pct": -15.7203487685509,
    "annualized_return_pct": -50.04740227055508,
    "max_drawdown_pct": 28.41995962447109,
    "sharpe": -0.6887667226807755,
    "win_rate_pct": 46.15384615384615,
    "profit_factor": 0.825143548607475
  }
}