{
  "size": 5,
  "models": "DLinear,LightTS,TimeMixer,WPMixer,iTransformer",
  "num_windows": 22,
  "mean_test_cumulative_return_pct": -16.91479104515776,
  "std_test_cumulative_return_pct": 38.649330960894986,
  "min_test_cumulative_return_pct": -63.697360727050665,
  "max_test_cumulative_return_pct": 88.64128027569042,
  "mean_test_annualized_return_pct": 48.18305281188804,
  "mean_test_max_drawdown_pct": 40.15110780241623,
  "mean_test_sharpe": 0.5102639029822161,
  "mean_test_win_rate_pct": 44.96433303835197,
  "mean_test_profit_factor": 0.8524967256102983
}