{
  "win000_tr20100101-20141231_te20150101-20150331_va20150401-20150630": {
    "cumulative_return_pct": 47.22364882564037,
    "annualized_return_pct": 426.9986833818674,
    "max_drawdown_pct": 8.679567249681043,
    "sharpe": 7.115355811848314,
    "win_rate_pct": 57.89473684210527,
    "profit_factor": 1.682967776617202
  },
  "win001_tr20100701-20150630_te20150701-20150930_va20151001-20151231": {
    "cumulative_return_pct": -60.44916510948397,
    "annualized_return_pct": -97.68194696021388,
    "max_drawdown_pct": 64.82193621132832,
    "sharpe": -0.7034023518625989,
    "win_rate_pct": 47.61904761904761,
    "profit_factor": 0.700731223780294
  },
  "win002_tr20110101-20151231_te20160101-20160331_va20160401-20160630": {
    "cumulative_return_pct": -37.87974581855809,
    "annualized_return_pct": -86.45010169884533,
    "max_drawdown_pct": 40.87908515794197,
    "sharpe": -1.0710068294542108,
    "win_rate_pct": 52.54237288135594,
    "profit_factor": 0.6497791925313756
  },
  "win003_tr20110701-20160630_te20160701-20160930_va20161001-20161231": {
    "cumulative_return_pct": 14.613860727858729,
    "annualized_return_pct": 76.14397635382062,
    "max_drawdown_pct": 28.800797019978912,
    "sharpe": 0.8748384416659896,
    "win_rate_pct": 47.61904761904761,
    "profit_factor": 1.1247130055341008
  },
  "win004_tr20120101-20161231_te20170101-20170331_va20170401-20170630": {
    "cumulative_return_pct": -17.672950216209458,
    "annualized_return_pct": -55.799789541014675,
    "max_drawdown_pct": 25.912319725901018,
    "sharpe": -1.1440180275338114,
    "win_rate_pct": 50.847457627118644,
    "profit_factor": 0.7498180391156822
  },
  "win005_tr20120701-20170630_te20170701-20170930_va20171001-20171231": {
    "cumulative_return_pct": -39.27828577204143,
    "annualized_return_pct": -87.388852713703,
    "max_drawdown_pct": 42.96459019280072,
    "sharpe": -1.9308811636101781,
    "win_rate_pct": 44.61538461538462,
    "profit_factor": 0.4387238140521823
  },
  "win006_tr20130101-20171231_te20180101-20180331_va20180401-20180630": {
    "cumulative_return_pct": -5.347754839749622,
    "annualized_return_pct": -20.605390445582817,
    "max_drawdown_pct": 34.99462844105708,
    "sharpe": -0.26209827866803154,
    "win_rate_pct": 50.847457627118644,
    "profit_factor": 0.9446002323611278
  },
  "win007_tr20130701-20180630_te20180701-20180930_va20181001-20181231": {
    "cumulative_return_pct": -53.718009034190054,
    "annualized_return_pct": -95.91426842303933,
    "max_drawdown_pct": 59.2779037795489,
    "sharpe": -1.3708146149211016,
    "win_rate_pct": 39.0625,
    "profit_factor": 0.5333312299403936
  },
  "win008_tr20140101-20181231_te20190101-20190331_va20190401-20190630": {
    "cumulative_return_pct": -14.909008546303399,
    "annualized_return_pct": -49.62569601768262,
    "max_drawdown_pct": 43.01210526723296,
    "sharpe": -0.46478838061739386,
    "win_rate_pct": 44.827586206896555,
    "profit_factor": 0.8981974517127981
  },
  "win009_tr20140701-20190630_te20190701-20190930_va20191001-20191231": {
    "cumulative_return_pct": -13.330478135008109,
    "annualized_return_pct": -44.0447110536167,
    "max_drawdown_pct": 30.317788225218266,
    "sharpe": -0.8168310189497169,
    "win_rate_pct": 46.875,
    "profit_factor": 0.8451361305919443
  },
  "win010_tr20150101-20191231_te20200101-20200331_va20200401-20200630": {
    "cumulative_return_pct": -52.78301622182659,
    "annualized_return_pct": -95.40250620767033,
    "max_drawdown_pct": 62.47446455379904,
    "sharpe": -0.9936085885579354,
    "win_rate_pct": 41.37931034482759,
    "profit_factor": 0.666512636806028
  },
  "win011_tr20150701-20200630_te20200701-20200930_va20201001-20201231": {
    "cumulative_return_pct": -12.501550737897658,
    "annualized_return_pct": -41.84084181975618,
    "max_drawdown_pct": 27.79334306031538,
    "sharpe": -0.7907418690744188,
    "win_rate_pct": 49.23076923076923,
    "profit_factor": 0.8662336479659655
  },
  "win012_tr20160101-20201231_te20210101-20210331_va20210401-20210630": {
    "cumulative_return_pct": -49.894803852703895,
    "annualized_return_pct": -94.68657944005969,
    "max_drawdown_pct": 61.84092485472971,
    "sharpe": -1.0946430935486646,
    "win_rate_pct": 34.48275862068966,
    "profit_factor": 0.5454000076618052
  },
  "win013_tr20160701-20210630_te20210701-20210930_va20211001-20211231": {
    "cumulative_return_pct": -63.697360727050665,
    "annualized_return_pct": -98.36287240349421,
    "max_drawdown_pct": 70.410041164197,
    "sharpe": -0.907284358818676,
    "win_rate_pct": 39.682539682539684,
    "profit_factor": 0.5627083695315054
  },
  "win014_tr20170101-20211231_te20220101-20220331_va20220401-20220630": {
    "cumulative_return_pct": -37.21807805165247,
    "annualized_return_pct": -86.1520729062735,
    "max_drawdown_pct": 44.63919340446315,
    "sharpe": -1.420041784562925,
    "win_rate_pct": 44.827586206896555,
    "profit_factor": 0.552985861836699
  },
  "win015_tr20170701-20220630_te20220701-20220930_va20221001-20221231": {
    "cumulative_return_pct": -22.88908995983993,
    "annualized_return_pct": -66.00096818900856,
    "max_drawdown_pct": 30.892697200082473,
    "sharpe": -0.952810437174754,
    "win_rate_pct": 39.0625,
    "profit_factor": 0.8112439296312747
  },
  "win016_tr20180101-20221231_te20230101-20230331_va20230401-20230630": {
    "cumulative_return_pct": -53.331597931970755,
    "annualized_return_pct": -95.92181465511126,
    "max_drawdown_pct": 55.18629865073541,
    "sharpe": -1.61780243560371,
    "win_rate_pct": 33.89830508474576,
    "profit_factor": 0.39530717427316325
  },
  "win017_tr20180701-20230630_te20230701-20230930_va20231001-20231231": {
    "cumulative_return_pct": -22.285295712838984,
    "annualized_return_pct": -65.3021773748939,
    "max_drawdown_pct": 28.28406622329415,
    "sharpe": -0.886234446567489,
    "win_rate_pct": 39.0625,
    "profit_factor": 0.7913311241634396
  },
  "win018_tr20190101-20231231_te20240101-20240331_va20240401-20240630": {
    "cumulative_return_pct": 59.2650537885746,
    "annualized_return_pct": 605.598396819103,
    "max_drawdown_pct": 35.40689316939837,
    "sharpe": 6.240014868658871,
    "win_rate_pct": 46.55172413793103,
    "profit_factor": 1.5037927104499202
  },
  "win019_tr20190701-20240630_te20240701-20240930_va20241001-20241231": {
    "cumulative_return_pct": 88.64128027569042,
    "annualized_return_pct": 1214.0919368883042,
    "max_drawdown_pct": 31.782069594436518,
    "sharpe": 14.442519195678116,
    "win_rate_pct": 53.96825396825397,
    "profit_factor": 1.7093959915959016
  },
  "win020_tr20200101-20241231_te20250101-20250331_va20250401-20250630": {
    "cumulative_return_pct": -16.925515116841684,
    "annualized_return_pct": -53.68250964753788,
    "max_drawdown_pct": 27.249693482825865,
    "sharpe": -0.5873284800188131,
    "win_rate_pct": 35.08771929824561,
    "profit_factor": 0.8583589483534927
  },
  "win021_tr20200701-20250630_te20250701-20250930_va20251001-20251231": {
    "cumulative_return_pct": -7.757540827068081,
    "annualized_return_pct": -27.942732084054466,
    "max_drawdown_pct": 27.703965024190786,
    "sharpe": -0.4325862926981059,
    "win_rate_pct": 49.23076923076923,
    "profit_factor": 0.923659464920266
  }
}