{
  "win000_tr20100101-20141231_te20150101-20150331_va20150401-20150630": {
    "cumulative_return_pct": 7.155109487288631,
    "annualized_return_pct": 34.57584940167266,
    "max_drawdown_pct": 37.15165628984942,
    "sharpe": 0.44335736640573975,
    "win_rate_pct": 50.877192982456144,
    "profit_factor": 1.0963628835491184
  },
  "win001_tr20100701-20150630_te20150701-20150930_va20151001-20151231": {
    "cumulative_return_pct": -40.562779818729744,
    "annualized_return_pct": -87.89251227487422,
    "max_drawdown_pct": 61.27828269634795,
    "sharpe": -0.5612760921278921,
    "win_rate_pct": 50.79365079365079,
    "profit_factor": 0.8137175576877506
  },
  "win002_tr20110101-20151231_te20160101-20160331_va20160401-20160630": {
    "cumulative_return_pct": -59.23157831383258,
    "annualized_return_pct": -97.6877636260472,
    "max_drawdown_pct": 61.25316468250326,
    "sharpe": -1.1435977825345407,
    "win_rate_pct": 44.06779661016949,
    "profit_factor": 0.424559363258048
  },
  "win003_tr20110701-20160630_te20160701-20160930_va20161001-20161231": {
    "cumulative_return_pct": -36.700190671405,
    "annualized_return_pct": -85.0132615478134,
    "max_drawdown_pct": 49.62336075854172,
    "sharpe": -1.256968477451766,
    "win_rate_pct": 38.095238095238095,
    "profit_factor": 0.6261661722438968
  },
  "win004_tr20120101-20161231_te20170101-20170331_va20170401-20170630": {
    "cumulative_return_pct": -46.803749985761215,
    "annualized_return_pct": -92.93401198441799,
    "max_drawdown_pct": 56.33346045330324,
    "sharpe": -1.2610925764961665,
    "win_rate_pct": 45.76271186440678,
    "profit_factor": 0.45714268350476733
  },
  "win005_tr20120701-20170630_te20170701-20170930_va20171001-20171231": {
    "cumulative_return_pct": -48.09246011007665,
    "annualized_return_pct": -93.42274694123861,
    "max_drawdown_pct": 53.9045829475683,
    "sharpe": -1.5926495776094722,
    "win_rate_pct": 35.38461538461539,
    "profit_factor": 0.45322970769670134
  },
  "win006_tr20130101-20171231_te20180101-20180331_va20180401-20180630": {
    "cumulative_return_pct": 58.35131595936874,
    "annualized_return_pct": 588.7583351063623,
    "max_drawdown_pct": 33.95796764896784,
    "sharpe": 5.888791750465835,
    "win_rate_pct": 50.847457627118644,
    "profit_factor": 1.551891819962232
  },
  "win007_tr20130701-20180630_te20180701-20180930_va20181001-20181231": {
    "cumulative_return_pct": -66.46318785369957,
    "annualized_return_pct": -98.92688617564225,
    "max_drawdown_pct": 68.45134623420941,
    "sharpe": -1.4085525345577121,
    "win_rate_pct": 35.9375,
    "profit_factor": 0.3613957022483608
  },
  "win008_tr20140101-20181231_te20190101-20190331_va20190401-20190630": {
    "cumulative_return_pct": 10.42473922439206,
    "annualized_return_pct": 52.372618841136266,
    "max_drawdown_pct": 45.02351768969308,
    "sharpe": 0.3908875636264887,
    "win_rate_pct": 46.55172413793103,
    "profit_factor": 1.0582232174045376
  },
  "win009_tr20140701-20190630_te20190701-20190930_va20191001-20191231": {
    "cumulative_return_pct": -17.600565552313846,
    "annualized_return_pct": -54.418091629290785,
    "max_drawdown_pct": 23.635788359654995,
    "sharpe": -0.7639483390297769,
    "win_rate_pct": 50.0,
    "profit_factor": 0.8318318957655493
  },
  "win010_tr20150101-20191231_te20200101-20200331_va20200401-20200630": {
    "cumulative_return_pct": 21.25835932718208,
    "annualized_return_pct": 120.5703453167044,
    "max_drawdown_pct": 53.73134383104862,
    "sharpe": 1.0177355608813943,
    "win_rate_pct": 46.55172413793103,
    "profit_factor": 1.0831052745429912
  },
  "win011_tr20150701-20200630_te20200701-20200930_va20201001-20201231": {
    "cumulative_return_pct": -44.41908856423228,
    "annualized_return_pct": -90.77803816394746,
    "max_drawdown_pct": 54.933564668785316,
    "sharpe": -1.0757091466734836,
    "win_rate_pct": 35.38461538461539,
    "profit_factor": 0.6784451411624014
  },
  "win012_tr20160101-20201231_te20210101-20210331_va20210401-20210630": {
    "cumulative_return_pct": -16.923439181211847,
    "annualized_return_pct": -54.49933550495971,
    "max_drawdown_pct": 27.19545853573187,
    "sharpe": -0.6343120613048103,
    "win_rate_pct": 43.103448275862064,
    "profit_factor": 0.8661084138658153
  },
  "win013_tr20160701-20210630_te20210701-20210930_va20211001-20211231": {
    "cumulative_return_pct": -50.555591356339725,
    "annualized_return_pct": -94.26378284138931,
    "max_drawdown_pct": 56.85224232819361,
    "sharpe": -0.9327346786766912,
    "win_rate_pct": 42.857142857142854,
    "profit_factor": 0.6335003078096971
  },
  "win014_tr20170101-20211231_te20220101-20220331_va20220401-20220630": {
    "cumulative_return_pct": -5.268760369767481,
    "annualized_return_pct": -20.537079903641697,
    "max_drawdown_pct": 37.1957361022301,
    "sharpe": -0.2775281901856827,
    "win_rate_pct": 51.724137931034484,
    "profit_factor": 0.9511744879718809
  },
  "win015_tr20170701-20220630_te20220701-20220930_va20221001-20221231": {
    "cumulative_return_pct": -44.25221291218923,
    "annualized_return_pct": -91.15494603568936,
    "max_drawdown_pct": 51.674865591174765,
    "sharpe": -1.0164323729871683,
    "win_rate_pct": 43.75,
    "profit_factor": 0.5969460485683523
  },
  "win016_tr20180101-20221231_te20230101-20230331_va20230401-20230630": {
    "cumulative_return_pct": -43.71814202242348,
    "annualized_return_pct": -91.0468102632604,
    "max_drawdown_pct": 48.43144872280235,
    "sharpe": -1.4799617657439852,
    "win_rate_pct": 33.89830508474576,
    "profit_factor": 0.4792299944645728
  },
  "win017_tr20180701-20230630_te20230701-20230930_va20231001-20231231": {
    "cumulative_return_pct": -3.9897458749545622,
    "annualized_return_pct": -15.712244814761567,
    "max_drawdown_pct": 29.261158860391706,
    "sharpe": -0.27602820639439163,
    "win_rate_pct": 50.0,
    "profit_factor": 0.9602669329129936
  },
  "win018_tr20190101-20231231_te20240101-20240331_va20240401-20240630": {
    "cumulative_return_pct": -61.02070771276369,
    "annualized_return_pct": -98.0848268359093,
    "max_drawdown_pct": 66.32088114803132,
    "sharpe": -1.089280664852785,
    "win_rate_pct": 34.48275862068966,
    "profit_factor": 0.43255945022677134
  },
  "win019_tr20190701-20240630_te20240701-20240930_va20241001-20241231": {
    "cumulative_return_pct": 5.171473204916879,
    "annualized_return_pct": 22.706963855617545,
    "max_drawdown_pct": 44.60586320831171,
    "sharpe": 0.21584946868756216,
    "win_rate_pct": 46.03174603174603,
    "profit_factor": 1.037601267027617
  },
  "win020_tr20200101-20241231_te20250101-20250331_va20250401-20250630": {
    "cumulative_return_pct": -35.52485119266044,
    "annualized_return_pct": -83.82404367000154,
    "max_drawdown_pct": 40.407172902617376,
    "sharpe": -1.2649625034554448,
    "win_rate_pct": 36.84210526315789,
    "profit_factor": 0.5624356975163466
  },
  "win021_tr20200701-20250630_te20250701-20250930_va20251001-20251231": {
    "cumulative_return_pct": 22.528167676691666,
    "annualized_return_pct": 128.08191589156607,
    "max_drawdown_pct": 24.20610691248531,
    "sharpe": 2.1257625435431953,
    "win_rate_pct": 55.38461538461539,
    "profit_factor": 1.2003326139458248
  }
}