{
  "win000_tr20100101-20141231_te20150101-20150331_va20150401-20150630": {
    "cumulative_return_pct": 17.24031102091307,
    "annualized_return_pct": 98.07413525449735,
    "max_drawdown_pct": 19.159370859291965,
    "sharpe": 1.592309250038509,
    "win_rate_pct": 57.89473684210527,
    "profit_factor": 1.230153615745359
  },
  "win001_tr20100701-20150630_te20150701-20150930_va20151001-20151231": {
    "cumulative_return_pct": -15.934941026679239,
    "annualized_return_pct": -50.5615711981964,
    "max_drawdown_pct": 59.983652665939026,
    "sharpe": -0.40506555261706284,
    "win_rate_pct": 53.96825396825397,
    "profit_factor": 0.9403813406513221
  },
  "win002_tr20110101-20151231_te20160101-20160331_va20160401-20160630": {
    "cumulative_return_pct": -8.126580066885786,
    "annualized_return_pct": -29.941477432438155,
    "max_drawdown_pct": 30.748696031868988,
    "sharpe": -0.3739347211372584,
    "win_rate_pct": 47.45762711864407,
    "profit_factor": 0.9347097524798111
  },
  "win003_tr20110701-20160630_te20160701-20160930_va20161001-20161231": {
    "cumulative_return_pct": -13.245755103660153,
    "annualized_return_pct": -44.55383866816116,
    "max_drawdown_pct": 25.96966268259696,
    "sharpe": -0.5973582398255187,
    "win_rate_pct": 41.269841269841265,
    "profit_factor": 0.8892306408341897
  },
  "win004_tr20120101-20161231_te20170101-20170331_va20170401-20170630": {
    "cumulative_return_pct": -28.818415652782736,
    "annualized_return_pct": -76.00069475700283,
    "max_drawdown_pct": 37.00302783965341,
    "sharpe": -1.2149417019532278,
    "win_rate_pct": 45.76271186440678,
    "profit_factor": 0.7000256107654034
  },
  "win005_tr20120701-20170630_te20170701-20170930_va20171001-20171231": {
    "cumulative_return_pct": -36.4712405553336,
    "annualized_return_pct": -84.7869915476797,
    "max_drawdown_pct": 46.66606874565367,
    "sharpe": -1.841947701390765,
    "win_rate_pct": 47.69230769230769,
    "profit_factor": 0.4626177397638491
  },
  "win006_tr20130101-20171231_te20180101-20180331_va20180401-20180630": {
    "cumulative_return_pct": 67.02801814323105,
    "annualized_return_pct": 761.6503292918591,
    "max_drawdown_pct": 17.070360885701145,
    "sharpe": 9.2287293038904,
    "win_rate_pct": 59.32203389830508,
    "profit_factor": 1.6256327466567742
  },
  "win007_tr20130701-20180630_te20180701-20180930_va20181001-20181231": {
    "cumulative_return_pct": -45.07632451995297,
    "annualized_return_pct": -91.68514950692284,
    "max_drawdown_pct": 45.0882593508048,
    "sharpe": -1.3500758125024086,
    "win_rate_pct": 43.75,
    "profit_factor": 0.5760611814456428
  },
  "win008_tr20140101-20181231_te20190101-20190331_va20190401-20190630": {
    "cumulative_return_pct": -57.66866566011871,
    "annualized_return_pct": -97.40343853536167,
    "max_drawdown_pct": 65.66254408622373,
    "sharpe": -0.9024089305813372,
    "win_rate_pct": 37.93103448275862,
    "profit_factor": 0.5265203489328137
  },
  "win009_tr20140701-20190630_te20190701-20190930_va20191001-20191231": {
    "cumulative_return_pct": -54.52152877643787,
    "annualized_return_pct": -95.91434111561726,
    "max_drawdown_pct": 55.13001386183848,
    "sharpe": -1.0338231863197467,
    "win_rate_pct": 37.5,
    "profit_factor": 0.5140928369691303
  },
  "win010_tr20150101-20191231_te20200101-20200331_va20200401-20200630": {
    "cumulative_return_pct": -41.58936673382352,
    "annualized_return_pct": -88.99224993617386,
    "max_drawdown_pct": 54.00711235446397,
    "sharpe": -0.8695769741486532,
    "win_rate_pct": 39.6551724137931,
    "profit_factor": 0.7277330327685622
  },
  "win011_tr20150701-20200630_te20200701-20200930_va20201001-20201231": {
    "cumulative_return_pct": 2.0772584205062827,
    "annualized_return_pct": 8.701827964543018,
    "max_drawdown_pct": 34.37312715026684,
    "sharpe": 0.06610704324004399,
    "win_rate_pct": 47.69230769230769,
    "profit_factor": 1.0157947206221611
  },
  "win012_tr20160101-20201231_te20210101-20210331_va20210401-20210630": {
    "cumulative_return_pct": 2.345171820322785,
    "annualized_return_pct": 10.346106023004808,
    "max_drawdown_pct": 38.11371413018023,
    "sharpe": 0.06872092520255592,
    "win_rate_pct": 44.827586206896555,
    "profit_factor": 1.0168274844533984
  },
  "win013_tr20160701-20210630_te20210701-20210930_va20211001-20211231": {
    "cumulative_return_pct": 6.217570914498018,
    "annualized_return_pct": 27.736079519253764,
    "max_drawdown_pct": 41.11140032835456,
    "sharpe": 0.2490247254659761,
    "win_rate_pct": 47.61904761904761,
    "profit_factor": 1.043674168660388
  },
  "win014_tr20170101-20211231_te20220101-20220331_va20220401-20220630": {
    "cumulative_return_pct": -25.980205588217697,
    "annualized_return_pct": -72.13184166199082,
    "max_drawdown_pct": 36.80370458907415,
    "sharpe": -1.1721825498919316,
    "win_rate_pct": 46.55172413793103,
    "profit_factor": 0.7491154258450696
  },
  "win015_tr20170701-20220630_te20220701-20220930_va20221001-20221231": {
    "cumulative_return_pct": -53.97368500939561,
    "annualized_return_pct": -96.0071382037517,
    "max_drawdown_pct": 55.82651552420964,
    "sharpe": -1.4709069519229567,
    "win_rate_pct": 37.5,
    "profit_factor": 0.47583199091936296
  },
  "win016_tr20180101-20221231_te20230101-20230331_va20230401-20230630": {
    "cumulative_return_pct": 57.767418893930945,
    "annualized_return_pct": 578.158698565241,
    "max_drawdown_pct": 14.691485320414108,
    "sharpe": 8.012083297558593,
    "win_rate_pct": 54.23728813559322,
    "profit_factor": 1.6520515812249517
  },
  "win017_tr20180701-20230630_te20230701-20230930_va20231001-20231231": {
    "cumulative_return_pct": -5.863515725424233,
    "annualized_return_pct": -22.405893187513414,
    "max_drawdown_pct": 24.198035788615456,
    "sharpe": -0.4886849325524173,
    "win_rate_pct": 45.3125,
    "profit_factor": 0.9310640184849474
  },
  "win018_tr20190101-20231231_te20240101-20240331_va20240401-20240630": {
    "cumulative_return_pct": -16.896188527213994,
    "annualized_return_pct": -54.02237391790744,
    "max_drawdown_pct": 50.598630330299066,
    "sharpe": -0.6335089849662324,
    "win_rate_pct": 50.0,
    "profit_factor": 0.8333919436703419
  },
  "win019_tr20190701-20240630_te20240701-20240930_va20241001-20241231": {
    "cumulative_return_pct": 111.99878909328436,
    "annualized_return_pct": 2010.4236015402694,
    "max_drawdown_pct": 28.030123249344353,
    "sharpe": 16.30334024210674,
    "win_rate_pct": 53.96825396825397,
    "profit_factor": 1.7814421876622155
  },
  "win020_tr20200101-20241231_te20250101-20250331_va20250401-20250630": {
    "cumulative_return_pct": -26.708106531426345,
    "annualized_return_pct": -72.46370629854894,
    "max_drawdown_pct": 32.35558985710388,
    "sharpe": -1.3228350238367406,
    "win_rate_pct": 42.10526315789473,
    "profit_factor": 0.6898383682537903
  },
  "win021_tr20200701-20250630_te20250701-20250930_va20251001-20251231": {
    "cumulative_return_pct": -25.764925635887554,
    "annualized_return_pct": -70.15381738120196,
    "max_drawdown_pct": 26.937535865767614,
    "sharpe": -1.3461772645200056,
    "win_rate_pct": 41.53846153846154,
    "profit_factor": 0.7031121171609109
  }
}