{
  "win000_tr20100101-20141231_te20150101-20150331_va20150401-20150630": {
    "cumulative_return_pct": 19.072661682024762,
    "annualized_return_pct": 111.72341418933681,
    "max_drawdown_pct": 15.995700543550099,
    "sharpe": 1.8337414561511165,
    "win_rate_pct": 57.89473684210527,
    "profit_factor": 1.2415843149804202
  },
  "win001_tr20100701-20150630_te20150701-20150930_va20151001-20151231": {
    "cumulative_return_pct": 1.8330661551080996,
    "annualized_return_pct": 7.650354127008563,
    "max_drawdown_pct": 61.00999814870558,
    "sharpe": 0.033873328093843316,
    "win_rate_pct": 50.79365079365079,
    "profit_factor": 1.0066541739559027
  },
  "win002_tr20110101-20151231_te20160101-20160331_va20160401-20160630": {
    "cumulative_return_pct": 6.260117219459219,
    "annualized_return_pct": 29.0356621505105,
    "max_drawdown_pct": 29.37750628923954,
    "sharpe": 0.26726831140680585,
    "win_rate_pct": 54.23728813559322,
    "profit_factor": 1.049464391076912
  },
  "win003_tr20110701-20160630_te20160701-20160930_va20161001-20161231": {
    "cumulative_return_pct": -20.531596727455987,
    "annualized_return_pct": -61.47431109771362,
    "max_drawdown_pct": 41.10248361570284,
    "sharpe": -1.0103033435688134,
    "win_rate_pct": 49.2063492063492,
    "profit_factor": 0.7626273107715285
  },
  "win004_tr20120101-20161231_te20170101-20170331_va20170401-20170630": {
    "cumulative_return_pct": -53.207245854756955,
    "annualized_return_pct": -95.87599853989165,
    "max_drawdown_pct": 53.10197366696764,
    "sharpe": -1.600288185154918,
    "win_rate_pct": 40.67796610169492,
    "profit_factor": 0.3887356409432012
  },
  "win005_tr20120701-20170630_te20170701-20170930_va20171001-20171231": {
    "cumulative_return_pct": -7.697642640382004,
    "annualized_return_pct": -28.28445141822812,
    "max_drawdown_pct": 28.8905754165432,
    "sharpe": -0.4986322770432238,
    "win_rate_pct": 49.23076923076923,
    "profit_factor": 0.9018014421423294
  },
  "win006_tr20130101-20171231_te20180101-20180331_va20180401-20180630": {
    "cumulative_return_pct": -35.21694392842703,
    "annualized_return_pct": -83.83919169001517,
    "max_drawdown_pct": 53.042912900881056,
    "sharpe": -1.0854244436157072,
    "win_rate_pct": 49.152542372881356,
    "profit_factor": 0.6486575081815091
  },
  "win007_tr20130701-20180630_te20180701-20180930_va20181001-20181231": {
    "cumulative_return_pct": -50.81110319877339,
    "annualized_return_pct": -94.7389392528596,
    "max_drawdown_pct": 57.19133331104378,
    "sharpe": -1.0640629285849346,
    "win_rate_pct": 37.5,
    "profit_factor": 0.6024865584189395
  },
  "win008_tr20140101-20181231_te20190101-20190331_va20190401-20190630": {
    "cumulative_return_pct": -52.84807391485574,
    "annualized_return_pct": -95.89491891560222,
    "max_drawdown_pct": 57.71974471460884,
    "sharpe": -1.3479748842397072,
    "win_rate_pct": 46.55172413793103,
    "profit_factor": 0.42877371822730503
  },
  "win009_tr20140701-20190630_te20190701-20190930_va20191001-20191231": {
    "cumulative_return_pct": 1.1632837236916762,
    "annualized_return_pct": 4.805645059283514,
    "max_drawdown_pct": 40.05467420701061,
    "sharpe": 0.020821726890864454,
    "win_rate_pct": 48.4375,
    "profit_factor": 1.0140933126400504
  },
  "win010_tr20150101-20191231_te20200101-20200331_va20200401-20200630": {
    "cumulative_return_pct": -48.57785750071526,
    "annualized_return_pct": -93.47501135024103,
    "max_drawdown_pct": 65.70575094152113,
    "sharpe": -0.6750453898333323,
    "win_rate_pct": 46.55172413793103,
    "profit_factor": 0.7502039762155656
  },
  "win011_tr20150701-20200630_te20200701-20200930_va20201001-20201231": {
    "cumulative_return_pct": -88.77364867367912,
    "annualized_return_pct": -99.98601856427923,
    "max_drawdown_pct": 90.48307938534228,
    "sharpe": -0.7066387819220596,
    "win_rate_pct": 27.692307692307693,
    "profit_factor": 0.3726386606422544
  },
  "win012_tr20160101-20201231_te20210101-20210331_va20210401-20210630": {
    "cumulative_return_pct": -48.2428111568765,
    "annualized_return_pct": -93.9017268921306,
    "max_drawdown_pct": 60.314851749276556,
    "sharpe": -0.7559392597086622,
    "win_rate_pct": 48.275862068965516,
    "profit_factor": 0.7044924028104507
  },
  "win013_tr20160701-20210630_te20210701-20210930_va20211001-20211231": {
    "cumulative_return_pct": -62.21953186336542,
    "annualized_return_pct": -98.07509219112849,
    "max_drawdown_pct": 68.8545190764141,
    "sharpe": -0.7163149346842178,
    "win_rate_pct": 39.682539682539684,
    "profit_factor": 0.6487778873145936
  },
  "win014_tr20170101-20211231_te20220101-20220331_va20220401-20220630": {
    "cumulative_return_pct": 16.652803700114973,
    "annualized_return_pct": 92.35791363106594,
    "max_drawdown_pct": 32.28202970344812,
    "sharpe": 0.8405563763752812,
    "win_rate_pct": 55.172413793103445,
    "profit_factor": 1.1366164676091273
  },
  "win015_tr20170701-20220630_te20220701-20220930_va20221001-20221231": {
    "cumulative_return_pct": -31.772399307860717,
    "annualized_return_pct": -79.543088318561,
    "max_drawdown_pct": 31.847883004105697,
    "sharpe": -0.990328769539885,
    "win_rate_pct": 39.0625,
    "profit_factor": 0.7592310677606815
  },
  "win016_tr20180101-20221231_te20230101-20230331_va20230401-20230630": {
    "cumulative_return_pct": 18.799994427396964,
    "annualized_return_pct": 106.11043093647345,
    "max_drawdown_pct": 17.184012040215396,
    "sharpe": 1.573237473406779,
    "win_rate_pct": 47.45762711864407,
    "profit_factor": 1.2075858355449023
  },
  "win017_tr20180701-20230630_te20230701-20230930_va20231001-20231231": {
    "cumulative_return_pct": 24.288254539149253,
    "annualized_return_pct": 149.14005914975732,
    "max_drawdown_pct": 29.67932505500883,
    "sharpe": 1.8991436722870652,
    "win_rate_pct": 39.0625,
    "profit_factor": 1.1750730554004054
  },
  "win018_tr20190101-20231231_te20240101-20240331_va20240401-20240630": {
    "cumulative_return_pct": -32.10175390343629,
    "annualized_return_pct": -80.3167941557561,
    "max_drawdown_pct": 52.032996970130185,
    "sharpe": -0.9631251601050306,
    "win_rate_pct": 48.275862068965516,
    "profit_factor": 0.6391071341097574
  },
  "win019_tr20190701-20240630_te20240701-20240930_va20241001-20241231": {
    "cumulative_return_pct": 69.24172842558018,
    "annualized_return_pct": 745.9786628816665,
    "max_drawdown_pct": 54.5399997987332,
    "sharpe": 4.248255309495715,
    "win_rate_pct": 49.2063492063492,
    "profit_factor": 1.2941127210524328
  },
  "win020_tr20200101-20241231_te20250101-20250331_va20250401-20250630": {
    "cumulative_return_pct": -5.512415332529391,
    "annualized_return_pct": -20.97014037449937,
    "max_drawdown_pct": 34.875283366226114,
    "sharpe": -0.2854783132031878,
    "win_rate_pct": 38.59649122807017,
    "profit_factor": 0.9485170804278555
  },
  "win021_tr20200701-20250630_te20250701-20250930_va20251001-20251231": {
    "cumulative_return_pct": -3.5480995241700675,
    "annualized_return_pct": -13.636953590851952,
    "max_drawdown_pct": 23.66211604982012,
    "sharpe": -0.3063180491310808,
    "win_rate_pct": 43.07692307692308,
    "profit_factor": 0.9608851386565851
  }
}