{
  "win000_tr20100101-20141231_te20150101-20150331_va20150401-20150630": {
    "cumulative_return_pct": 17.331273770043744,
    "annualized_return_pct": 98.73534787857001,
    "max_drawdown_pct": 17.75353404569255,
    "sharpe": 1.5524182370844763,
    "win_rate_pct": 50.877192982456144,
    "profit_factor": 1.225904646014654
  },
  "win001_tr20100701-20150630_te20150701-20150930_va20151001-20151231": {
    "cumulative_return_pct": -47.53826789252605,
    "annualized_return_pct": -92.70495478292118,
    "max_drawdown_pct": 69.3409052482532,
    "sharpe": -0.6725897342530787,
    "win_rate_pct": 49.2063492063492,
    "profit_factor": 0.761194155984177
  },
  "win002_tr20110101-20151231_te20160101-20160331_va20160401-20160630": {
    "cumulative_return_pct": -57.50019520620977,
    "annualized_return_pct": -97.24662198469932,
    "max_drawdown_pct": 59.69015176199125,
    "sharpe": -1.1702494723074834,
    "win_rate_pct": 49.152542372881356,
    "profit_factor": 0.43271199135423644
  },
  "win003_tr20110701-20160630_te20160701-20160930_va20161001-20161231": {
    "cumulative_return_pct": -22.064470779457267,
    "annualized_return_pct": -64.466272730817,
    "max_drawdown_pct": 48.091143877266816,
    "sharpe": -0.933071405007257,
    "win_rate_pct": 49.2063492063492,
    "profit_factor": 0.7695041061178977
  },
  "win004_tr20120101-20161231_te20170101-20170331_va20170401-20170630": {
    "cumulative_return_pct": -11.26899006270346,
    "annualized_return_pct": -39.46503316210017,
    "max_drawdown_pct": 42.350534374594865,
    "sharpe": -0.6440018764746978,
    "win_rate_pct": 52.54237288135594,
    "profit_factor": 0.8600818374715163
  },
  "win005_tr20120701-20170630_te20170701-20170930_va20171001-20171231": {
    "cumulative_return_pct": -13.205587361578633,
    "annualized_return_pct": -44.44720791623497,
    "max_drawdown_pct": 20.657041745447223,
    "sharpe": -0.8097413168671788,
    "win_rate_pct": 49.23076923076923,
    "profit_factor": 0.8517247370264065
  },
  "win006_tr20130101-20171231_te20180101-20180331_va20180401-20180630": {
    "cumulative_return_pct": 7.276295111827157,
    "annualized_return_pct": 34.29604591256845,
    "max_drawdown_pct": 39.20585871561942,
    "sharpe": 0.35458295742268015,
    "win_rate_pct": 45.76271186440678,
    "profit_factor": 1.0828679123436817
  },
  "win007_tr20130701-20180630_te20180701-20180930_va20181001-20181231": {
    "cumulative_return_pct": -52.399040887728766,
    "annualized_return_pct": -95.40884456416848,
    "max_drawdown_pct": 64.09569934440765,
    "sharpe": -1.2672365117289135,
    "win_rate_pct": 39.0625,
    "profit_factor": 0.6044397528438648
  },
  "win008_tr20140101-20181231_te20190101-20190331_va20190401-20190630": {
    "cumulative_return_pct": -30.07284465700305,
    "annualized_return_pct": -78.1124817249627,
    "max_drawdown_pct": 45.66058760446688,
    "sharpe": -0.7527415510289399,
    "win_rate_pct": 39.6551724137931,
    "profit_factor": 0.7791143662434848
  },
  "win009_tr20140701-20190630_te20190701-20190930_va20191001-20191231": {
    "cumulative_return_pct": -37.01487083382373,
    "annualized_return_pct": -84.6806273025548,
    "max_drawdown_pct": 50.14927344848124,
    "sharpe": -1.039362467867099,
    "win_rate_pct": 48.4375,
    "profit_factor": 0.7031872198755154
  },
  "win010_tr20150101-20191231_te20200101-20200331_va20200401-20200630": {
    "cumulative_return_pct": -15.600182099115534,
    "annualized_return_pct": -50.144793303704915,
    "max_drawdown_pct": 44.34888321599814,
    "sharpe": -0.553329792574118,
    "win_rate_pct": 46.55172413793103,
    "profit_factor": 0.9063771313290718
  },
  "win011_tr20150701-20200630_te20200701-20200930_va20201001-20201231": {
    "cumulative_return_pct": -31.770156882241018,
    "annualized_return_pct": -78.80601305242251,
    "max_drawdown_pct": 43.25721016692849,
    "sharpe": -0.906349283365633,
    "win_rate_pct": 43.07692307692308,
    "profit_factor": 0.7863895069877525
  },
  "win012_tr20160101-20201231_te20210101-20210331_va20210401-20210630": {
    "cumulative_return_pct": -26.53823674327715,
    "annualized_return_pct": -73.0132810270761,
    "max_drawdown_pct": 39.5670643352106,
    "sharpe": -0.9783154566365421,
    "win_rate_pct": 50.0,
    "profit_factor": 0.7315261827516573
  },
  "win013_tr20160701-20210630_te20210701-20210930_va20211001-20211231": {
    "cumulative_return_pct": -50.05083187684214,
    "annualized_return_pct": -94.02239536181045,
    "max_drawdown_pct": 58.885112554408416,
    "sharpe": -0.9123912332896449,
    "win_rate_pct": 42.857142857142854,
    "profit_factor": 0.6273579705530967
  },
  "win014_tr20170101-20211231_te20220101-20220331_va20220401-20220630": {
    "cumulative_return_pct": -10.980427329166128,
    "annualized_return_pct": -38.9816806669389,
    "max_drawdown_pct": 28.914714736019942,
    "sharpe": -0.47882474802039815,
    "win_rate_pct": 48.275862068965516,
    "profit_factor": 0.9086470173533031
  },
  "win015_tr20170701-20220630_te20220701-20220930_va20221001-20221231": {
    "cumulative_return_pct": 10.59649949018252,
    "annualized_return_pct": 51.897835472244736,
    "max_drawdown_pct": 21.24919291162389,
    "sharpe": 0.6178842293542207,
    "win_rate_pct": 46.875,
    "profit_factor": 1.0912963498644868
  },
  "win016_tr20180101-20221231_te20230101-20230331_va20230401-20230630": {
    "cumulative_return_pct": -45.34891234584176,
    "annualized_return_pct": -92.08652169270066,
    "max_drawdown_pct": 51.45544522073281,
    "sharpe": -1.126491296856357,
    "win_rate_pct": 30.508474576271187,
    "profit_factor": 0.5651407089621587
  },
  "win017_tr20180701-20230630_te20230701-20230930_va20231001-20231231": {
    "cumulative_return_pct": 1.3035372383651207,
    "annualized_return_pct": 5.587781327787278,
    "max_drawdown_pct": 35.041093995424625,
    "sharpe": 0.038766406822117495,
    "win_rate_pct": 53.125,
    "profit_factor": 1.0152342464568198
  },
  "win018_tr20190101-20231231_te20240101-20240331_va20240401-20240630": {
    "cumulative_return_pct": -43.250176015788824,
    "annualized_return_pct": -90.73009724386712,
    "max_drawdown_pct": 51.07952324730566,
    "sharpe": -0.9667054315316156,
    "win_rate_pct": 46.55172413793103,
    "profit_factor": 0.6370285737815519
  },
  "win019_tr20190701-20240630_te20240701-20240930_va20241001-20241231": {
    "cumulative_return_pct": 36.02591321715971,
    "annualized_return_pct": 248.56292972199307,
    "max_drawdown_pct": 33.12052126956326,
    "sharpe": 2.6406959866782294,
    "win_rate_pct": 44.44444444444444,
    "profit_factor": 1.2936534785437865
  },
  "win020_tr20200101-20241231_te20250101-20250331_va20250401-20250630": {
    "cumulative_return_pct": -31.92971244934662,
    "annualized_return_pct": -79.73815129556893,
    "max_drawdown_pct": 37.35606869667034,
    "sharpe": -1.1234541641312727,
    "win_rate_pct": 35.08771929824561,
    "profit_factor": 0.6572370051003467
  },
  "win021_tr20200701-20250630_te20250701-20250930_va20251001-20251231": {
    "cumulative_return_pct": 130.35453939505018,
    "annualized_return_pct": 2856.1530255870452,
    "max_drawdown_pct": 28.197791807027112,
    "sharpe": 31.156895942320162,
    "win_rate_pct": 55.38461538461539,
    "profit_factor": 1.8315797973284138
  }
}