{
  "win000_tr20100101-20141231_te20150101-20150331_va20150401-20150630": {
    "cumulative_return_pct": 14.633159677293595,
    "annualized_return_pct": 79.8289836646109,
    "max_drawdown_pct": 13.883790820456818,
    "sharpe": 1.6042489202517172,
    "win_rate_pct": 47.368421052631575,
    "profit_factor": 1.2385473192735
  },
  "win001_tr20100701-20150630_te20150701-20150930_va20151001-20151231": {
    "cumulative_return_pct": -64.82920707686279,
    "annualized_return_pct": -98.56035328398265,
    "max_drawdown_pct": 72.58847301240802,
    "sharpe": -0.726636656225861,
    "win_rate_pct": 46.03174603174603,
    "profit_factor": 0.6979342011346309
  },
  "win002_tr20110101-20151231_te20160101-20160331_va20160401-20160630": {
    "cumulative_return_pct": -38.53455021633592,
    "annualized_return_pct": -87.039704672316,
    "max_drawdown_pct": 42.42207190358678,
    "sharpe": -0.8800857618311334,
    "win_rate_pct": 47.45762711864407,
    "profit_factor": 0.7214009455117604
  },
  "win003_tr20110701-20160630_te20160701-20160930_va20161001-20161231": {
    "cumulative_return_pct": 12.716697139932867,
    "annualized_return_pct": 64.35419545908898,
    "max_drawdown_pct": 34.33632394067144,
    "sharpe": 0.821067612383065,
    "win_rate_pct": 58.730158730158735,
    "profit_factor": 1.1169732135884656
  },
  "win004_tr20120101-20161231_te20170101-20170331_va20170401-20170630": {
    "cumulative_return_pct": -3.9663751253760884,
    "annualized_return_pct": -15.626074132127666,
    "max_drawdown_pct": 26.65738761759206,
    "sharpe": -0.3581726539165177,
    "win_rate_pct": 50.847457627118644,
    "profit_factor": 0.9431608097577635
  },
  "win005_tr20120701-20170630_te20170701-20170930_va20171001-20171231": {
    "cumulative_return_pct": -26.232348257227393,
    "annualized_return_pct": -71.71418787176857,
    "max_drawdown_pct": 30.802549018997322,
    "sharpe": -1.2998855144592951,
    "win_rate_pct": 43.07692307692308,
    "profit_factor": 0.6801040960928223
  },
  "win006_tr20130101-20171231_te20180101-20180331_va20180401-20180630": {
    "cumulative_return_pct": -15.971694735942396,
    "annualized_return_pct": -51.83652213512742,
    "max_drawdown_pct": 42.644365493991245,
    "sharpe": -0.666534241064536,
    "win_rate_pct": 50.847457627118644,
    "profit_factor": 0.8224610130532388
  },
  "win007_tr20130701-20180630_te20180701-20180930_va20181001-20181231": {
    "cumulative_return_pct": -70.66018211342805,
    "annualized_return_pct": -99.38390783415784,
    "max_drawdown_pct": 71.03734885386666,
    "sharpe": -1.6573104900850404,
    "win_rate_pct": 31.25,
    "profit_factor": 0.26086306533088266
  },
  "win008_tr20140101-20181231_te20190101-20190331_va20190401-20190630": {
    "cumulative_return_pct": 4.598834545130015,
    "annualized_return_pct": 21.04095168312177,
    "max_drawdown_pct": 22.543599075637676,
    "sharpe": 0.1967845301155799,
    "win_rate_pct": 48.275862068965516,
    "profit_factor": 1.0362756747979323
  },
  "win009_tr20140701-20190630_te20190701-20190930_va20191001-20191231": {
    "cumulative_return_pct": 27.406983566405763,
    "annualized_return_pct": 167.24476496440465,
    "max_drawdown_pct": 15.996244068877447,
    "sharpe": 3.149660338491832,
    "win_rate_pct": 56.25,
    "profit_factor": 1.3491921161967684
  },
  "win010_tr20150101-20191231_te20200101-20200331_va20200401-20200630": {
    "cumulative_return_pct": -46.80091357381548,
    "annualized_return_pct": -92.49882651459224,
    "max_drawdown_pct": 63.879224236096576,
    "sharpe": -1.0454909009326896,
    "win_rate_pct": 37.93103448275862,
    "profit_factor": 0.6629208937919137
  },
  "win011_tr20150701-20200630_te20200701-20200930_va20201001-20201231": {
    "cumulative_return_pct": -25.887336857589162,
    "annualized_return_pct": -70.35304674887905,
    "max_drawdown_pct": 38.82650089110756,
    "sharpe": -1.0375233529572645,
    "win_rate_pct": 47.69230769230769,
    "profit_factor": 0.7746541250791837
  },
  "win012_tr20160101-20201231_te20210101-20210331_va20210401-20210630": {
    "cumulative_return_pct": -12.038659820196498,
    "annualized_return_pct": -42.003437633881504,
    "max_drawdown_pct": 46.55867766279557,
    "sharpe": -0.5628401458677266,
    "win_rate_pct": 44.827586206896555,
    "profit_factor": 0.8627952155583686
  },
  "win013_tr20160701-20210630_te20210701-20210930_va20211001-20211231": {
    "cumulative_return_pct": -43.96663561912737,
    "annualized_return_pct": -90.46956212098875,
    "max_drawdown_pct": 56.60239054692065,
    "sharpe": -0.9121015561004803,
    "win_rate_pct": 42.857142857142854,
    "profit_factor": 0.7006768703854507
  },
  "win014_tr20170101-20211231_te20220101-20220331_va20220401-20220630": {
    "cumulative_return_pct": -19.969549827276612,
    "annualized_return_pct": -61.17458657526884,
    "max_drawdown_pct": 43.768576585697275,
    "sharpe": -0.832192883857372,
    "win_rate_pct": 48.275862068965516,
    "profit_factor": 0.8218275789463105
  },
  "win015_tr20170701-20220630_te20220701-20220930_va20221001-20221231": {
    "cumulative_return_pct": -26.01414377639028,
    "annualized_return_pct": -71.36529093130423,
    "max_drawdown_pct": 39.73597021861286,
    "sharpe": -1.0925904040390435,
    "win_rate_pct": 39.0625,
    "profit_factor": 0.8002944966478374
  },
  "win016_tr20180101-20221231_te20230101-20230331_va20230401-20230630": {
    "cumulative_return_pct": -30.66430367133061,
    "annualized_return_pct": -78.50719420787581,
    "max_drawdown_pct": 38.037315845955696,
    "sharpe": -1.3238660531486866,
    "win_rate_pct": 35.59322033898305,
    "profit_factor": 0.6519370585529373
  },
  "win017_tr20180701-20230630_te20230701-20230930_va20231001-20231231": {
    "cumulative_return_pct": 29.064308220311137,
    "annualized_return_pct": 191.873602341143,
    "max_drawdown_pct": 11.899984840538021,
    "sharpe": 3.7283246844762528,
    "win_rate_pct": 54.6875,
    "profit_factor": 1.3738779028364108
  },
  "win018_tr20190101-20231231_te20240101-20240331_va20240401-20240630": {
    "cumulative_return_pct": -39.69216022443596,
    "annualized_return_pct": -88.03401346708002,
    "max_drawdown_pct": 36.44907973884155,
    "sharpe": -1.1326727830951708,
    "win_rate_pct": 41.37931034482759,
    "profit_factor": 0.6227458389318703
  },
  "win019_tr20190701-20240630_te20240701-20240930_va20241001-20241231": {
    "cumulative_return_pct": 76.71493427378945,
    "annualized_return_pct": 908.1317374779006,
    "max_drawdown_pct": 20.47516994099776,
    "sharpe": 10.921634619634624,
    "win_rate_pct": 55.55555555555556,
    "profit_factor": 1.8821502589620283
  },
  "win020_tr20200101-20241231_te20250101-20250331_va20250401-20250630": {
    "cumulative_return_pct": -22.763351578070353,
    "annualized_return_pct": -65.77027138534939,
    "max_drawdown_pct": 25.46017715260004,
    "sharpe": -1.1423779933981388,
    "win_rate_pct": 42.10526315789473,
    "profit_factor": 0.7201173697335741
  },
  "win021_tr20200701-20250630_te20250701-20250930_va20251001-20251231": {
    "cumulative_return_pct": -7.974899534066814,
    "annualized_return_pct": -28.629336341571932,
    "max_drawdown_pct": 28.42553359516378,
    "sharpe": -0.4759423770148599,
    "win_rate_pct": 41.53846153846154,
    "profit_factor": 0.9089479104629801
  }
}