{
  "size": 6,
  "models": "DLinear,FiLM,FreTS,LightTS,TimeMixer,WPMixer",
  "num_windows": 22,
  "mean_test_cumulative_return_pct": -13.932482433885781,
  "std_test_cumulative_return_pct": 38.111837928812804,
  "min_test_cumulative_return_pct": -74.7804006416853,
  "max_test_cumulative_return_pct": 77.5980549507348,
  "mean_test_annualized_return_pct": 41.50415773579666,
  "mean_test_max_drawdown_pct": 41.166375651700065,
  "mean_test_sharpe": 0.42188014982985805,
  "mean_test_win_rate_pct": 44.82796392426226,
  "mean_test_profit_factor": 0.8763967460701557
}