{
  "win000_tr20100101-20141231_te20150101-20150331_va20150401-20150630": {
    "cumulative_return_pct": 39.585609755241244,
    "annualized_return_pct": 319.1686410865989,
    "max_drawdown_pct": 19.136712570126914,
    "sharpe": 5.074481157668471,
    "win_rate_pct": 47.368421052631575,
    "profit_factor": 1.6068210883174587
  },
  "win001_tr20100701-20150630_te20150701-20150930_va20151001-20151231": {
    "cumulative_return_pct": -53.50698773213529,
    "annualized_return_pct": -95.53163795126012,
    "max_drawdown_pct": 65.17112384813653,
    "sharpe": -0.7011928102071656,
    "win_rate_pct": 46.03174603174603,
    "profit_factor": 0.7183110383172827
  },
  "win002_tr20110101-20151231_te20160101-20160331_va20160401-20160630": {
    "cumulative_return_pct": -55.97893767009151,
    "annualized_return_pct": -96.80854623096108,
    "max_drawdown_pct": 53.26112543061209,
    "sharpe": -1.285745527544134,
    "win_rate_pct": 42.3728813559322,
    "profit_factor": 0.4413312790435282
  },
  "win003_tr20110701-20160630_te20160701-20160930_va20161001-20161231": {
    "cumulative_return_pct": -15.797518238614558,
    "annualized_return_pct": -51.01581658098344,
    "max_drawdown_pct": 46.96240359175143,
    "sharpe": -0.7991451813176078,
    "win_rate_pct": 49.2063492063492,
    "profit_factor": 0.8402542415496146
  },
  "win004_tr20120101-20161231_te20170101-20170331_va20170401-20170630": {
    "cumulative_return_pct": -22.774383047088932,
    "annualized_return_pct": -66.20975518049971,
    "max_drawdown_pct": 36.68694272965123,
    "sharpe": -1.3950266769722528,
    "win_rate_pct": 45.76271186440678,
    "profit_factor": 0.6853773154356104
  },
  "win005_tr20120701-20170630_te20170701-20170930_va20171001-20171231": {
    "cumulative_return_pct": -27.87330370162609,
    "annualized_return_pct": -74.23572420670365,
    "max_drawdown_pct": 31.06749835290249,
    "sharpe": -1.2827136681414957,
    "win_rate_pct": 36.92307692307693,
    "profit_factor": 0.6778143948532873
  },
  "win006_tr20130101-20171231_te20180101-20180331_va20180401-20180630": {
    "cumulative_return_pct": 6.5910722284957535,
    "annualized_return_pct": 30.73133475667751,
    "max_drawdown_pct": 42.197062939695776,
    "sharpe": 0.28003765215605547,
    "win_rate_pct": 49.152542372881356,
    "profit_factor": 1.0622076871493351
  },
  "win007_tr20130701-20180630_te20180701-20180930_va20181001-20181231": {
    "cumulative_return_pct": -74.7804006416853,
    "annualized_return_pct": -99.67124411324613,
    "max_drawdown_pct": 75.46255049537064,
    "sharpe": -1.6134208821658365,
    "win_rate_pct": 34.375,
    "profit_factor": 0.20329608262610854
  },
  "win008_tr20140101-20181231_te20190101-20190331_va20190401-20190630": {
    "cumulative_return_pct": 17.00777460459445,
    "annualized_return_pct": 94.85621361321606,
    "max_drawdown_pct": 48.89557000208671,
    "sharpe": 0.7794979516999357,
    "win_rate_pct": 43.103448275862064,
    "profit_factor": 1.0962621346036308
  },
  "win009_tr20140701-20190630_te20190701-20190930_va20191001-20191231": {
    "cumulative_return_pct": -10.169946981376759,
    "annualized_return_pct": -35.29027503363368,
    "max_drawdown_pct": 19.64511028103492,
    "sharpe": -0.5937755140894845,
    "win_rate_pct": 51.5625,
    "profit_factor": 0.8978293821789892
  },
  "win010_tr20150101-20191231_te20200101-20200331_va20200401-20200630": {
    "cumulative_return_pct": -45.96213989862004,
    "annualized_return_pct": -92.00145122037094,
    "max_drawdown_pct": 57.25501125493333,
    "sharpe": -0.8054450391616013,
    "win_rate_pct": 43.103448275862064,
    "profit_factor": 0.7168022620107832
  },
  "win011_tr20150701-20200630_te20200701-20200930_va20201001-20201231": {
    "cumulative_return_pct": -44.287469058132885,
    "annualized_return_pct": -90.68908979449071,
    "max_drawdown_pct": 55.2264255010918,
    "sharpe": -1.3537367823264763,
    "win_rate_pct": 43.07692307692308,
    "profit_factor": 0.599616720250036
  },
  "win012_tr20160101-20201231_te20210101-20210331_va20210401-20210630": {
    "cumulative_return_pct": -30.302713685997624,
    "annualized_return_pct": -78.41643342621133,
    "max_drawdown_pct": 47.78057974059436,
    "sharpe": -0.9614383331516961,
    "win_rate_pct": 43.103448275862064,
    "profit_factor": 0.7166662504604602
  },
  "win013_tr20160701-20210630_te20210701-20210930_va20211001-20211231": {
    "cumulative_return_pct": 25.86768678301519,
    "annualized_return_pct": 154.38138891801333,
    "max_drawdown_pct": 25.081108480121255,
    "sharpe": 1.7372239430252414,
    "win_rate_pct": 49.2063492063492,
    "profit_factor": 1.1687824374097304
  },
  "win014_tr20170101-20211231_te20220101-20220331_va20220401-20220630": {
    "cumulative_return_pct": 41.511246807935414,
    "annualized_return_pct": 336.9414274648263,
    "max_drawdown_pct": 40.69115300583722,
    "sharpe": 3.848602408523259,
    "win_rate_pct": 55.172413793103445,
    "profit_factor": 1.4640173317255305
  },
  "win015_tr20170701-20220630_te20220701-20220930_va20221001-20221231": {
    "cumulative_return_pct": -12.773871321606403,
    "annualized_return_pct": -43.291304473261086,
    "max_drawdown_pct": 36.02873286235944,
    "sharpe": -0.49139459602705915,
    "win_rate_pct": 42.1875,
    "profit_factor": 0.8946916492323598
  },
  "win016_tr20180101-20221231_te20230101-20230331_va20230401-20230630": {
    "cumulative_return_pct": -52.221282954304684,
    "annualized_return_pct": -95.49870085157728,
    "max_drawdown_pct": 54.88898629419653,
    "sharpe": -1.4714372877179995,
    "win_rate_pct": 37.28813559322034,
    "profit_factor": 0.4814421905409744
  },
  "win017_tr20180701-20230630_te20230701-20230930_va20231001-20231231": {
    "cumulative_return_pct": 28.16270860924439,
    "annualized_return_pct": 183.40874608080767,
    "max_drawdown_pct": 15.47518795933821,
    "sharpe": 3.0522782425608908,
    "win_rate_pct": 50.0,
    "profit_factor": 1.2974346677936648
  },
  "win018_tr20190101-20231231_te20240101-20240331_va20240401-20240630": {
    "cumulative_return_pct": -56.63922005313917,
    "annualized_return_pct": -97.0047474025943,
    "max_drawdown_pct": 54.307475128944496,
    "sharpe": -1.1805413315579336,
    "win_rate_pct": 39.6551724137931,
    "profit_factor": 0.4764294083303912
  },
  "win019_tr20190701-20240630_te20240701-20240930_va20241001-20241231": {
    "cumulative_return_pct": 77.5980549507348,
    "annualized_return_pct": 928.7346837677345,
    "max_drawdown_pct": 22.423127582638532,
    "sharpe": 10.357578653744673,
    "win_rate_pct": 52.38095238095239,
    "profit_factor": 1.6618855223698783
  },
  "win020_tr20200101-20241231_te20250101-20250331_va20250401-20250630": {
    "cumulative_return_pct": -19.353888295029257,
    "annualized_return_pct": -59.04865507141466,
    "max_drawdown_pct": 32.33738811591821,
    "sharpe": -0.8652333344512361,
    "win_rate_pct": 42.10526315789473,
    "profit_factor": 0.7816055657164673
  },
  "win021_tr20200701-20250630_te20250701-20250930_va20251001-20251231": {
    "cumulative_return_pct": -20.416704005299973,
    "annualized_return_pct": -60.41758396313952,
    "max_drawdown_pct": 25.67898817005928,
    "sharpe": -1.0480897482896696,
    "win_rate_pct": 43.07692307692308,
    "profit_factor": 0.7918497636283044
  }
}