{
  "size": 4,
  "models": "DLinear,LightTS,TimeMixer,WPMixer",
  "num_windows": 22,
  "mean_test_cumulative_return_pct": -16.234149451416958,
  "std_test_cumulative_return_pct": 34.83642967437574,
  "min_test_cumulative_return_pct": -55.743750506854894,
  "max_test_cumulative_return_pct": 71.36149562007292,
  "mean_test_annualized_return_pct": 19.170198100393012,
  "mean_test_max_drawdown_pct": 43.00266012611926,
  "mean_test_sharpe": 0.22608158738807316,
  "mean_test_win_rate_pct": 45.696919049904,
  "mean_test_profit_factor": 0.8139554173423896
}