{
  "win000_tr20100101-20141231_te20150101-20150331_va20150401-20150630": {
    "cumulative_return_pct": 1.7266786205791984,
    "annualized_return_pct": 7.633646089705759,
    "max_drawdown_pct": 34.45638195054938,
    "sharpe": 0.06490145071823107,
    "win_rate_pct": 43.859649122807014,
    "profit_factor": 1.02059976765225
  },
  "win001_tr20100701-20150630_te20150701-20150930_va20151001-20151231": {
    "cumulative_return_pct": -44.48147277493927,
    "annualized_return_pct": -90.8199729655642,
    "max_drawdown_pct": 64.69596560627528,
    "sharpe": -0.6688066170629791,
    "win_rate_pct": 52.38095238095239,
    "profit_factor": 0.8232917389880507
  },
  "win002_tr20110101-20151231_te20160101-20160331_va20160401-20160630": {
    "cumulative_return_pct": -39.26399161255892,
    "annualized_return_pct": -87.67327795027565,
    "max_drawdown_pct": 44.072129151744974,
    "sharpe": -0.9125968164562065,
    "win_rate_pct": 40.67796610169492,
    "profit_factor": 0.7127635552354534
  },
  "win003_tr20110701-20160630_te20160701-20160930_va20161001-20161231": {
    "cumulative_return_pct": -20.759514429705472,
    "annualized_return_pct": -61.93085128694777,
    "max_drawdown_pct": 45.89966667332314,
    "sharpe": -0.8800200392678474,
    "win_rate_pct": 46.03174603174603,
    "profit_factor": 0.7944694613805485
  },
  "win004_tr20120101-20161231_te20170101-20170331_va20170401-20170630": {
    "cumulative_return_pct": 17.587634428513983,
    "annualized_return_pct": 97.4229475164524,
    "max_drawdown_pct": 25.50059240433581,
    "sharpe": 1.3956291417010651,
    "win_rate_pct": 57.6271186440678,
    "profit_factor": 1.229496455637049
  },
  "win005_tr20120701-20170630_te20170701-20170930_va20171001-20171231": {
    "cumulative_return_pct": -5.597361835870974,
    "annualized_return_pct": -21.264619441231236,
    "max_drawdown_pct": 26.413422049692155,
    "sharpe": -0.4055833674717066,
    "win_rate_pct": 47.69230769230769,
    "profit_factor": 0.9330402528821773
  },
  "win006_tr20130101-20171231_te20180101-20180331_va20180401-20180630": {
    "cumulative_return_pct": -15.10417776339303,
    "annualized_return_pct": -49.714224827226104,
    "max_drawdown_pct": 32.27032548351589,
    "sharpe": -0.7340879441894139,
    "win_rate_pct": 37.28813559322034,
    "profit_factor": 0.8225422142983635
  },
  "win007_tr20130701-20180630_te20180701-20180930_va20181001-20181231": {
    "cumulative_return_pct": -49.10748373052465,
    "annualized_return_pct": -93.94035598746578,
    "max_drawdown_pct": 49.56309936266972,
    "sharpe": -1.6248865954529546,
    "win_rate_pct": 34.375,
    "profit_factor": 0.4429926047516798
  },
  "win008_tr20140101-20181231_te20190101-20190331_va20190401-20190630": {
    "cumulative_return_pct": -37.5447035961045,
    "annualized_return_pct": -86.45547781084495,
    "max_drawdown_pct": 60.43679175731464,
    "sharpe": -1.0172478273865988,
    "win_rate_pct": 37.93103448275862,
    "profit_factor": 0.6854886536458928
  },
  "win009_tr20140701-20190630_te20190701-20190930_va20191001-20191231": {
    "cumulative_return_pct": -38.257770898798185,
    "annualized_return_pct": -85.87094266612156,
    "max_drawdown_pct": 50.474188045910296,
    "sharpe": -0.9732900011933203,
    "win_rate_pct": 42.1875,
    "profit_factor": 0.7383596083092104
  },
  "win010_tr20150101-20191231_te20200101-20200331_va20200401-20200630": {
    "cumulative_return_pct": -35.060060860606,
    "annualized_return_pct": -82.99559719939383,
    "max_drawdown_pct": 43.47285593893494,
    "sharpe": -0.910412169615543,
    "win_rate_pct": 41.37931034482759,
    "profit_factor": 0.7414641187336859
  },
  "win011_tr20150701-20200630_te20200701-20200930_va20201001-20201231": {
    "cumulative_return_pct": -23.825785897949302,
    "annualized_return_pct": -66.86115294618243,
    "max_drawdown_pct": 38.88238157771139,
    "sharpe": -1.083069953289458,
    "win_rate_pct": 38.46153846153847,
    "profit_factor": 0.7892155519041889
  },
  "win012_tr20160101-20201231_te20210101-20210331_va20210401-20210630": {
    "cumulative_return_pct": -15.84374218282107,
    "annualized_return_pct": -51.93432588264686,
    "max_drawdown_pct": 34.69811118761249,
    "sharpe": -0.7075387015565433,
    "win_rate_pct": 46.55172413793103,
    "profit_factor": 0.8513865344355227
  },
  "win013_tr20160701-20210630_te20210701-20210930_va20211001-20211231": {
    "cumulative_return_pct": -36.64311823510742,
    "annualized_return_pct": -84.31035384689679,
    "max_drawdown_pct": 44.492975109674305,
    "sharpe": -0.9389194633628012,
    "win_rate_pct": 46.03174603174603,
    "profit_factor": 0.7145992358140978
  },
  "win014_tr20170101-20211231_te20220101-20220331_va20220401-20220630": {
    "cumulative_return_pct": -14.495579134215426,
    "annualized_return_pct": -48.57798043504701,
    "max_drawdown_pct": 31.81328937611968,
    "sharpe": -0.6087139023499465,
    "win_rate_pct": 46.55172413793103,
    "profit_factor": 0.8831123420012343
  },
  "win015_tr20170701-20220630_te20220701-20220930_va20221001-20221231": {
    "cumulative_return_pct": -14.522964139311343,
    "annualized_return_pct": -47.86414382114743,
    "max_drawdown_pct": 38.64387544510572,
    "sharpe": -0.6435274383523018,
    "win_rate_pct": 43.75,
    "profit_factor": 0.8759760256030704
  },
  "win016_tr20180101-20221231_te20230101-20230331_va20230401-20230630": {
    "cumulative_return_pct": -18.468349305070415,
    "annualized_return_pct": -57.565110706698874,
    "max_drawdown_pct": 41.09581405372387,
    "sharpe": -0.854640642766884,
    "win_rate_pct": 45.76271186440678,
    "profit_factor": 0.8247968501046046
  },
  "win017_tr20180701-20230630_te20230701-20230930_va20231001-20231231": {
    "cumulative_return_pct": 46.27560834317587,
    "annualized_return_pct": 393.67059003249824,
    "max_drawdown_pct": 18.467798361962767,
    "sharpe": 6.936362996690811,
    "win_rate_pct": 51.5625,
    "profit_factor": 1.69623353048389
  },
  "win018_tr20190101-20231231_te20240101-20240331_va20240401-20240630": {
    "cumulative_return_pct": -45.33879200040374,
    "annualized_return_pct": -92.08036760726492,
    "max_drawdown_pct": 47.51416095282941,
    "sharpe": -1.2228420132381743,
    "win_rate_pct": 37.93103448275862,
    "profit_factor": 0.5641527572111323
  },
  "win019_tr20190701-20240630_te20240701-20240930_va20241001-20241231": {
    "cumulative_return_pct": 65.79390900698705,
    "annualized_return_pct": 678.1842768147544,
    "max_drawdown_pct": 38.23654276167601,
    "sharpe": 6.101875723870442,
    "win_rate_pct": 52.38095238095239,
    "profit_factor": 1.5302096793381417
  },
  "win020_tr20200101-20241231_te20250101-20250331_va20250401-20250630": {
    "cumulative_return_pct": -9.703120717622166,
    "annualized_return_pct": -34.53386683857047,
    "max_drawdown_pct": 29.069000615465146,
    "sharpe": -0.5309389249757454,
    "win_rate_pct": 45.614035087719294,
    "profit_factor": 0.9078012377633519
  },
  "win021_tr20200701-20250630_te20250701-20250930_va20251001-20251231": {
    "cumulative_return_pct": -29.3259932957532,
    "annualized_return_pct": -75.55186865693331,
    "max_drawdown_pct": 42.82383211017193,
    "sharpe": -1.1147142173635096,
    "win_rate_pct": 36.92307692307693,
    "profit_factor": 0.7646274586967126
  }
}