{
  "size": 7,
  "models": "FiLM,FreTS,LightTS,PatchTST,TimeMixer,WPMixer,iTransformer",
  "num_windows": 22,
  "mean_test_cumulative_return_pct": -14.495553116683807,
  "std_test_cumulative_return_pct": 28.7692839043683,
  "min_test_cumulative_return_pct": -70.48905641031028,
  "max_test_cumulative_return_pct": 28.24662245413191,
  "mean_test_annualized_return_pct": -10.364672313720662,
  "mean_test_max_drawdown_pct": 39.77296439597927,
  "mean_test_sharpe": -0.03685853133740863,
  "mean_test_win_rate_pct": 46.485403533312386,
  "mean_test_profit_factor": 0.8967696242069185
}