{
  "win000_tr20100101-20141231_te20150101-20150331_va20150401-20150630": {
    "cumulative_return_pct": 70.12033169605265,
    "annualized_return_pct": 880.7832826947504,
    "max_drawdown_pct": 10.323862096475207,
    "sharpe": 13.18966322685126,
    "win_rate_pct": 57.89473684210527,
    "profit_factor": 2.0008504264814366
  },
  "win001_tr20100701-20150630_te20150701-20150930_va20151001-20151231": {
    "cumulative_return_pct": -50.405920062683116,
    "annualized_return_pct": -94.19298753857771,
    "max_drawdown_pct": 69.55456218144379,
    "sharpe": -0.6808873308722044,
    "win_rate_pct": 47.61904761904761,
    "profit_factor": 0.7986456022958662
  },
  "win002_tr20110101-20151231_te20160101-20160331_va20160401-20160630": {
    "cumulative_return_pct": -51.14870189821469,
    "annualized_return_pct": -95.05898609343528,
    "max_drawdown_pct": 52.575547730630454,
    "sharpe": -1.1422952010237408,
    "win_rate_pct": 49.152542372881356,
    "profit_factor": 0.5122907483582069
  },
  "win003_tr20110701-20160630_te20160701-20160930_va20161001-20161231": {
    "cumulative_return_pct": 11.40901519391071,
    "annualized_return_pct": 56.583519602083584,
    "max_drawdown_pct": 24.94072973025529,
    "sharpe": 0.7476151018516501,
    "win_rate_pct": 55.55555555555556,
    "profit_factor": 1.1089371027101127
  },
  "win004_tr20120101-20161231_te20170101-20170331_va20170401-20170630": {
    "cumulative_return_pct": 43.489042022554806,
    "annualized_return_pct": 355.3740880937842,
    "max_drawdown_pct": 8.362005639696362,
    "sharpe": 6.481510908587441,
    "win_rate_pct": 62.71186440677966,
    "profit_factor": 1.741487663952426
  },
  "win005_tr20120701-20170630_te20170701-20170930_va20171001-20171231": {
    "cumulative_return_pct": -34.60045551105241,
    "annualized_return_pct": -82.83948507804303,
    "max_drawdown_pct": 39.20502372503811,
    "sharpe": -1.7449580643046212,
    "win_rate_pct": 47.69230769230769,
    "profit_factor": 0.5097394965913636
  },
  "win006_tr20130101-20171231_te20180101-20180331_va20180401-20180630": {
    "cumulative_return_pct": 19.280321859523887,
    "annualized_return_pct": 109.6316991982392,
    "max_drawdown_pct": 22.5984217049048,
    "sharpe": 1.2646964227616888,
    "win_rate_pct": 50.847457627118644,
    "profit_factor": 1.1905815676625728
  },
  "win007_tr20130701-20180630_te20180701-20180930_va20181001-20181231": {
    "cumulative_return_pct": -58.94178430210577,
    "annualized_return_pct": -97.51463235968852,
    "max_drawdown_pct": 63.571946554781015,
    "sharpe": -1.6142811749288073,
    "win_rate_pct": 35.9375,
    "profit_factor": 0.43252496174204863
  },
  "win008_tr20140101-20181231_te20190101-20190331_va20190401-20190630": {
    "cumulative_return_pct": -26.304813570749193,
    "annualized_return_pct": -72.64721075540915,
    "max_drawdown_pct": 44.158858501685806,
    "sharpe": -0.7416424922959252,
    "win_rate_pct": 39.6551724137931,
    "profit_factor": 0.7759801479144163
  },
  "win009_tr20140701-20190630_te20190701-20190930_va20191001-20191231": {
    "cumulative_return_pct": -25.389624354852362,
    "annualized_return_pct": -69.53670605092113,
    "max_drawdown_pct": 42.524918630030136,
    "sharpe": -1.2525446691243443,
    "win_rate_pct": 42.1875,
    "profit_factor": 0.6825721944128676
  },
  "win010_tr20150101-20191231_te20200101-20200331_va20200401-20200630": {
    "cumulative_return_pct": -0.4575016452088952,
    "annualized_return_pct": -1.864267471887393,
    "max_drawdown_pct": 51.15158440322203,
    "sharpe": -0.044793672088010994,
    "win_rate_pct": 46.55172413793103,
    "profit_factor": 0.9978236165200902
  },
  "win011_tr20150701-20200630_te20200701-20200930_va20201001-20201231": {
    "cumulative_return_pct": -26.22258313608109,
    "annualized_return_pct": -70.89354487749031,
    "max_drawdown_pct": 45.70825247354163,
    "sharpe": -1.06172278000863,
    "win_rate_pct": 46.15384615384615,
    "profit_factor": 0.7858679156964787
  },
  "win012_tr20160101-20201231_te20210101-20210331_va20210401-20210630": {
    "cumulative_return_pct": -42.73646906045993,
    "annualized_return_pct": -90.63115900853013,
    "max_drawdown_pct": 54.84665505591566,
    "sharpe": -1.012389228163108,
    "win_rate_pct": 43.103448275862064,
    "profit_factor": 0.5945177443179157
  },
  "win013_tr20160701-20210630_te20210701-20210930_va20211001-20211231": {
    "cumulative_return_pct": -51.63732877849062,
    "annualized_return_pct": -94.7563034157051,
    "max_drawdown_pct": 61.41646956606266,
    "sharpe": -0.9192541066027083,
    "win_rate_pct": 36.507936507936506,
    "profit_factor": 0.6346266329570415
  },
  "win014_tr20170101-20211231_te20220101-20220331_va20220401-20220630": {
    "cumulative_return_pct": -16.521769214051183,
    "annualized_return_pct": -53.557644498618004,
    "max_drawdown_pct": 38.78160372219119,
    "sharpe": -0.8922456343795852,
    "win_rate_pct": 50.0,
    "profit_factor": 0.8185208717407152
  },
  "win015_tr20170701-20220630_te20220701-20220930_va20221001-20221231": {
    "cumulative_return_pct": -0.3513951041258406,
    "annualized_return_pct": -1.4504362291268391,
    "max_drawdown_pct": 27.65390790780361,
    "sharpe": -0.06078379529695378,
    "win_rate_pct": 42.1875,
    "profit_factor": 0.9974756463025003
  },
  "win016_tr20180101-20221231_te20230101-20230331_va20230401-20230630": {
    "cumulative_return_pct": -11.005670476539363,
    "annualized_return_pct": -38.707248851102825,
    "max_drawdown_pct": 31.307640128017905,
    "sharpe": -0.6015641345654615,
    "win_rate_pct": 40.67796610169492,
    "profit_factor": 0.889042867875545
  },
  "win017_tr20180701-20230630_te20230701-20230930_va20231001-20231231": {
    "cumulative_return_pct": -4.552514518474392,
    "annualized_return_pct": -17.767072108771508,
    "max_drawdown_pct": 28.50599957864438,
    "sharpe": -0.25808337083710475,
    "win_rate_pct": 46.875,
    "profit_factor": 0.9621877646589516
  },
  "win018_tr20190101-20231231_te20240101-20240331_va20240401-20240630": {
    "cumulative_return_pct": 64.95151775818336,
    "annualized_return_pct": 717.5640280361362,
    "max_drawdown_pct": 35.97489105956444,
    "sharpe": 7.189506827356098,
    "win_rate_pct": 50.0,
    "profit_factor": 1.533865060600086
  },
  "win019_tr20190701-20240630_te20240701-20240930_va20241001-20241231": {
    "cumulative_return_pct": 185.92554420769042,
    "annualized_return_pct": 7006.0225498101445,
    "max_drawdown_pct": 19.092236639685193,
    "sharpe": 77.81201547287579,
    "win_rate_pct": 63.49206349206349,
    "profit_factor": 2.5455749151856244
  },
  "win020_tr20200101-20241231_te20250101-20250331_va20250401-20250630": {
    "cumulative_return_pct": -2.5256349346622127,
    "annualized_return_pct": -10.073247588217061,
    "max_drawdown_pct": 21.569855674594503,
    "sharpe": -0.1315464321196783,
    "win_rate_pct": 36.84210526315789,
    "profit_factor": 0.9785620095072193
  },
  "win021_tr20200701-20250630_te20250701-20250930_va20251001-20251231": {
    "cumulative_return_pct": 22.725467337993393,
    "annualized_return_pct": 129.5760796792421,
    "max_drawdown_pct": 19.378209894055303,
    "sharpe": 1.6556659379923757,
    "win_rate_pct": 47.69230769230769,
    "profit_factor": 1.2303866715098382
  }
}