{
  "size": 4,
  "models": "DLinear,FiLM,PatchTST,iTransformer",
  "num_windows": 22,
  "mean_test_cumulative_return_pct": -13.159927113636565,
  "std_test_cumulative_return_pct": 51.73892833507433,
  "min_test_cumulative_return_pct": -74.74569669937856,
  "max_test_cumulative_return_pct": 182.41055853291647,
  "mean_test_annualized_return_pct": 279.8453251996884,
  "mean_test_max_drawdown_pct": 40.056314356110626,
  "mean_test_sharpe": 2.402785853191165,
  "mean_test_win_rate_pct": 45.3048672362795,
  "mean_test_profit_factor": 0.8723204245873499
}