{
  "win000_tr20100101-20141231_te20150101-20150331_va20150401-20150630": {
    "cumulative_return_pct": -0.3787016126702074,
    "annualized_return_pct": -1.6171732630776536,
    "max_drawdown_pct": 14.251324680001504,
    "sharpe": -0.08341491598169812,
    "win_rate_pct": 50.877192982456144,
    "profit_factor": 0.9951595512397365
  },
  "win001_tr20100701-20150630_te20150701-20150930_va20151001-20151231": {
    "cumulative_return_pct": -70.79422523148084,
    "annualized_return_pct": -99.32283588417447,
    "max_drawdown_pct": 80.09560358460557,
    "sharpe": -0.7349241968271932,
    "win_rate_pct": 49.2063492063492,
    "profit_factor": 0.7104217979335717
  },
  "win002_tr20110101-20151231_te20160101-20160331_va20160401-20160630": {
    "cumulative_return_pct": -32.07037101779797,
    "annualized_return_pct": -80.27857138953381,
    "max_drawdown_pct": 32.0722077231737,
    "sharpe": -0.8980735742176363,
    "win_rate_pct": 45.76271186440678,
    "profit_factor": 0.7317688289846764
  },
  "win003_tr20110701-20160630_te20160701-20160930_va20161001-20161231": {
    "cumulative_return_pct": -15.461919601354957,
    "annualized_return_pct": -50.20039039209787,
    "max_drawdown_pct": 35.57802900846318,
    "sharpe": -0.8260825710038774,
    "win_rate_pct": 52.38095238095239,
    "profit_factor": 0.8273270531272963
  },
  "win004_tr20120101-20161231_te20170101-20170331_va20170401-20170630": {
    "cumulative_return_pct": 2.703835202220129,
    "annualized_return_pct": 11.852063658602185,
    "max_drawdown_pct": 19.492378781762053,
    "sharpe": 0.15867184675369203,
    "win_rate_pct": 54.23728813559322,
    "profit_factor": 1.0395604536344574
  },
  "win005_tr20120701-20170630_te20170701-20170930_va20171001-20171231": {
    "cumulative_return_pct": -2.392261199361668,
    "annualized_return_pct": -9.561433339225955,
    "max_drawdown_pct": 17.254361413261556,
    "sharpe": -0.21499364247910197,
    "win_rate_pct": 55.38461538461539,
    "profit_factor": 0.9718210346677004
  },
  "win006_tr20130101-20171231_te20180101-20180331_va20180401-20180630": {
    "cumulative_return_pct": -40.09763103428312,
    "annualized_return_pct": -88.36815763205261,
    "max_drawdown_pct": 51.77013675483183,
    "sharpe": -1.1464308217227468,
    "win_rate_pct": 42.3728813559322,
    "profit_factor": 0.5641536640717888
  },
  "win007_tr20130701-20180630_te20180701-20180930_va20181001-20181231": {
    "cumulative_return_pct": -74.74569669937856,
    "annualized_return_pct": -99.66936235837369,
    "max_drawdown_pct": 76.0566996021944,
    "sharpe": -1.3621156952668882,
    "win_rate_pct": 29.6875,
    "profit_factor": 0.34430039231784293
  },
  "win008_tr20140101-20181231_te20190101-20190331_va20190401-20190630": {
    "cumulative_return_pct": 49.276786865717916,
    "annualized_return_pct": 448.2282261595202,
    "max_drawdown_pct": 39.76587145418813,
    "sharpe": 4.744237432107209,
    "win_rate_pct": 51.724137931034484,
    "profit_factor": 1.3765099038056559
  },
  "win009_tr20140701-20190630_te20190701-20190930_va20191001-20191231": {
    "cumulative_return_pct": 23.152601152964753,
    "annualized_return_pct": 132.8360552171032,
    "max_drawdown_pct": 29.00103587894694,
    "sharpe": 1.5208016095366592,
    "win_rate_pct": 45.3125,
    "profit_factor": 1.187840086254346
  },
  "win010_tr20150101-20191231_te20200101-20200331_va20200401-20200630": {
    "cumulative_return_pct": -27.065225049164752,
    "annualized_return_pct": -72.61624298129631,
    "max_drawdown_pct": 45.42537986722408,
    "sharpe": -0.7349435326056918,
    "win_rate_pct": 43.103448275862064,
    "profit_factor": 0.8276800242423713
  },
  "win011_tr20150701-20200630_te20200701-20200930_va20201001-20201231": {
    "cumulative_return_pct": -46.47187091689486,
    "annualized_return_pct": -92.08418667708928,
    "max_drawdown_pct": 53.62712642928537,
    "sharpe": -1.3810049348952975,
    "win_rate_pct": 46.15384615384615,
    "profit_factor": 0.5852091234079315
  },
  "win012_tr20160101-20201231_te20210101-20210331_va20210401-20210630": {
    "cumulative_return_pct": 16.870313445050478,
    "annualized_return_pct": 93.88583122821734,
    "max_drawdown_pct": 30.197025605658016,
    "sharpe": 0.9515824325660978,
    "win_rate_pct": 51.724137931034484,
    "profit_factor": 1.1428835283824952
  },
  "win013_tr20160701-20210630_te20210701-20210930_va20211001-20211231": {
    "cumulative_return_pct": -57.20123537583608,
    "annualized_return_pct": -96.80680758609563,
    "max_drawdown_pct": 64.52143004113861,
    "sharpe": -0.8961943341329844,
    "win_rate_pct": 41.269841269841265,
    "profit_factor": 0.6145493084134778
  },
  "win014_tr20170101-20211231_te20220101-20220331_va20220401-20220630": {
    "cumulative_return_pct": -20.195037599721516,
    "annualized_return_pct": -61.6370619576847,
    "max_drawdown_pct": 44.30339808993651,
    "sharpe": -0.7969420826767686,
    "win_rate_pct": 46.55172413793103,
    "profit_factor": 0.7945424308885374
  },
  "win015_tr20170701-20220630_te20220701-20220930_va20221001-20221231": {
    "cumulative_return_pct": -55.24381167095764,
    "annualized_return_pct": -96.4449807596669,
    "max_drawdown_pct": 59.06837302305726,
    "sharpe": -1.2796045980467237,
    "win_rate_pct": 40.625,
    "profit_factor": 0.5084291571554629
  },
  "win016_tr20180101-20221231_te20230101-20230331_va20230401-20230630": {
    "cumulative_return_pct": -15.939422250827878,
    "annualized_return_pct": -51.75881474150303,
    "max_drawdown_pct": 35.014358492768025,
    "sharpe": -0.7768180323535282,
    "win_rate_pct": 30.508474576271187,
    "profit_factor": 0.8476839058011172
  },
  "win017_tr20180701-20230630_te20230701-20230930_va20231001-20231231": {
    "cumulative_return_pct": -23.88380782114961,
    "annualized_return_pct": -68.20140169530245,
    "max_drawdown_pct": 31.25768515284353,
    "sharpe": -1.1623476206349974,
    "win_rate_pct": 48.4375,
    "profit_factor": 0.7236915669823257
  },
  "win018_tr20190101-20231231_te20240101-20240331_va20240401-20240630": {
    "cumulative_return_pct": -28.386500115786234,
    "annualized_return_pct": -75.3833707575972,
    "max_drawdown_pct": 32.05467738832099,
    "sharpe": -1.029980586613635,
    "win_rate_pct": 43.103448275862064,
    "profit_factor": 0.7091609709102417
  },
  "win019_tr20190701-20240630_te20240701-20240930_va20241001-20241231": {
    "cumulative_return_pct": 182.41055853291647,
    "annualized_return_pct": 6658.107667086719,
    "max_drawdown_pct": 24.684687894413358,
    "sharpe": 61.317502919440685,
    "win_rate_pct": 50.79365079365079,
    "profit_factor": 2.315679159899595
  },
  "win020_tr20200101-20241231_te20250101-20250331_va20250401-20250630": {
    "cumulative_return_pct": -27.678377782020018,
    "annualized_return_pct": -73.94549066425324,
    "max_drawdown_pct": 32.94721412981678,
    "sharpe": -1.2732644329157248,
    "win_rate_pct": 42.10526315789473,
    "profit_factor": 0.6867776332544825
  },
  "win021_tr20200701-20250630_te20250701-20250930_va20251001-20251231": {
    "cumulative_return_pct": -25.92639672018826,
    "annualized_return_pct": -70.41640687799222,
    "max_drawdown_pct": 32.79991083854226,
    "sharpe": -1.2343718978242182,
    "win_rate_pct": 35.38461538461539,
    "profit_factor": 0.6858997655465879
  }
}