{
  "win000_tr20100101-20141231_te20150101-20150331_va20150401-20150630": {
    "cumulative_return_pct": 9.952746355789364,
    "annualized_return_pct": 50.336680273438674,
    "max_drawdown_pct": 24.093064972188255,
    "sharpe": 0.8217107707189605,
    "win_rate_pct": 47.368421052631575,
    "profit_factor": 1.1514858383254274
  },
  "win001_tr20100701-20150630_te20150701-20150930_va20151001-20151231": {
    "cumulative_return_pct": -46.18452661003691,
    "annualized_return_pct": -91.91031562502081,
    "max_drawdown_pct": 58.1691185134275,
    "sharpe": -0.5894366649960797,
    "win_rate_pct": 49.2063492063492,
    "profit_factor": 0.772830004300656
  },
  "win002_tr20110101-20151231_te20160101-20160331_va20160401-20160630": {
    "cumulative_return_pct": -27.777168488701236,
    "annualized_return_pct": -74.49198809739592,
    "max_drawdown_pct": 41.7388728822407,
    "sharpe": -0.8526025028190573,
    "win_rate_pct": 52.54237288135594,
    "profit_factor": 0.7693919415554041
  },
  "win003_tr20110701-20160630_te20160701-20160930_va20161001-20161231": {
    "cumulative_return_pct": 6.779959676189534,
    "annualized_return_pct": 31.295142930830355,
    "max_drawdown_pct": 21.936554594873233,
    "sharpe": 0.3988496630397259,
    "win_rate_pct": 50.79365079365079,
    "profit_factor": 1.0676258795949911
  },
  "win004_tr20120101-20161231_te20170101-20170331_va20170401-20170630": {
    "cumulative_return_pct": 8.359457428750186,
    "annualized_return_pct": 40.081420255772194,
    "max_drawdown_pct": 22.780209117098767,
    "sharpe": 0.6756063269777681,
    "win_rate_pct": 55.932203389830505,
    "profit_factor": 1.1092076431419209
  },
  "win005_tr20120701-20170630_te20170701-20170930_va20171001-20171231": {
    "cumulative_return_pct": 28.872492276038063,
    "annualized_return_pct": 186.56789593732927,
    "max_drawdown_pct": 19.512273104820547,
    "sharpe": 2.709332770012413,
    "win_rate_pct": 55.38461538461539,
    "profit_factor": 1.343049857724413
  },
  "win006_tr20130101-20171231_te20180101-20180331_va20180401-20180630": {
    "cumulative_return_pct": -28.110908097072564,
    "annualized_return_pct": -74.98320193279264,
    "max_drawdown_pct": 41.35234617846956,
    "sharpe": -1.1282633238569344,
    "win_rate_pct": 45.76271186440678,
    "profit_factor": 0.6753066017154845
  },
  "win007_tr20130701-20180630_te20180701-20180930_va20181001-20181231": {
    "cumulative_return_pct": -48.869451102153604,
    "annualized_return_pct": -93.82185117501757,
    "max_drawdown_pct": 57.285947096224646,
    "sharpe": -1.537274357735455,
    "win_rate_pct": 40.625,
    "profit_factor": 0.5390383338207221
  },
  "win008_tr20140101-20181231_te20190101-20190331_va20190401-20190630": {
    "cumulative_return_pct": -72.07192844039824,
    "annualized_return_pct": -99.5561007844001,
    "max_drawdown_pct": 74.23106477066675,
    "sharpe": -0.9487512832513779,
    "win_rate_pct": 41.37931034482759,
    "profit_factor": 0.3587779387528916
  },
  "win009_tr20140701-20190630_te20190701-20190930_va20191001-20191231": {
    "cumulative_return_pct": -62.06914574497976,
    "annualized_return_pct": -98.04380686140448,
    "max_drawdown_pct": 62.77883623653433,
    "sharpe": -1.3171154508833602,
    "win_rate_pct": 43.75,
    "profit_factor": 0.3664896442670472
  },
  "win010_tr20150101-20191231_te20200101-20200331_va20200401-20200630": {
    "cumulative_return_pct": -14.188152176881324,
    "annualized_return_pct": -46.63181783511915,
    "max_drawdown_pct": 38.822528293879294,
    "sharpe": -0.4832844587653921,
    "win_rate_pct": 43.103448275862064,
    "profit_factor": 0.9018224595632234
  },
  "win011_tr20150701-20200630_te20200701-20200930_va20201001-20201231": {
    "cumulative_return_pct": -47.056273093104394,
    "annualized_return_pct": -92.42910508181699,
    "max_drawdown_pct": 56.420199651195915,
    "sharpe": -1.0291368519147546,
    "win_rate_pct": 46.15384615384615,
    "profit_factor": 0.5998805703426197
  },
  "win012_tr20160101-20201231_te20210101-20210331_va20210401-20210630": {
    "cumulative_return_pct": -48.78415789706618,
    "annualized_return_pct": -94.1680592122858,
    "max_drawdown_pct": 57.86490090121117,
    "sharpe": -0.8592175549584743,
    "win_rate_pct": 41.37931034482759,
    "profit_factor": 0.5746108651080827
  },
  "win013_tr20160701-20210630_te20210701-20210930_va20211001-20211231": {
    "cumulative_return_pct": -14.99491168855423,
    "annualized_return_pct": -48.279349468806906,
    "max_drawdown_pct": 29.010431252556142,
    "sharpe": -0.529883280251459,
    "win_rate_pct": 53.96825396825397,
    "profit_factor": 0.8960477163167285
  },
  "win014_tr20170101-20211231_te20220101-20220331_va20220401-20220630": {
    "cumulative_return_pct": -20.32487966476197,
    "annualized_return_pct": -61.901450022320994,
    "max_drawdown_pct": 39.828440448197135,
    "sharpe": -0.9401863076130249,
    "win_rate_pct": 48.275862068965516,
    "profit_factor": 0.7953108458241399
  },
  "win015_tr20170701-20220630_te20220701-20220930_va20221001-20221231": {
    "cumulative_return_pct": -45.25335655310105,
    "annualized_return_pct": -91.79582427599735,
    "max_drawdown_pct": 52.32200682802093,
    "sharpe": -1.7591937658857695,
    "win_rate_pct": 35.9375,
    "profit_factor": 0.5780512483413617
  },
  "win016_tr20180101-20221231_te20230101-20230331_va20230401-20230630": {
    "cumulative_return_pct": -1.530637095770682,
    "annualized_return_pct": -6.27050274285973,
    "max_drawdown_pct": 17.985339515879563,
    "sharpe": -0.18463032540972762,
    "win_rate_pct": 45.76271186440678,
    "profit_factor": 0.9775764225286916
  },
  "win017_tr20180701-20230630_te20230701-20230930_va20231001-20231231": {
    "cumulative_return_pct": -33.237574746601865,
    "annualized_return_pct": -81.66261637085358,
    "max_drawdown_pct": 42.967337846061,
    "sharpe": -1.7025811987046506,
    "win_rate_pct": 42.1875,
    "profit_factor": 0.6165592391642506
  },
  "win018_tr20190101-20231231_te20240101-20240331_va20240401-20240630": {
    "cumulative_return_pct": -71.62338545338478,
    "annualized_return_pct": -99.49489971729706,
    "max_drawdown_pct": 71.27821320897587,
    "sharpe": -1.1000156558776504,
    "win_rate_pct": 41.37931034482759,
    "profit_factor": 0.2661289896353215
  },
  "win019_tr20190701-20240630_te20240701-20240930_va20241001-20241231": {
    "cumulative_return_pct": 189.2933974665542,
    "annualized_return_pct": 7351.873969944316,
    "max_drawdown_pct": 31.74873214556742,
    "sharpe": 61.45551347709255,
    "win_rate_pct": 58.730158730158735,
    "profit_factor": 1.9345668801109717
  },
  "win020_tr20200101-20241231_te20250101-20250331_va20250401-20250630": {
    "cumulative_return_pct": -27.498703458892564,
    "annualized_return_pct": -73.67577407078383,
    "max_drawdown_pct": 31.280867328740225,
    "sharpe": -0.8252261157998506,
    "win_rate_pct": 40.35087719298245,
    "profit_factor": 0.7404013463682855
  },
  "win021_tr20200701-20250630_te20250701-20250930_va20251001-20251231": {
    "cumulative_return_pct": -23.184740637159234,
    "annualized_return_pct": -65.71471404979057,
    "max_drawdown_pct": 22.937487396409104,
    "sharpe": -1.0655496129487605,
    "win_rate_pct": 43.07692307692308,
    "profit_factor": 0.7608614991234424
  }
}