{
  "win000_tr20100101-20141231_te20150101-20150331_va20150401-20150630": {
    "cumulative_return_pct": 82.25780111128883,
    "annualized_return_pct": 1218.8142141570286,
    "max_drawdown_pct": 11.233148241932298,
    "sharpe": 19.5359558746217,
    "win_rate_pct": 57.89473684210527,
    "profit_factor": 2.416232550899531
  },
  "win001_tr20100701-20150630_te20150701-20150930_va20151001-20151231": {
    "cumulative_return_pct": -45.579968215553265,
    "annualized_return_pct": -91.5351143859011,
    "max_drawdown_pct": 57.259693655407084,
    "sharpe": -0.6585592120577798,
    "win_rate_pct": 52.38095238095239,
    "profit_factor": 0.7854638118234135
  },
  "win002_tr20110101-20151231_te20160101-20160331_va20160401-20160630": {
    "cumulative_return_pct": -49.576972940898536,
    "annualized_return_pct": -94.35642698009941,
    "max_drawdown_pct": 52.470914684208026,
    "sharpe": -1.0233555423603777,
    "win_rate_pct": 47.45762711864407,
    "profit_factor": 0.5872617360167592
  },
  "win003_tr20110701-20160630_te20160701-20160930_va20161001-20161231": {
    "cumulative_return_pct": -15.196307165613456,
    "annualized_return_pct": -49.54774309805521,
    "max_drawdown_pct": 47.44967466029516,
    "sharpe": -0.774586489343452,
    "win_rate_pct": 46.03174603174603,
    "profit_factor": 0.8446020900422584
  },
  "win004_tr20120101-20161231_te20170101-20170331_va20170401-20170630": {
    "cumulative_return_pct": -24.382561769153643,
    "annualized_return_pct": -69.06703818371942,
    "max_drawdown_pct": 27.55785941919551,
    "sharpe": -1.4640334090107152,
    "win_rate_pct": 50.847457627118644,
    "profit_factor": 0.6600752543391503
  },
  "win005_tr20120701-20170630_te20170701-20170930_va20171001-20171231": {
    "cumulative_return_pct": -25.766981824367868,
    "annualized_return_pct": -70.9661574409194,
    "max_drawdown_pct": 37.831270599795076,
    "sharpe": -1.1872774519344735,
    "win_rate_pct": 52.307692307692314,
    "profit_factor": 0.6866439838198037
  },
  "win006_tr20130101-20171231_te20180101-20180331_va20180401-20180630": {
    "cumulative_return_pct": -35.53345928170929,
    "annualized_return_pct": -84.16809871318476,
    "max_drawdown_pct": 39.24510563031306,
    "sharpe": -0.9785039462173916,
    "win_rate_pct": 44.06779661016949,
    "profit_factor": 0.6886371804235444
  },
  "win007_tr20130701-20180630_te20180701-20180930_va20181001-20181231": {
    "cumulative_return_pct": -33.04090734302578,
    "annualized_return_pct": -81.07609747947957,
    "max_drawdown_pct": 47.64876808953422,
    "sharpe": -1.113030591074593,
    "win_rate_pct": 46.875,
    "profit_factor": 0.7344620824075762
  },
  "win008_tr20140101-20181231_te20190101-20190331_va20190401-20190630": {
    "cumulative_return_pct": -58.53939934397005,
    "annualized_return_pct": -97.62281609999629,
    "max_drawdown_pct": 65.17361456018097,
    "sharpe": -0.9206922077246354,
    "win_rate_pct": 43.103448275862064,
    "profit_factor": 0.5886427445881598
  },
  "win009_tr20140701-20190630_te20190701-20190930_va20191001-20191231": {
    "cumulative_return_pct": 12.73972777250663,
    "annualized_return_pct": 62.6843405427445,
    "max_drawdown_pct": 30.45554152490745,
    "sharpe": 0.9012787876771671,
    "win_rate_pct": 50.0,
    "profit_factor": 1.1400108870673291
  },
  "win010_tr20150101-20191231_te20200101-20200331_va20200401-20200630": {
    "cumulative_return_pct": -39.60440656581434,
    "annualized_return_pct": -87.37415883229659,
    "max_drawdown_pct": 57.630756613743216,
    "sharpe": -0.7456831597126423,
    "win_rate_pct": 46.55172413793103,
    "profit_factor": 0.7620897865723699
  },
  "win011_tr20150701-20200630_te20200701-20200930_va20201001-20201231": {
    "cumulative_return_pct": -7.452070501529542,
    "annualized_return_pct": -26.969397058422185,
    "max_drawdown_pct": 26.528723280540245,
    "sharpe": -0.4387684876594927,
    "win_rate_pct": 50.76923076923077,
    "profit_factor": 0.9236217209809066
  },
  "win012_tr20160101-20201231_te20210101-20210331_va20210401-20210630": {
    "cumulative_return_pct": -52.98921177460032,
    "annualized_return_pct": -95.94685230538096,
    "max_drawdown_pct": 61.07310375570838,
    "sharpe": -1.076808427725744,
    "win_rate_pct": 41.37931034482759,
    "profit_factor": 0.5180730779348953
  },
  "win013_tr20160701-20210630_te20210701-20210930_va20211001-20211231": {
    "cumulative_return_pct": -50.58177867136767,
    "annualized_return_pct": -94.27610240537683,
    "max_drawdown_pct": 58.15759474834091,
    "sharpe": -1.030543260387629,
    "win_rate_pct": 46.03174603174603,
    "profit_factor": 0.5940567934078267
  },
  "win014_tr20170101-20211231_te20220101-20220331_va20220401-20220630": {
    "cumulative_return_pct": -18.096329040168598,
    "annualized_return_pct": -57.16573325594317,
    "max_drawdown_pct": 37.638037469091756,
    "sharpe": -0.9319694491219412,
    "win_rate_pct": 51.724137931034484,
    "profit_factor": 0.7905001607903103
  },
  "win015_tr20170701-20220630_te20220701-20220930_va20221001-20221231": {
    "cumulative_return_pct": -22.883886239365793,
    "annualized_return_pct": -65.9914442106201,
    "max_drawdown_pct": 38.46714038901374,
    "sharpe": -0.8833877118239479,
    "win_rate_pct": 40.625,
    "profit_factor": 0.8377253883602738
  },
  "win016_tr20180101-20221231_te20230101-20230331_va20230401-20230630": {
    "cumulative_return_pct": -17.286281713340724,
    "annualized_return_pct": -54.92167252780714,
    "max_drawdown_pct": 33.53855844071183,
    "sharpe": -0.9462175248945873,
    "win_rate_pct": 45.76271186440678,
    "profit_factor": 0.8221791770603948
  },
  "win017_tr20180701-20230630_te20230701-20230930_va20231001-20231231": {
    "cumulative_return_pct": -4.983880425676273,
    "annualized_return_pct": -19.316097004745746,
    "max_drawdown_pct": 23.637229880021838,
    "sharpe": -0.3796657332838279,
    "win_rate_pct": 40.625,
    "profit_factor": 0.947819067907175
  },
  "win018_tr20190101-20231231_te20240101-20240331_va20240401-20240630": {
    "cumulative_return_pct": -8.830727613999938,
    "annualized_return_pct": -32.16827220171861,
    "max_drawdown_pct": 42.7721011524614,
    "sharpe": -0.38972725769412153,
    "win_rate_pct": 37.93103448275862,
    "profit_factor": 0.9221260674061734
  },
  "win019_tr20190701-20240630_te20240701-20240930_va20241001-20241231": {
    "cumulative_return_pct": 140.87386362382915,
    "annualized_return_pct": 3443.4783181682014,
    "max_drawdown_pct": 18.456100647526146,
    "sharpe": 36.71838814090564,
    "win_rate_pct": 61.904761904761905,
    "profit_factor": 2.083839052555895
  },
  "win020_tr20200101-20241231_te20250101-20250331_va20250401-20250630": {
    "cumulative_return_pct": 13.779376888903114,
    "annualized_return_pct": 70.88171383519935,
    "max_drawdown_pct": 16.309425245850985,
    "sharpe": 0.8175376324993555,
    "win_rate_pct": 43.859649122807014,
    "profit_factor": 1.1554216444518617
  },
  "win021_tr20200701-20250630_te20250701-20250930_va20251001-20251231": {
    "cumulative_return_pct": 2.645859845504339,
    "annualized_return_pct": 11.180169579520683,
    "max_drawdown_pct": 16.832566387898066,
    "sharpe": 0.13358924199661332,
    "win_rate_pct": 49.23076923076923,
    "profit_factor": 1.0306666530384097
  }
}