{
  "win000_tr20100101-20141231_te20150101-20150331_va20150401-20150630": {
    "cumulative_return_pct": 38.13791451933752,
    "annualized_return_pct": 300.8046616969897,
    "max_drawdown_pct": 28.601622598328376,
    "sharpe": 3.739131114326211,
    "win_rate_pct": 49.122807017543856,
    "profit_factor": 1.3712351615804894
  },
  "win001_tr20100701-20150630_te20150701-20150930_va20151001-20151231": {
    "cumulative_return_pct": -71.60546079150582,
    "annualized_return_pct": -99.39598925311789,
    "max_drawdown_pct": 69.78020705086986,
    "sharpe": -0.7827504254375766,
    "win_rate_pct": 47.61904761904761,
    "profit_factor": 0.5027121416142104
  },
  "win002_tr20110101-20151231_te20160101-20160331_va20160401-20160630": {
    "cumulative_return_pct": -63.69219579662578,
    "annualized_return_pct": -98.57846172780526,
    "max_drawdown_pct": 63.68329747855722,
    "sharpe": -1.0526911499574865,
    "win_rate_pct": 42.3728813559322,
    "profit_factor": 0.48439031357080403
  },
  "win003_tr20110701-20160630_te20160701-20160930_va20161001-20161231": {
    "cumulative_return_pct": -41.261189260809054,
    "annualized_return_pct": -89.01226752025109,
    "max_drawdown_pct": 42.51127781887828,
    "sharpe": -1.6344024720944093,
    "win_rate_pct": 34.92063492063492,
    "profit_factor": 0.4834249027942001
  },
  "win004_tr20120101-20161231_te20170101-20170331_va20170401-20170630": {
    "cumulative_return_pct": -31.998213292050558,
    "annualized_return_pct": -80.19047246447184,
    "max_drawdown_pct": 39.94602655704201,
    "sharpe": -1.1376208654706133,
    "win_rate_pct": 54.23728813559322,
    "profit_factor": 0.6701463710084306
  },
  "win005_tr20120701-20170630_te20170701-20170930_va20171001-20171231": {
    "cumulative_return_pct": 10.613974535651552,
    "annualized_return_pct": 51.99747786968185,
    "max_drawdown_pct": 17.275265017292842,
    "sharpe": 1.1538365311096657,
    "win_rate_pct": 41.53846153846154,
    "profit_factor": 1.1849137604962445
  },
  "win006_tr20130101-20171231_te20180101-20180331_va20180401-20180630": {
    "cumulative_return_pct": -20.225585202356893,
    "annualized_return_pct": -61.27455347437929,
    "max_drawdown_pct": 41.62425782542296,
    "sharpe": -1.0247213119349508,
    "win_rate_pct": 47.45762711864407,
    "profit_factor": 0.7373861806985194
  },
  "win007_tr20130701-20180630_te20180701-20180930_va20181001-20181231": {
    "cumulative_return_pct": -58.69035257052717,
    "annualized_return_pct": -97.45084922120972,
    "max_drawdown_pct": 62.71113376042335,
    "sharpe": -1.511642506645074,
    "win_rate_pct": 40.625,
    "profit_factor": 0.36374693071077707
  },
  "win008_tr20140101-20181231_te20190101-20190331_va20190401-20190630": {
    "cumulative_return_pct": 25.752981069276736,
    "annualized_return_pct": 164.64484050767066,
    "max_drawdown_pct": 31.794399988057258,
    "sharpe": 1.5293432532929183,
    "win_rate_pct": 56.896551724137936,
    "profit_factor": 1.1576641875501694
  },
  "win009_tr20140701-20190630_te20190701-20190930_va20191001-20191231": {
    "cumulative_return_pct": -32.817085210586185,
    "annualized_return_pct": -80.09515495246946,
    "max_drawdown_pct": 23.08001783227305,
    "sharpe": -1.44806450860953,
    "win_rate_pct": 43.75,
    "profit_factor": 0.6375594096307332
  },
  "win010_tr20150101-20191231_te20200101-20200331_va20200401-20200630": {
    "cumulative_return_pct": -24.727488986773544,
    "annualized_return_pct": -68.83091034169948,
    "max_drawdown_pct": 45.28551166833669,
    "sharpe": -0.750458864654693,
    "win_rate_pct": 43.103448275862064,
    "profit_factor": 0.7914258825153587
  },
  "win011_tr20150701-20200630_te20200701-20200930_va20201001-20201231": {
    "cumulative_return_pct": -25.961818474676168,
    "annualized_return_pct": -70.47377724746543,
    "max_drawdown_pct": 52.606719590964346,
    "sharpe": -0.9938395731590346,
    "win_rate_pct": 44.61538461538462,
    "profit_factor": 0.7097607600196014
  },
  "win012_tr20160101-20201231_te20210101-20210331_va20210401-20210630": {
    "cumulative_return_pct": -56.281409378308,
    "annualized_return_pct": -97.02233576163178,
    "max_drawdown_pct": 57.53475094105852,
    "sharpe": -1.3128350944723262,
    "win_rate_pct": 39.6551724137931,
    "profit_factor": 0.507973346514204
  },
  "win013_tr20160701-20210630_te20210701-20210930_va20211001-20211231": {
    "cumulative_return_pct": -17.887962744686508,
    "annualized_return_pct": -55.05986480920966,
    "max_drawdown_pct": 36.661139752605095,
    "sharpe": -0.5844133599914522,
    "win_rate_pct": 47.61904761904761,
    "profit_factor": 0.8883526916450487
  },
  "win014_tr20170101-20211231_te20220101-20220331_va20220401-20220630": {
    "cumulative_return_pct": 58.28004252624761,
    "annualized_return_pct": 603.0422829155661,
    "max_drawdown_pct": 30.81871974718296,
    "sharpe": 7.185554834879378,
    "win_rate_pct": 55.172413793103445,
    "profit_factor": 1.6061973070164732
  },
  "win015_tr20170701-20220630_te20220701-20220930_va20221001-20221231": {
    "cumulative_return_pct": -37.479594304510684,
    "annualized_return_pct": -85.7644411387494,
    "max_drawdown_pct": 44.18376192433085,
    "sharpe": -1.3463867278084412,
    "win_rate_pct": 42.1875,
    "profit_factor": 0.6857982671841574
  },
  "win016_tr20180101-20221231_te20230101-20230331_va20230401-20230630": {
    "cumulative_return_pct": 39.949767474945006,
    "annualized_return_pct": 310.0449663950444,
    "max_drawdown_pct": 17.372800746047673,
    "sharpe": 4.398314251751382,
    "win_rate_pct": 55.932203389830505,
    "profit_factor": 1.438154183553926
  },
  "win017_tr20180701-20230630_te20230701-20230930_va20231001-20231231": {
    "cumulative_return_pct": -24.961768210916883,
    "annualized_return_pct": -70.04964908222252,
    "max_drawdown_pct": 38.90247305985684,
    "sharpe": -1.0253130821137912,
    "win_rate_pct": 43.75,
    "profit_factor": 0.7856109018363877
  },
  "win018_tr20190101-20231231_te20240101-20240331_va20240401-20240630": {
    "cumulative_return_pct": 7.2611300800286935,
    "annualized_return_pct": 34.216361095695945,
    "max_drawdown_pct": 25.642169408365557,
    "sharpe": 0.34077351671085193,
    "win_rate_pct": 46.55172413793103,
    "profit_factor": 1.0614993532759402
  },
  "win019_tr20190701-20240630_te20240701-20240930_va20241001-20241231": {
    "cumulative_return_pct": 231.770707740674,
    "annualized_return_pct": 12893.746086375319,
    "max_drawdown_pct": 28.863260380529304,
    "sharpe": 119.65450790785603,
    "win_rate_pct": 60.317460317460316,
    "profit_factor": 2.174334664889897
  },
  "win020_tr20200101-20241231_te20250101-20250331_va20250401-20250630": {
    "cumulative_return_pct": -11.196609070722364,
    "annualized_return_pct": -38.912362580964,
    "max_drawdown_pct": 28.130184792175122,
    "sharpe": -0.44551554576967206,
    "win_rate_pct": 49.122807017543856,
    "profit_factor": 0.8935819670773321
  },
  "win021_tr20200701-20250630_te20250701-20250930_va20251001-20251231": {
    "cumulative_return_pct": -14.12555942623025,
    "annualized_return_pct": -46.09888543908149,
    "max_drawdown_pct": 32.52634718001522,
    "sharpe": -0.6642177691366282,
    "win_rate_pct": 49.23076923076923,
    "profit_factor": 0.8794987950554521
  }
}