{
  "win000_tr20100101-20141231_te20150101-20150331_va20150401-20150630": {
    "cumulative_return_pct": 69.45004099298399,
    "annualized_return_pct": 864.2853403953877,
    "max_drawdown_pct": 14.853868305806797,
    "sharpe": 13.939669393950824,
    "win_rate_pct": 56.14035087719298,
    "profit_factor": 2.193307459656702
  },
  "win001_tr20100701-20150630_te20150701-20150930_va20151001-20151231": {
    "cumulative_return_pct": -83.13444907792166,
    "annualized_return_pct": -99.92706928132151,
    "max_drawdown_pct": 79.1562274378871,
    "sharpe": -0.7065277059987617,
    "win_rate_pct": 44.44444444444444,
    "profit_factor": 0.45317248300842805
  },
  "win002_tr20110101-20151231_te20160101-20160331_va20160401-20160630": {
    "cumulative_return_pct": -54.87861771161633,
    "annualized_return_pct": -96.46001065755802,
    "max_drawdown_pct": 57.38812289163824,
    "sharpe": -1.089842603076899,
    "win_rate_pct": 47.45762711864407,
    "profit_factor": 0.5185741379689123
  },
  "win003_tr20110701-20160630_te20160701-20160930_va20161001-20161231": {
    "cumulative_return_pct": -2.1639887056173057,
    "annualized_return_pct": -8.680323073258755,
    "max_drawdown_pct": 27.527340655568562,
    "sharpe": -0.18253789010783217,
    "win_rate_pct": 50.79365079365079,
    "profit_factor": 0.9748224751359029
  },
  "win004_tr20120101-20161231_te20170101-20170331_va20170401-20170630": {
    "cumulative_return_pct": -10.59079975889537,
    "annualized_return_pct": -37.49869195638177,
    "max_drawdown_pct": 27.4279427540059,
    "sharpe": -0.7004393911999345,
    "win_rate_pct": 54.23728813559322,
    "profit_factor": 0.8664310342522982
  },
  "win005_tr20120701-20170630_te20170701-20170930_va20171001-20171231": {
    "cumulative_return_pct": -16.872440003529377,
    "annualized_return_pct": -53.55956407012391,
    "max_drawdown_pct": 33.413726859538876,
    "sharpe": -0.9913660575129477,
    "win_rate_pct": 49.23076923076923,
    "profit_factor": 0.7688859076410866
  },
  "win006_tr20130101-20171231_te20180101-20180331_va20180401-20180630": {
    "cumulative_return_pct": -38.46339467032385,
    "annualized_return_pct": -86.9765991327798,
    "max_drawdown_pct": 44.733007196506826,
    "sharpe": -1.044819533330679,
    "win_rate_pct": 49.152542372881356,
    "profit_factor": 0.6293648817035142
  },
  "win007_tr20130701-20180630_te20180701-20180930_va20181001-20181231": {
    "cumulative_return_pct": -46.09814477670746,
    "annualized_return_pct": -92.30864402574592,
    "max_drawdown_pct": 52.11351590024198,
    "sharpe": -1.5088409668838483,
    "win_rate_pct": 40.625,
    "profit_factor": 0.5559308556624375
  },
  "win008_tr20140101-20181231_te20190101-20190331_va20190401-20190630": {
    "cumulative_return_pct": -37.03159844828403,
    "annualized_return_pct": -85.97653649595665,
    "max_drawdown_pct": 54.49592790877812,
    "sharpe": -0.8766265278226443,
    "win_rate_pct": 50.0,
    "profit_factor": 0.6702102374640959
  },
  "win009_tr20140701-20190630_te20190701-20190930_va20191001-20191231": {
    "cumulative_return_pct": -24.267425630172433,
    "annualized_return_pct": -67.63399933732909,
    "max_drawdown_pct": 31.138333495386515,
    "sharpe": -1.3170636294622935,
    "win_rate_pct": 39.0625,
    "profit_factor": 0.694173501591059
  },
  "win010_tr20150101-20191231_te20200101-20200331_va20200401-20200630": {
    "cumulative_return_pct": -38.772791933790025,
    "annualized_return_pct": -86.64529153539743,
    "max_drawdown_pct": 60.88581820932089,
    "sharpe": -0.7562806641759418,
    "win_rate_pct": 46.55172413793103,
    "profit_factor": 0.7780747804120416
  },
  "win011_tr20150701-20200630_te20200701-20200930_va20201001-20201231": {
    "cumulative_return_pct": -5.978741080821166,
    "annualized_return_pct": -22.134973658508382,
    "max_drawdown_pct": 31.698935101034536,
    "sharpe": -0.37204748018559686,
    "win_rate_pct": 46.15384615384615,
    "profit_factor": 0.9473583378733182
  },
  "win012_tr20160101-20201231_te20210101-20210331_va20210401-20210630": {
    "cumulative_return_pct": -43.97350541716092,
    "annualized_return_pct": -91.46106750750727,
    "max_drawdown_pct": 46.41104003766123,
    "sharpe": -1.0609571517439773,
    "win_rate_pct": 43.103448275862064,
    "profit_factor": 0.5751477996207942
  },
  "win013_tr20160701-20210630_te20210701-20210930_va20211001-20211231": {
    "cumulative_return_pct": -49.31642169453635,
    "annualized_return_pct": -93.65760918553698,
    "max_drawdown_pct": 57.086217066402476,
    "sharpe": -1.0049042663524348,
    "win_rate_pct": 47.61904761904761,
    "profit_factor": 0.6013539577410962
  },
  "win014_tr20170101-20211231_te20220101-20220331_va20220401-20220630": {
    "cumulative_return_pct": -29.464821689350696,
    "annualized_return_pct": -77.29271570793007,
    "max_drawdown_pct": 46.54131746369345,
    "sharpe": -1.1467902819154896,
    "win_rate_pct": 48.275862068965516,
    "profit_factor": 0.7034868821232863
  },
  "win015_tr20170701-20220630_te20220701-20220930_va20221001-20221231": {
    "cumulative_return_pct": -19.96503662393893,
    "annualized_return_pct": -60.32143017295193,
    "max_drawdown_pct": 36.6513959494594,
    "sharpe": -0.8189188874646868,
    "win_rate_pct": 37.5,
    "profit_factor": 0.865591045134102
  },
  "win016_tr20180101-20221231_te20230101-20230331_va20230401-20230630": {
    "cumulative_return_pct": -17.663842301992222,
    "annualized_return_pct": -55.77925672477494,
    "max_drawdown_pct": 32.5587484424104,
    "sharpe": -1.0213286121919576,
    "win_rate_pct": 35.59322033898305,
    "profit_factor": 0.7894169266986392
  },
  "win017_tr20180701-20230630_te20230701-20230930_va20231001-20231231": {
    "cumulative_return_pct": -7.401113527658093,
    "annualized_return_pct": -27.589460054257376,
    "max_drawdown_pct": 30.268080647690226,
    "sharpe": -0.5992601955983327,
    "win_rate_pct": 40.625,
    "profit_factor": 0.9128922545185543
  },
  "win018_tr20190101-20231231_te20240101-20240331_va20240401-20240630": {
    "cumulative_return_pct": -3.8372619768785894,
    "annualized_return_pct": -15.148808660071179,
    "max_drawdown_pct": 44.5331930094644,
    "sharpe": -0.20387025619813423,
    "win_rate_pct": 48.275862068965516,
    "profit_factor": 0.9627016240074096
  },
  "win019_tr20190701-20240630_te20240701-20240930_va20241001-20241231": {
    "cumulative_return_pct": 39.784855378092125,
    "annualized_return_pct": 289.3369833971101,
    "max_drawdown_pct": 31.88493302790125,
    "sharpe": 3.0932699004449935,
    "win_rate_pct": 55.55555555555556,
    "profit_factor": 1.3368340668129586
  },
  "win020_tr20200101-20241231_te20250101-20250331_va20250401-20250630": {
    "cumulative_return_pct": -7.884179040806566,
    "annualized_return_pct": -28.884089059737427,
    "max_drawdown_pct": 20.75544794328516,
    "sharpe": -0.3478276548614141,
    "win_rate_pct": 42.10526315789473,
    "profit_factor": 0.9286265942578764
  },
  "win021_tr20200701-20250630_te20250701-20250930_va20251001-20251231": {
    "cumulative_return_pct": -26.897272389976855,
    "annualized_return_pct": -71.9587661702225,
    "max_drawdown_pct": 35.6703169226164,
    "sharpe": -1.2015978733790937,
    "win_rate_pct": 36.92307692307693,
    "profit_factor": 0.6829043177740494
  }
}