{
  "win000_tr20100101-20141231_te20150101-20150331_va20150401-20150630": {
    "cumulative_return_pct": 89.22936928419243,
    "annualized_return_pct": 1449.6586961041924,
    "max_drawdown_pct": 18.69659966759316,
    "sharpe": 21.020730840967506,
    "win_rate_pct": 54.385964912280706,
    "profit_factor": 2.3724566389365704
  },
  "win001_tr20100701-20150630_te20150701-20150930_va20151001-20151231": {
    "cumulative_return_pct": -62.661237191928855,
    "annualized_return_pct": -98.16480440747605,
    "max_drawdown_pct": 59.6325570725761,
    "sharpe": -0.7962276926981532,
    "win_rate_pct": 49.2063492063492,
    "profit_factor": 0.6171354996765781
  },
  "win002_tr20110101-20151231_te20160101-20160331_va20160401-20160630": {
    "cumulative_return_pct": -37.09839767416811,
    "annualized_return_pct": -85.720062353157,
    "max_drawdown_pct": 43.13307851481858,
    "sharpe": -0.8218056870380749,
    "win_rate_pct": 47.45762711864407,
    "profit_factor": 0.7252934782197917
  },
  "win003_tr20110701-20160630_te20160701-20160930_va20161001-20161231": {
    "cumulative_return_pct": -6.344931154186058,
    "annualized_return_pct": -23.82040358842251,
    "max_drawdown_pct": 32.46497460857429,
    "sharpe": -0.36162201669440863,
    "win_rate_pct": 46.03174603174603,
    "profit_factor": 0.9393774901961632
  },
  "win004_tr20120101-20161231_te20170101-20170331_va20170401-20170630": {
    "cumulative_return_pct": -41.92785625220782,
    "annualized_return_pct": -89.78891344985823,
    "max_drawdown_pct": 55.32843842833929,
    "sharpe": -1.0189718040003435,
    "win_rate_pct": 44.06779661016949,
    "profit_factor": 0.6040382038344762
  },
  "win005_tr20120701-20170630_te20170701-20170930_va20171001-20171231": {
    "cumulative_return_pct": 11.057635593657707,
    "annualized_return_pct": 54.543888662938286,
    "max_drawdown_pct": 14.977994125113508,
    "sharpe": 0.9196284000396566,
    "win_rate_pct": 53.84615384615385,
    "profit_factor": 1.1358241560807463
  },
  "win006_tr20130101-20171231_te20180101-20180331_va20180401-20180630": {
    "cumulative_return_pct": -3.7645314141261856,
    "annualized_return_pct": -14.87905690153296,
    "max_drawdown_pct": 21.674779012300665,
    "sharpe": -0.25120293255009235,
    "win_rate_pct": 40.67796610169492,
    "profit_factor": 0.9612699805275687
  },
  "win007_tr20130701-20180630_te20180701-20180930_va20181001-20181231": {
    "cumulative_return_pct": -25.59001145992994,
    "annualized_return_pct": -70.67779002017288,
    "max_drawdown_pct": 29.070333002681863,
    "sharpe": -1.0799270807732355,
    "win_rate_pct": 43.75,
    "profit_factor": 0.7571646083613509
  },
  "win008_tr20140101-20181231_te20190101-20190331_va20190401-20190630": {
    "cumulative_return_pct": -41.937028766669755,
    "annualized_return_pct": -90.06293392612984,
    "max_drawdown_pct": 56.580381291558766,
    "sharpe": -0.9002323013344133,
    "win_rate_pct": 41.37931034482759,
    "profit_factor": 0.6713652606581944
  },
  "win009_tr20140701-20190630_te20190701-20190930_va20191001-20191231": {
    "cumulative_return_pct": -47.27410697824254,
    "annualized_return_pct": -92.55472906127515,
    "max_drawdown_pct": 54.4094105780036,
    "sharpe": -1.068050921167432,
    "win_rate_pct": 42.1875,
    "profit_factor": 0.636300391904097
  },
  "win010_tr20150101-20191231_te20200101-20200331_va20200401-20200630": {
    "cumulative_return_pct": -0.4659059393314179,
    "annualized_return_pct": -1.8982662403804085,
    "max_drawdown_pct": 32.37893187139094,
    "sharpe": -0.046513483217692234,
    "win_rate_pct": 46.55172413793103,
    "profit_factor": 0.996877451613886
  },
  "win011_tr20150701-20200630_te20200701-20200930_va20201001-20201231": {
    "cumulative_return_pct": -59.632247265248836,
    "annualized_return_pct": -97.48141289548352,
    "max_drawdown_pct": 70.31276785265587,
    "sharpe": -1.1709470618870896,
    "win_rate_pct": 43.07692307692308,
    "profit_factor": 0.5127725626688907
  },
  "win012_tr20160101-20201231_te20210101-20210331_va20210401-20210630": {
    "cumulative_return_pct": -61.32070395897736,
    "annualized_return_pct": -98.22996001940777,
    "max_drawdown_pct": 64.5880998011973,
    "sharpe": -1.2329629822828292,
    "win_rate_pct": 36.206896551724135,
    "profit_factor": 0.5075584371631796
  },
  "win013_tr20160701-20210630_te20210701-20210930_va20211001-20211231": {
    "cumulative_return_pct": -30.99611420494431,
    "annualized_return_pct": -77.81317551226354,
    "max_drawdown_pct": 42.676934786099366,
    "sharpe": -0.8265591226170611,
    "win_rate_pct": 49.2063492063492,
    "profit_factor": 0.7936686203421072
  },
  "win014_tr20170101-20211231_te20220101-20220331_va20220401-20220630": {
    "cumulative_return_pct": -20.762658691950435,
    "annualized_return_pct": -62.78261439102889,
    "max_drawdown_pct": 59.89274844301732,
    "sharpe": -0.6744109241500333,
    "win_rate_pct": 50.0,
    "profit_factor": 0.8310048634953493
  },
  "win015_tr20170701-20220630_te20220701-20220930_va20221001-20221231": {
    "cumulative_return_pct": -25.546793807650232,
    "annualized_return_pct": -70.6070391934807,
    "max_drawdown_pct": 41.4492458937642,
    "sharpe": -0.7898754348092393,
    "win_rate_pct": 43.75,
    "profit_factor": 0.8140621440077123
  },
  "win016_tr20180101-20221231_te20230101-20230331_va20230401-20230630": {
    "cumulative_return_pct": -29.268839139200026,
    "annualized_return_pct": -76.63183596353174,
    "max_drawdown_pct": 39.60768822446938,
    "sharpe": -0.8886340945233632,
    "win_rate_pct": 47.45762711864407,
    "profit_factor": 0.7678595870296377
  },
  "win017_tr20180701-20230630_te20230701-20230930_va20231001-20231231": {
    "cumulative_return_pct": -25.869346407646688,
    "annualized_return_pct": -71.54130217383405,
    "max_drawdown_pct": 33.99682999301141,
    "sharpe": -1.4489690577766057,
    "win_rate_pct": 45.3125,
    "profit_factor": 0.6998614678669025
  },
  "win018_tr20190101-20231231_te20240101-20240331_va20240401-20240630": {
    "cumulative_return_pct": -52.94600437848801,
    "annualized_return_pct": -95.77847056994419,
    "max_drawdown_pct": 55.322881449724825,
    "sharpe": -1.1161830401719477,
    "win_rate_pct": 39.6551724137931,
    "profit_factor": 0.5070298035046487
  },
  "win019_tr20190701-20240630_te20240701-20240930_va20241001-20241231": {
    "cumulative_return_pct": 71.97253253150687,
    "annualized_return_pct": 802.7582395767205,
    "max_drawdown_pct": 22.836993896954198,
    "sharpe": 8.579267816013221,
    "win_rate_pct": 52.38095238095239,
    "profit_factor": 1.5608721984203695
  },
  "win020_tr20200101-20241231_te20250101-20250331_va20250401-20250630": {
    "cumulative_return_pct": 86.28995418305735,
    "annualized_return_pct": 1222.6339788935009,
    "max_drawdown_pct": 22.659750966403127,
    "sharpe": 13.994638255547343,
    "win_rate_pct": 49.122807017543856,
    "profit_factor": 1.6597339507743192
  },
  "win021_tr20200701-20250630_te20250701-20250930_va20251001-20251231": {
    "cumulative_return_pct": -20.679190238339444,
    "annualized_return_pct": -60.944745428504376,
    "max_drawdown_pct": 36.541452024076,
    "sharpe": -0.7725675243075107,
    "win_rate_pct": 44.61538461538462,
    "profit_factor": 0.8420948654597331
  }
}