{
  "size": 2,
  "models": "PatchTST,iTransformer",
  "num_windows": 22,
  "mean_test_cumulative_return_pct": -3.6807195901326653,
  "std_test_cumulative_return_pct": 65.86163770669457,
  "min_test_cumulative_return_pct": -69.07873426453753,
  "max_test_cumulative_return_pct": 246.8757839312409,
  "mean_test_annualized_return_pct": 748.3976758112858,
  "mean_test_max_drawdown_pct": 40.42649491489079,
  "mean_test_sharpe": 5.839549231994081,
  "mean_test_win_rate_pct": 46.78984445083833,
  "mean_test_profit_factor": 0.9210493898745521
}