{
  "win000_tr20100101-20141231_te20150101-20150331_va20150401-20150630": {
    "cumulative_return_pct": 63.528397784553604,
    "annualized_return_pct": 727.6037804596948,
    "max_drawdown_pct": 23.29364278087719,
    "sharpe": 8.33161552426853,
    "win_rate_pct": 59.64912280701754,
    "profit_factor": 1.5419530062573708
  },
  "win001_tr20100701-20150630_te20150701-20150930_va20151001-20151231": {
    "cumulative_return_pct": -68.24123793005315,
    "annualized_return_pct": -99.04852736122109,
    "max_drawdown_pct": 68.98823073480106,
    "sharpe": -0.7554695045602614,
    "win_rate_pct": 52.38095238095239,
    "profit_factor": 0.6176452153065279
  },
  "win002_tr20110101-20151231_te20160101-20160331_va20160401-20160630": {
    "cumulative_return_pct": -34.03711266901388,
    "annualized_return_pct": -82.56708096315627,
    "max_drawdown_pct": 37.15420947030129,
    "sharpe": -0.9432593335151567,
    "win_rate_pct": 45.76271186440678,
    "profit_factor": 0.6927123731475696
  },
  "win003_tr20110701-20160630_te20160701-20160930_va20161001-20161231": {
    "cumulative_return_pct": -28.858566006649227,
    "annualized_return_pct": -75.66536531472028,
    "max_drawdown_pct": 35.85057495743658,
    "sharpe": -1.1573134803955805,
    "win_rate_pct": 46.03174603174603,
    "profit_factor": 0.7052491929871414
  },
  "win004_tr20120101-20161231_te20170101-20170331_va20170401-20170630": {
    "cumulative_return_pct": -16.306785745982207,
    "annualized_return_pct": -52.637749385677864,
    "max_drawdown_pct": 27.65261737719565,
    "sharpe": -0.827341588856269,
    "win_rate_pct": 54.23728813559322,
    "profit_factor": 0.823244949991838
  },
  "win005_tr20120701-20170630_te20170701-20170930_va20171001-20171231": {
    "cumulative_return_pct": -26.458144906145193,
    "annualized_return_pct": -72.07181725981502,
    "max_drawdown_pct": 39.97811936776429,
    "sharpe": -1.071789195291044,
    "win_rate_pct": 44.61538461538462,
    "profit_factor": 0.7027707842903294
  },
  "win006_tr20130101-20171231_te20180101-20180331_va20180401-20180630": {
    "cumulative_return_pct": 76.99594402930498,
    "annualized_return_pct": 999.0523958371663,
    "max_drawdown_pct": 16.587798524777718,
    "sharpe": 11.73619449934783,
    "win_rate_pct": 50.847457627118644,
    "profit_factor": 1.855505158242918
  },
  "win007_tr20130701-20180630_te20180701-20180930_va20181001-20181231": {
    "cumulative_return_pct": -43.51227152658687,
    "annualized_return_pct": -90.65738128347192,
    "max_drawdown_pct": 53.17003788505461,
    "sharpe": -1.3966370705166071,
    "win_rate_pct": 32.8125,
    "profit_factor": 0.5268285749261563
  },
  "win008_tr20140101-20181231_te20190101-20190331_va20190401-20190630": {
    "cumulative_return_pct": 33.79327193338184,
    "annualized_return_pct": 244.3325870614948,
    "max_drawdown_pct": 28.2992245251561,
    "sharpe": 1.9683483394258454,
    "win_rate_pct": 63.793103448275865,
    "profit_factor": 1.1689926556186832
  },
  "win009_tr20140701-20190630_te20190701-20190930_va20191001-20191231": {
    "cumulative_return_pct": -37.886354780705695,
    "annualized_return_pct": -85.52281987809415,
    "max_drawdown_pct": 45.57227726998543,
    "sharpe": -1.0399372268601894,
    "win_rate_pct": 46.875,
    "profit_factor": 0.6303943069074326
  },
  "win010_tr20150101-20191231_te20200101-20200331_va20200401-20200630": {
    "cumulative_return_pct": -19.255494763604343,
    "annualized_return_pct": -58.42828678138295,
    "max_drawdown_pct": 33.0474780798103,
    "sharpe": -0.5579971276958033,
    "win_rate_pct": 56.896551724137936,
    "profit_factor": 0.8820603466816043
  },
  "win011_tr20150701-20200630_te20200701-20200930_va20201001-20201231": {
    "cumulative_return_pct": -69.07873426453753,
    "annualized_return_pct": -99.14632205914944,
    "max_drawdown_pct": 74.30763829548019,
    "sharpe": -1.0084263954106816,
    "win_rate_pct": 32.30769230769231,
    "profit_factor": 0.38911892474830234
  },
  "win012_tr20160101-20201231_te20210101-20210331_va20210401-20210630": {
    "cumulative_return_pct": -52.45167659575956,
    "annualized_return_pct": -95.74633587766273,
    "max_drawdown_pct": 61.27700308794072,
    "sharpe": -0.9815097655880454,
    "win_rate_pct": 36.206896551724135,
    "profit_factor": 0.5978081052566538
  },
  "win013_tr20160701-20210630_te20210701-20210930_va20211001-20211231": {
    "cumulative_return_pct": -29.330197110743367,
    "annualized_return_pct": -75.55776982201317,
    "max_drawdown_pct": 46.02159727257499,
    "sharpe": -0.7267641531827368,
    "win_rate_pct": 46.03174603174603,
    "profit_factor": 0.7883466862852282
  },
  "win014_tr20170101-20211231_te20220101-20220331_va20220401-20220630": {
    "cumulative_return_pct": -33.21904553572439,
    "annualized_return_pct": -81.9995495234927,
    "max_drawdown_pct": 46.60832308813119,
    "sharpe": -1.0366335861207583,
    "win_rate_pct": 37.93103448275862,
    "profit_factor": 0.6883768970016982
  },
  "win015_tr20170701-20220630_te20220701-20220930_va20221001-20221231": {
    "cumulative_return_pct": 28.9621523612835,
    "annualized_return_pct": 187.3963147575557,
    "max_drawdown_pct": 19.148606531372607,
    "sharpe": 2.8371046149958543,
    "win_rate_pct": 48.4375,
    "profit_factor": 1.2524740210564278
  },
  "win016_tr20180101-20221231_te20230101-20230331_va20230401-20230630": {
    "cumulative_return_pct": -5.295524723388127,
    "annualized_return_pct": -20.421298291574107,
    "max_drawdown_pct": 25.294038300329547,
    "sharpe": -0.3697509187387758,
    "win_rate_pct": 40.67796610169492,
    "profit_factor": 0.9443333195812569
  },
  "win017_tr20180701-20230630_te20230701-20230930_va20231001-20231231": {
    "cumulative_return_pct": -12.689577964031894,
    "annualized_return_pct": -43.43091193398809,
    "max_drawdown_pct": 31.905928255326625,
    "sharpe": -0.6009657871276413,
    "win_rate_pct": 34.375,
    "profit_factor": 0.8870742383928123
  },
  "win018_tr20190101-20231231_te20240101-20240331_va20240401-20240630": {
    "cumulative_return_pct": 5.686258441426884,
    "annualized_return_pct": 26.135224817547687,
    "max_drawdown_pct": 41.97495767188203,
    "sharpe": 0.2073403785015042,
    "win_rate_pct": 56.896551724137936,
    "profit_factor": 1.044104523065966
  },
  "win019_tr20190701-20240630_te20240701-20240930_va20241001-20241231": {
    "cumulative_return_pct": 246.8757839312409,
    "annualized_return_pct": 15467.04127075035,
    "max_drawdown_pct": 33.154806680032195,
    "sharpe": 117.5966948021847,
    "win_rate_pct": 52.38095238095239,
    "profit_factor": 2.0056138606633147
  },
  "win020_tr20200101-20241231_te20250101-20250331_va20250401-20250630": {
    "cumulative_return_pct": -31.174908599315003,
    "annualized_return_pct": -78.78920153796298,
    "max_drawdown_pct": 53.798864277005706,
    "sharpe": -0.8017836009415753,
    "win_rate_pct": 45.614035087719294,
    "profit_factor": 0.7993345540223084
  },
  "win021_tr20200701-20250630_te20250701-20250930_va20251001-20251231": {
    "cumulative_return_pct": -29.022006341869893,
    "annualized_return_pct": -75.12228856213929,
    "max_drawdown_pct": 46.29691369436132,
    "sharpe": -0.9316363200533669,
    "win_rate_pct": 44.61538461538462,
    "profit_factor": 0.7191448828086052
  }
}