{
  "size": 4,
  "models": "FiLM,FreTS,PatchTST,TimeMixer",
  "num_windows": 22,
  "mean_test_cumulative_return_pct": -13.259716600669753,
  "std_test_cumulative_return_pct": 46.04267638947473,
  "min_test_cumulative_return_pct": -63.35852604731147,
  "max_test_cumulative_return_pct": 127.75187014174986,
  "mean_test_annualized_return_pct": 161.78336252629515,
  "mean_test_max_drawdown_pct": 42.16727534484394,
  "mean_test_sharpe": 2.158514640125935,
  "mean_test_win_rate_pct": 45.453286606150044,
  "mean_test_profit_factor": 0.9325525133316163
}