{
  "win000_tr20100101-20141231_te20150101-20150331_va20150401-20150630": {
    "cumulative_return_pct": 127.75187014174986,
    "annualized_return_pct": 3335.8566341650876,
    "max_drawdown_pct": 18.696599667593144,
    "sharpe": 44.46875492100717,
    "win_rate_pct": 56.14035087719298,
    "profit_factor": 2.9745198413151477
  },
  "win001_tr20100701-20150630_te20150701-20150930_va20151001-20151231": {
    "cumulative_return_pct": -59.81925057791343,
    "annualized_return_pct": -97.52842847857208,
    "max_drawdown_pct": 57.75091628125687,
    "sharpe": -0.819806684306848,
    "win_rate_pct": 50.79365079365079,
    "profit_factor": 0.6416815252712424
  },
  "win002_tr20110101-20151231_te20160101-20160331_va20160401-20160630": {
    "cumulative_return_pct": -62.77051308892351,
    "annualized_return_pct": -98.4206969877591,
    "max_drawdown_pct": 61.87700611804361,
    "sharpe": -1.029540634827804,
    "win_rate_pct": 44.06779661016949,
    "profit_factor": 0.48154499213649066
  },
  "win003_tr20110701-20160630_te20160701-20160930_va20161001-20161231": {
    "cumulative_return_pct": -20.902472966981087,
    "annualized_return_pct": -62.2151070443421,
    "max_drawdown_pct": 40.78507594979226,
    "sharpe": -0.842407056193747,
    "win_rate_pct": 44.44444444444444,
    "profit_factor": 0.7918086969807874
  },
  "win004_tr20120101-20161231_te20170101-20170331_va20170401-20170630": {
    "cumulative_return_pct": -43.30946706260309,
    "annualized_return_pct": -90.77068967878475,
    "max_drawdown_pct": 59.10928892463038,
    "sharpe": -0.9552324642902187,
    "win_rate_pct": 50.847457627118644,
    "profit_factor": 0.5610495890742867
  },
  "win005_tr20120701-20170630_te20170701-20170930_va20171001-20171231": {
    "cumulative_return_pct": 35.725884346963674,
    "annualized_return_pct": 255.32478242792624,
    "max_drawdown_pct": 14.391986748841786,
    "sharpe": 4.612453541992119,
    "win_rate_pct": 58.46153846153847,
    "profit_factor": 1.4706371014897182
  },
  "win006_tr20130101-20171231_te20180101-20180331_va20180401-20180630": {
    "cumulative_return_pct": -17.97596185211169,
    "annualized_return_pct": -56.47876688613944,
    "max_drawdown_pct": 33.96509492094562,
    "sharpe": -0.7133840094408902,
    "win_rate_pct": 40.67796610169492,
    "profit_factor": 0.8354683073732236
  },
  "win007_tr20130701-20180630_te20180701-20180930_va20181001-20181231": {
    "cumulative_return_pct": -43.25925961340609,
    "annualized_return_pct": -90.48246656668023,
    "max_drawdown_pct": 45.93604764749856,
    "sharpe": -1.435696273501584,
    "win_rate_pct": 40.625,
    "profit_factor": 0.5835812569413523
  },
  "win008_tr20140101-20181231_te20190101-20190331_va20190401-20190630": {
    "cumulative_return_pct": -63.35852604731147,
    "annualized_return_pct": -98.59345867631461,
    "max_drawdown_pct": 70.76542866710597,
    "sharpe": -0.9685371998012584,
    "win_rate_pct": 34.48275862068966,
    "profit_factor": 0.47866082304329716
  },
  "win009_tr20140701-20190630_te20190701-20190930_va20191001-20191231": {
    "cumulative_return_pct": -23.740164950746497,
    "annualized_return_pct": -66.70972586277179,
    "max_drawdown_pct": 42.2087865889962,
    "sharpe": -0.7614913212298325,
    "win_rate_pct": 45.3125,
    "profit_factor": 0.843061938899195
  },
  "win010_tr20150101-20191231_te20200101-20200331_va20200401-20200630": {
    "cumulative_return_pct": -6.720105943265987,
    "annualized_return_pct": -24.835604335799555,
    "max_drawdown_pct": 37.3469118527139,
    "sharpe": -0.26703923816749464,
    "win_rate_pct": 46.55172413793103,
    "profit_factor": 0.9469795779037671
  },
  "win011_tr20150701-20200630_te20200701-20200930_va20201001-20201231": {
    "cumulative_return_pct": -49.76192010443202,
    "annualized_return_pct": -93.88083182392633,
    "max_drawdown_pct": 60.768509247754665,
    "sharpe": -1.2788903116124548,
    "win_rate_pct": 43.07692307692308,
    "profit_factor": 0.5536583847580909
  },
  "win012_tr20160101-20201231_te20210101-20210331_va20210401-20210630": {
    "cumulative_return_pct": -52.33925020208964,
    "annualized_return_pct": -95.70345585859705,
    "max_drawdown_pct": 57.87734412659545,
    "sharpe": -1.1927554898458186,
    "win_rate_pct": 36.206896551724135,
    "profit_factor": 0.6126886845206964
  },
  "win013_tr20160701-20210630_te20210701-20210930_va20211001-20211231": {
    "cumulative_return_pct": -10.255942236238496,
    "annualized_return_pct": -35.54131004456188,
    "max_drawdown_pct": 36.822811611872986,
    "sharpe": -0.3828947852383457,
    "win_rate_pct": 46.03174603174603,
    "profit_factor": 0.9410103529214463
  },
  "win014_tr20170101-20211231_te20220101-20220331_va20220401-20220630": {
    "cumulative_return_pct": 7.6028843190767565,
    "annualized_return_pct": 36.5083188582954,
    "max_drawdown_pct": 46.12221949261815,
    "sharpe": 0.34066755181555725,
    "win_rate_pct": 48.275862068965516,
    "profit_factor": 1.0570080948602518
  },
  "win015_tr20170701-20220630_te20220701-20220930_va20221001-20221231": {
    "cumulative_return_pct": -20.69475605025089,
    "annualized_return_pct": -61.80155423201536,
    "max_drawdown_pct": 44.74116205429246,
    "sharpe": -0.7364151860735167,
    "win_rate_pct": 42.1875,
    "profit_factor": 0.8395566509412643
  },
  "win016_tr20180101-20221231_te20230101-20230331_va20230401-20230630": {
    "cumulative_return_pct": -17.8525788025329,
    "annualized_return_pct": -56.20326086433363,
    "max_drawdown_pct": 29.32915904368805,
    "sharpe": -0.6823726525064404,
    "win_rate_pct": 47.45762711864407,
    "profit_factor": 0.8509190875008387
  },
  "win017_tr20180701-20230630_te20230701-20230930_va20231001-20231231": {
    "cumulative_return_pct": -26.10431995712946,
    "annualized_return_pct": -71.91809733673453,
    "max_drawdown_pct": 34.53364147114671,
    "sharpe": -1.5302654271170453,
    "win_rate_pct": 43.75,
    "profit_factor": 0.6664928472410222
  },
  "win018_tr20190101-20231231_te20240101-20240331_va20240401-20240630": {
    "cumulative_return_pct": -51.91480261877665,
    "annualized_return_pct": -95.3762307845195,
    "max_drawdown_pct": 54.34376963022157,
    "sharpe": -1.1259689321151125,
    "win_rate_pct": 39.6551724137931,
    "profit_factor": 0.5120900603303454
  },
  "win019_tr20190701-20240630_te20240701-20240930_va20241001-20241231": {
    "cumulative_return_pct": 37.8975770520522,
    "annualized_return_pct": 268.4404850555572,
    "max_drawdown_pct": 29.329312629881898,
    "sharpe": 2.9424909096600453,
    "win_rate_pct": 47.61904761904761,
    "profit_factor": 1.322042561329191
  },
  "win020_tr20200101-20241231_te20250101-20250331_va20250401-20250630": {
    "cumulative_return_pct": 72.90111133044135,
    "annualized_return_pct": 870.5008475879633,
    "max_drawdown_pct": 23.663017593979575,
    "sharpe": 10.032309839462156,
    "win_rate_pct": 45.614035087719294,
    "profit_factor": 1.5788951594565135
  },
  "win021_tr20200701-20250630_te20250701-20250930_va20251001-20251231": {
    "cumulative_return_pct": -2.8138003303054955,
    "annualized_return_pct": -10.937407054484494,
    "max_drawdown_pct": 27.315967317096934,
    "sharpe": -0.1866570148980574,
    "win_rate_pct": 47.69230769230769,
    "profit_factor": 0.9727997590073896
  }
}