{
  "size": 3,
  "models": "DLinear,TimeMixer,iTransformer",
  "num_windows": 22,
  "mean_test_cumulative_return_pct": -7.068616823225708,
  "std_test_cumulative_return_pct": 46.786905276948794,
  "min_test_cumulative_return_pct": -54.9137057706333,
  "max_test_cumulative_return_pct": 178.8560810797185,
  "mean_test_annualized_return_pct": 265.94663779958677,
  "mean_test_max_drawdown_pct": 38.14237112952492,
  "mean_test_sharpe": 2.7184315654104414,
  "mean_test_win_rate_pct": 47.30042839552418,
  "mean_test_profit_factor": 0.9286035208111408
}