{
  "win000_tr20100101-20141231_te20150101-20150331_va20150401-20150630": {
    "cumulative_return_pct": 21.80577101911113,
    "annualized_return_pct": 133.41021351655348,
    "max_drawdown_pct": 23.100040118043506,
    "sharpe": 2.1917207469553004,
    "win_rate_pct": 54.385964912280706,
    "profit_factor": 1.3216755665287556
  },
  "win001_tr20100701-20150630_te20150701-20150930_va20151001-20151231": {
    "cumulative_return_pct": -54.9137057706333,
    "annualized_return_pct": -96.05545033639426,
    "max_drawdown_pct": 69.36701647494094,
    "sharpe": -0.6988706552666153,
    "win_rate_pct": 53.96825396825397,
    "profit_factor": 0.7625675338554853
  },
  "win002_tr20110101-20151231_te20160101-20160331_va20160401-20160630": {
    "cumulative_return_pct": -48.93961320129818,
    "annualized_return_pct": -94.05082800403542,
    "max_drawdown_pct": 58.642576398053414,
    "sharpe": -1.0969227653695843,
    "win_rate_pct": 47.45762711864407,
    "profit_factor": 0.5540103547990867
  },
  "win003_tr20110701-20160630_te20160701-20160930_va20161001-20161231": {
    "cumulative_return_pct": -28.269187890644336,
    "annualized_return_pct": -74.8176145021868,
    "max_drawdown_pct": 42.30671211293544,
    "sharpe": -1.3084246951680873,
    "win_rate_pct": 47.61904761904761,
    "profit_factor": 0.6679232459015476
  },
  "win004_tr20120101-20161231_te20170101-20170331_va20170401-20170630": {
    "cumulative_return_pct": 34.764762868319075,
    "annualized_return_pct": 249.942966137965,
    "max_drawdown_pct": 16.33579337053368,
    "sharpe": 4.630299708097022,
    "win_rate_pct": 57.6271186440678,
    "profit_factor": 1.5649773162092402
  },
  "win005_tr20120701-20170630_te20170701-20170930_va20171001-20171231": {
    "cumulative_return_pct": -35.803229603384565,
    "annualized_return_pct": -84.11195979102047,
    "max_drawdown_pct": 39.70049834028315,
    "sharpe": -1.879793901514053,
    "win_rate_pct": 49.23076923076923,
    "profit_factor": 0.4887487734305844
  },
  "win006_tr20130101-20171231_te20180101-20180331_va20180401-20180630": {
    "cumulative_return_pct": -10.492671786014304,
    "annualized_return_pct": -37.210200563509055,
    "max_drawdown_pct": 34.40271236836566,
    "sharpe": -0.5174450035685914,
    "win_rate_pct": 44.06779661016949,
    "profit_factor": 0.8721262752592511
  },
  "win007_tr20130701-20180630_te20180701-20180930_va20181001-20181231": {
    "cumulative_return_pct": -52.01367032834181,
    "annualized_return_pct": -95.2525917503427,
    "max_drawdown_pct": 52.88310652317949,
    "sharpe": -1.5979459150214823,
    "win_rate_pct": 42.1875,
    "profit_factor": 0.4222171614909175
  },
  "win008_tr20140101-20181231_te20190101-20190331_va20190401-20190630": {
    "cumulative_return_pct": -17.29516304413106,
    "annualized_return_pct": -55.35774720137929,
    "max_drawdown_pct": 36.687245078771,
    "sharpe": -0.5703669041706825,
    "win_rate_pct": 46.55172413793103,
    "profit_factor": 0.8746028445023699
  },
  "win009_tr20140701-20190630_te20190701-20190930_va20191001-20191231": {
    "cumulative_return_pct": -9.435411284442049,
    "annualized_return_pct": -33.11589533107865,
    "max_drawdown_pct": 37.31879098435024,
    "sharpe": -0.6160140117546359,
    "win_rate_pct": 46.875,
    "profit_factor": 0.8796601247002401
  },
  "win010_tr20150101-20191231_te20200101-20200331_va20200401-20200630": {
    "cumulative_return_pct": -21.51345681396014,
    "annualized_return_pct": -62.99617654809868,
    "max_drawdown_pct": 45.74914703189993,
    "sharpe": -0.5766550514426255,
    "win_rate_pct": 41.37931034482759,
    "profit_factor": 0.8832957275185862
  },
  "win011_tr20150701-20200630_te20200701-20200930_va20201001-20201231": {
    "cumulative_return_pct": -23.847843025664147,
    "annualized_return_pct": -66.90007840861465,
    "max_drawdown_pct": 37.95201844116291,
    "sharpe": -1.1077968345705362,
    "win_rate_pct": 43.07692307692308,
    "profit_factor": 0.7387519690337737
  },
  "win012_tr20160101-20201231_te20210101-20210331_va20210401-20210630": {
    "cumulative_return_pct": -16.6472475940226,
    "annualized_return_pct": -53.8534060585873,
    "max_drawdown_pct": 51.79050582954754,
    "sharpe": -0.6006605600844344,
    "win_rate_pct": 46.55172413793103,
    "profit_factor": 0.848777088746317
  },
  "win013_tr20160701-20210630_te20210701-20210930_va20211001-20211231": {
    "cumulative_return_pct": -32.7917538343948,
    "annualized_return_pct": -80.06467903042416,
    "max_drawdown_pct": 50.38258439470978,
    "sharpe": -0.7954712871567859,
    "win_rate_pct": 39.682539682539684,
    "profit_factor": 0.7622068357829831
  },
  "win014_tr20170101-20211231_te20220101-20220331_va20220401-20220630": {
    "cumulative_return_pct": -21.63801571549218,
    "annualized_return_pct": -64.49774917701696,
    "max_drawdown_pct": 32.76013255306695,
    "sharpe": -1.2928934927363172,
    "win_rate_pct": 50.0,
    "profit_factor": 0.7052911030007475
  },
  "win015_tr20170701-20220630_te20220701-20220930_va20221001-20221231": {
    "cumulative_return_pct": -31.074932872795664,
    "annualized_return_pct": -78.6610257425557,
    "max_drawdown_pct": 42.4885960642073,
    "sharpe": -1.2229614238305941,
    "win_rate_pct": 39.0625,
    "profit_factor": 0.7267914849145868
  },
  "win016_tr20180101-20221231_te20230101-20230331_va20230401-20230630": {
    "cumulative_return_pct": -1.9759755447332166,
    "annualized_return_pct": -8.037331436119588,
    "max_drawdown_pct": 25.19412233705135,
    "sharpe": -0.1670793676339535,
    "win_rate_pct": 49.152542372881356,
    "profit_factor": 0.9784281843708394
  },
  "win017_tr20180701-20230630_te20230701-20230930_va20231001-20231231": {
    "cumulative_return_pct": 15.664443382077643,
    "annualized_return_pct": 84.21733615864657,
    "max_drawdown_pct": 30.62583411668141,
    "sharpe": 0.9409313138089489,
    "win_rate_pct": 45.3125,
    "profit_factor": 1.1405684578382462
  },
  "win018_tr20190101-20231231_te20240101-20240331_va20240401-20240630": {
    "cumulative_return_pct": 7.469468840084457,
    "annualized_return_pct": 35.31423615616986,
    "max_drawdown_pct": 40.71595457169761,
    "sharpe": 0.2989688700208264,
    "win_rate_pct": 48.275862068965516,
    "profit_factor": 1.0565486101145776
  },
  "win019_tr20190701-20240630_te20240701-20240930_va20241001-20241231": {
    "cumulative_return_pct": 178.8560810797185,
    "annualized_return_pct": 6319.496785871977,
    "max_drawdown_pct": 16.169651083368482,
    "sharpe": 65.56746345105215,
    "win_rate_pct": 60.317460317460316,
    "profit_factor": 2.2644992876285563
  },
  "win020_tr20200101-20241231_te20250101-20250331_va20250401-20250630": {
    "cumulative_return_pct": -22.92200854475106,
    "annualized_return_pct": -66.06116969629512,
    "max_drawdown_pct": 32.472503743491096,
    "sharpe": -0.7735480014956108,
    "win_rate_pct": 38.59649122807017,
    "profit_factor": 0.7757544088535347
  },
  "win021_tr20200701-20250630_te20250701-20250930_va20251001-20251231": {
    "cumulative_return_pct": 15.503789554427005,
    "annualized_return_pct": 79.48839732725537,
    "max_drawdown_pct": 22.086622913207435,
    "sharpe": 0.9989602198800572,
    "win_rate_pct": 49.23076923076923,
    "profit_factor": 1.1398551033648756
  }
}