{
  "win000_tr20100101-20141231_te20150101-20150331_va20150401-20150630": {
    "cumulative_return_pct": 2.2785983720971856,
    "annualized_return_pct": 10.165528659965716,
    "max_drawdown_pct": 19.157149177250883,
    "sharpe": 0.12439636393162612,
    "win_rate_pct": 50.877192982456144,
    "profit_factor": 1.0302443689850842
  },
  "win001_tr20100701-20150630_te20150701-20150930_va20151001-20151231": {
    "cumulative_return_pct": -15.94004617354906,
    "annualized_return_pct": -50.57375449329111,
    "max_drawdown_pct": 51.65207883130382,
    "sharpe": -0.3607937962428982,
    "win_rate_pct": 55.55555555555556,
    "profit_factor": 0.924603934130348
  },
  "win002_tr20110101-20151231_te20160101-20160331_va20160401-20160630": {
    "cumulative_return_pct": -64.82702830915058,
    "annualized_return_pct": -98.75588518801773,
    "max_drawdown_pct": 64.57130686830898,
    "sharpe": -1.1720337748744158,
    "win_rate_pct": 42.3728813559322,
    "profit_factor": 0.36586604457642197
  },
  "win003_tr20110701-20160630_te20160701-20160930_va20161001-20161231": {
    "cumulative_return_pct": -22.866562666326587,
    "annualized_return_pct": -65.95972358369433,
    "max_drawdown_pct": 44.07465443188768,
    "sharpe": -0.9148869458599532,
    "win_rate_pct": 47.61904761904761,
    "profit_factor": 0.7796425256359824
  },
  "win004_tr20120101-20161231_te20170101-20170331_va20170401-20170630": {
    "cumulative_return_pct": -32.806604116328806,
    "annualized_return_pct": -81.16049912610036,
    "max_drawdown_pct": 38.93819976852418,
    "sharpe": -1.1885999482988785,
    "win_rate_pct": 45.76271186440678,
    "profit_factor": 0.5995382734639402
  },
  "win005_tr20120701-20170630_te20170701-20170930_va20171001-20171231": {
    "cumulative_return_pct": -18.4959628932711,
    "annualized_return_pct": -57.20994095373197,
    "max_drawdown_pct": 19.969414490253516,
    "sharpe": -1.253418690717471,
    "win_rate_pct": 52.307692307692314,
    "profit_factor": 0.7459543728041147
  },
  "win006_tr20130101-20171231_te20180101-20180331_va20180401-20180630": {
    "cumulative_return_pct": -7.66583684705398,
    "annualized_return_pct": -28.454574126374432,
    "max_drawdown_pct": 49.10017549974986,
    "sharpe": -0.36748781654501267,
    "win_rate_pct": 47.45762711864407,
    "profit_factor": 0.9045812042620784
  },
  "win007_tr20130701-20180630_te20180701-20180930_va20181001-20181231": {
    "cumulative_return_pct": -57.67454660731194,
    "annualized_return_pct": -97.18041909558008,
    "max_drawdown_pct": 69.63150517052895,
    "sharpe": -1.2122963632224673,
    "win_rate_pct": 40.625,
    "profit_factor": 0.5855497773869562
  },
  "win008_tr20140101-20181231_te20190101-20190331_va20190401-20190630": {
    "cumulative_return_pct": -30.024846755357142,
    "annualized_return_pct": -78.0486041173777,
    "max_drawdown_pct": 41.81077058031295,
    "sharpe": -0.7182998761092292,
    "win_rate_pct": 41.37931034482759,
    "profit_factor": 0.7659349993195432
  },
  "win009_tr20140701-20190630_te20190701-20190930_va20191001-20191231": {
    "cumulative_return_pct": -22.486300562208505,
    "annualized_return_pct": -64.43187794982789,
    "max_drawdown_pct": 29.079391222505446,
    "sharpe": -1.2400614717775003,
    "win_rate_pct": 48.4375,
    "profit_factor": 0.746843114526808
  },
  "win010_tr20150101-20191231_te20200101-20200331_va20200401-20200630": {
    "cumulative_return_pct": -7.120609392435149,
    "annualized_return_pct": -26.15124040929008,
    "max_drawdown_pct": 48.6114874864876,
    "sharpe": -0.2986844476297825,
    "win_rate_pct": 50.0,
    "profit_factor": 0.9624054184226463
  },
  "win011_tr20150701-20200630_te20200701-20200930_va20201001-20201231": {
    "cumulative_return_pct": -10.677338129434176,
    "annualized_return_pct": -36.76084513676946,
    "max_drawdown_pct": 33.46238686430533,
    "sharpe": -0.4480545559237794,
    "win_rate_pct": 44.61538461538462,
    "profit_factor": 0.9268632425148642
  },
  "win012_tr20160101-20201231_te20210101-20210331_va20210401-20210630": {
    "cumulative_return_pct": -8.814639097457135,
    "annualized_return_pct": -32.423100434335495,
    "max_drawdown_pct": 30.495147549351238,
    "sharpe": -0.36876566711131753,
    "win_rate_pct": 43.103448275862064,
    "profit_factor": 0.9230880525954491
  },
  "win013_tr20160701-20210630_te20210701-20210930_va20211001-20211231": {
    "cumulative_return_pct": -46.58111576678716,
    "annualized_return_pct": -92.14954585483947,
    "max_drawdown_pct": 55.24147374361713,
    "sharpe": -0.9235121807434293,
    "win_rate_pct": 46.03174603174603,
    "profit_factor": 0.655511244714052
  },
  "win014_tr20170101-20211231_te20220101-20220331_va20220401-20220630": {
    "cumulative_return_pct": -32.85560365425484,
    "annualized_return_pct": -81.57979679759879,
    "max_drawdown_pct": 39.989311920688,
    "sharpe": -0.9502334532739658,
    "win_rate_pct": 46.55172413793103,
    "profit_factor": 0.7100102962681109
  },
  "win015_tr20170701-20220630_te20220701-20220930_va20221001-20221231": {
    "cumulative_return_pct": -37.28045865231253,
    "annualized_return_pct": -85.5752991810001,
    "max_drawdown_pct": 53.20519213949784,
    "sharpe": -1.0177976636187367,
    "win_rate_pct": 42.1875,
    "profit_factor": 0.6353279950255962
  },
  "win016_tr20180101-20221231_te20230101-20230331_va20230401-20230630": {
    "cumulative_return_pct": -49.53369083914705,
    "annualized_return_pct": -94.33606121849725,
    "max_drawdown_pct": 52.32446126703644,
    "sharpe": -1.1699492084904317,
    "win_rate_pct": 32.20338983050847,
    "profit_factor": 0.5428569787082815
  },
  "win017_tr20180701-20230630_te20230701-20230930_va20231001-20231231": {
    "cumulative_return_pct": -1.5394458690335742,
    "annualized_return_pct": -6.3056992393212274,
    "max_drawdown_pct": 28.340520026518927,
    "sharpe": -0.13919930246654927,
    "win_rate_pct": 51.5625,
    "profit_factor": 0.9828943082510202
  },
  "win018_tr20190101-20231231_te20240101-20240331_va20240401-20240630": {
    "cumulative_return_pct": -59.5936926228096,
    "annualized_return_pct": -97.77277023661715,
    "max_drawdown_pct": 62.520932703260904,
    "sharpe": -1.2280320988074773,
    "win_rate_pct": 39.6551724137931,
    "profit_factor": 0.40824901787559514
  },
  "win019_tr20190701-20240630_te20240701-20240930_va20241001-20241231": {
    "cumulative_return_pct": 23.42776718408463,
    "annualized_return_pct": 134.95457619562137,
    "max_drawdown_pct": 35.34660672625576,
    "sharpe": 1.3707463967076667,
    "win_rate_pct": 47.61904761904761,
    "profit_factor": 1.1599159418449947
  },
  "win020_tr20200101-20241231_te20250101-20250331_va20250401-20250630": {
    "cumulative_return_pct": -46.55248591789986,
    "annualized_return_pct": -92.57417720280237,
    "max_drawdown_pct": 49.42323837353664,
    "sharpe": -1.1648780911808694,
    "win_rate_pct": 35.08771929824561,
    "profit_factor": 0.5428791352397306
  },
  "win021_tr20200701-20250630_te20250701-20250930_va20251001-20251231": {
    "cumulative_return_pct": 72.8415823997523,
    "annualized_return_pct": 821.4159982105255,
    "max_drawdown_pct": 27.577334484154765,
    "sharpe": 9.10892591643256,
    "win_rate_pct": 52.307692307692314,
    "profit_factor": 1.4721570134659214
  }
}