{
  "win000_tr20100101-20141231_te20150101-20150331_va20150401-20150630": {
    "cumulative_return_pct": 33.00570956444957,
    "annualized_return_pct": 240.6260815882891,
    "max_drawdown_pct": 9.966646782429327,
    "sharpe": 4.433947542979006,
    "win_rate_pct": 52.63157894736842,
    "profit_factor": 1.4349824438823195
  },
  "win001_tr20100701-20150630_te20150701-20150930_va20151001-20151231": {
    "cumulative_return_pct": -83.16634796062607,
    "annualized_return_pct": -99.92762746468864,
    "max_drawdown_pct": 84.8623522633978,
    "sharpe": -0.7083923904727857,
    "win_rate_pct": 44.44444444444444,
    "profit_factor": 0.5928522586357822
  },
  "win002_tr20110101-20151231_te20160101-20160331_va20160401-20160630": {
    "cumulative_return_pct": -35.73973106439223,
    "annualized_return_pct": -84.37968468284869,
    "max_drawdown_pct": 36.04871970499987,
    "sharpe": -0.9207873754074525,
    "win_rate_pct": 49.152542372881356,
    "profit_factor": 0.7050301356536546
  },
  "win003_tr20110701-20160630_te20160701-20160930_va20161001-20161231": {
    "cumulative_return_pct": 10.442926361362845,
    "annualized_return_pct": 51.024295243682595,
    "max_drawdown_pct": 33.2217912593713,
    "sharpe": 0.7227543875547536,
    "win_rate_pct": 57.14285714285714,
    "profit_factor": 1.1200238017015232
  },
  "win004_tr20120101-20161231_te20170101-20170331_va20170401-20170630": {
    "cumulative_return_pct": 25.245558483518522,
    "annualized_return_pct": 157.2961250219429,
    "max_drawdown_pct": 18.08083394207584,
    "sharpe": 2.6470598991028242,
    "win_rate_pct": 59.32203389830508,
    "profit_factor": 1.3519147222492176
  },
  "win005_tr20120701-20170630_te20170701-20170930_va20171001-20171231": {
    "cumulative_return_pct": -25.859914015795592,
    "annualized_return_pct": -71.11672263343331,
    "max_drawdown_pct": 30.20795031831689,
    "sharpe": -1.2329204084854475,
    "win_rate_pct": 40.0,
    "profit_factor": 0.70074160957463
  },
  "win006_tr20130101-20171231_te20180101-20180331_va20180401-20180630": {
    "cumulative_return_pct": -38.03958951982384,
    "annualized_return_pct": -86.59587633695544,
    "max_drawdown_pct": 58.19500746779723,
    "sharpe": -1.0192912640111762,
    "win_rate_pct": 44.06779661016949,
    "profit_factor": 0.65283620703453
  },
  "win007_tr20130701-20180630_te20180701-20180930_va20181001-20181231": {
    "cumulative_return_pct": -69.45274698380996,
    "annualized_return_pct": -99.27164711765884,
    "max_drawdown_pct": 70.05398538057521,
    "sharpe": -1.5054260737355407,
    "win_rate_pct": 29.6875,
    "profit_factor": 0.3081532719636837
  },
  "win008_tr20140101-20181231_te20190101-20190331_va20190401-20190630": {
    "cumulative_return_pct": 16.12968705692871,
    "annualized_return_pct": 88.72092139990839,
    "max_drawdown_pct": 29.105416453133138,
    "sharpe": 0.8829043693275013,
    "win_rate_pct": 44.827586206896555,
    "profit_factor": 1.1230150412411062
  },
  "win009_tr20140701-20190630_te20190701-20190930_va20191001-20191231": {
    "cumulative_return_pct": 87.71621961181498,
    "annualized_return_pct": 1188.1352632460048,
    "max_drawdown_pct": 14.234545023988643,
    "sharpe": 17.322150166642952,
    "win_rate_pct": 53.125,
    "profit_factor": 1.9062754147611132
  },
  "win010_tr20150101-20191231_te20200101-20200331_va20200401-20200630": {
    "cumulative_return_pct": -53.02093593528443,
    "annualized_return_pct": -95.49683755632576,
    "max_drawdown_pct": 57.38166286489336,
    "sharpe": -1.0944458929278214,
    "win_rate_pct": 41.37931034482759,
    "profit_factor": 0.6175858908047821
  },
  "win011_tr20150701-20200630_te20200701-20200930_va20201001-20201231": {
    "cumulative_return_pct": -51.792400124807855,
    "annualized_return_pct": -94.8242044824339,
    "max_drawdown_pct": 55.43345484385631,
    "sharpe": -1.505842175996995,
    "win_rate_pct": 36.92307692307693,
    "profit_factor": 0.4905248170732883
  },
  "win012_tr20160101-20201231_te20210101-20210331_va20210401-20210630": {
    "cumulative_return_pct": -39.14029125875743,
    "annualized_return_pct": -87.86530419336661,
    "max_drawdown_pct": 64.11642313192539,
    "sharpe": -0.9662015996034783,
    "win_rate_pct": 44.827586206896555,
    "profit_factor": 0.6707707475705654
  },
  "win013_tr20160701-20210630_te20210701-20210930_va20211001-20211231": {
    "cumulative_return_pct": -47.83867728133391,
    "annualized_return_pct": -92.87300614030394,
    "max_drawdown_pct": 57.20013669921058,
    "sharpe": -1.0434756352703263,
    "win_rate_pct": 36.507936507936506,
    "profit_factor": 0.6306378153310189
  },
  "win014_tr20170101-20211231_te20220101-20220331_va20220401-20220630": {
    "cumulative_return_pct": -4.356823939986015,
    "annualized_return_pct": -17.237101187743818,
    "max_drawdown_pct": 30.421768710120617,
    "sharpe": -0.2491073245710402,
    "win_rate_pct": 50.0,
    "profit_factor": 0.957814840188436
  },
  "win015_tr20170701-20220630_te20220701-20220930_va20221001-20221231": {
    "cumulative_return_pct": -43.20393358336908,
    "annualized_return_pct": -90.44388911758396,
    "max_drawdown_pct": 53.66498498572349,
    "sharpe": -1.4274984727016413,
    "win_rate_pct": 45.3125,
    "profit_factor": 0.6230584461768307
  },
  "win016_tr20180101-20221231_te20230101-20230331_va20230401-20230630": {
    "cumulative_return_pct": -15.902542633883796,
    "annualized_return_pct": -51.66989715668136,
    "max_drawdown_pct": 38.45205194069484,
    "sharpe": -0.7815697783775577,
    "win_rate_pct": 42.3728813559322,
    "profit_factor": 0.8520932874085837
  },
  "win017_tr20180701-20230630_te20230701-20230930_va20231001-20231231": {
    "cumulative_return_pct": 9.857859909071145,
    "annualized_return_pct": 48.39537523076321,
    "max_drawdown_pct": 13.016380317904874,
    "sharpe": 1.153605773544116,
    "win_rate_pct": 54.6875,
    "profit_factor": 1.1478912541673196
  },
  "win018_tr20190101-20231231_te20240101-20240331_va20240401-20240630": {
    "cumulative_return_pct": -23.526478713779955,
    "annualized_return_pct": -67.56996533069523,
    "max_drawdown_pct": 32.03417456814305,
    "sharpe": -0.9965980730187058,
    "win_rate_pct": 41.37931034482759,
    "profit_factor": 0.7647807035752475
  },
  "win019_tr20190701-20240630_te20240701-20240930_va20241001-20241231": {
    "cumulative_return_pct": 86.82508124693257,
    "annualized_return_pct": 1163.497648537097,
    "max_drawdown_pct": 28.208990919146643,
    "sharpe": 11.157719741170567,
    "win_rate_pct": 55.55555555555556,
    "profit_factor": 1.736267149881681
  },
  "win020_tr20200101-20241231_te20250101-20250331_va20250401-20250630": {
    "cumulative_return_pct": -24.706605548630957,
    "annualized_return_pct": -69.2056519146542,
    "max_drawdown_pct": 25.63114331651995,
    "sharpe": -1.2809144667592622,
    "win_rate_pct": 42.10526315789473,
    "profit_factor": 0.691160100817646
  },
  "win021_tr20200701-20250630_te20250701-20250930_va20251001-20251231": {
    "cumulative_return_pct": -27.817234133395193,
    "annualized_return_pct": -73.36356910293352,
    "max_drawdown_pct": 30.488138753471272,
    "sharpe": -1.391464691101424,
    "win_rate_pct": 38.46153846153847,
    "profit_factor": 0.6735941714995031
  }
}