{
  "win000_tr20100101-20141231_te20150101-20150331_va20150401-20150630": {
    "cumulative_return_pct": 83.80371998849483,
    "annualized_return_pct": 1267.5586585663193,
    "max_drawdown_pct": 12.93437191908251,
    "sharpe": 18.195048492927146,
    "win_rate_pct": 59.64912280701754,
    "profit_factor": 2.017315483472313
  },
  "win001_tr20100701-20150630_te20150701-20150930_va20151001-20151231": {
    "cumulative_return_pct": -52.280340629462174,
    "annualized_return_pct": -95.0335429462913,
    "max_drawdown_pct": 76.41879491823796,
    "sharpe": -0.663488749470396,
    "win_rate_pct": 49.2063492063492,
    "profit_factor": 0.8283797490911713
  },
  "win002_tr20110101-20151231_te20160101-20160331_va20160401-20160630": {
    "cumulative_return_pct": -33.28065228878464,
    "annualized_return_pct": -81.71223891428943,
    "max_drawdown_pct": 38.17178622347748,
    "sharpe": -0.8763309542579953,
    "win_rate_pct": 49.152542372881356,
    "profit_factor": 0.7084682079310096
  },
  "win003_tr20110701-20160630_te20160701-20160930_va20161001-20161231": {
    "cumulative_return_pct": -17.174184166016836,
    "annualized_return_pct": -54.25525077598354,
    "max_drawdown_pct": 49.38999590804911,
    "sharpe": -0.697588258937411,
    "win_rate_pct": 39.682539682539684,
    "profit_factor": 0.8466090233870441
  },
  "win004_tr20120101-20161231_te20170101-20170331_va20170401-20170630": {
    "cumulative_return_pct": 9.56548821703724,
    "annualized_return_pct": 46.744375930265925,
    "max_drawdown_pct": 19.37240178490813,
    "sharpe": 0.8765663671684386,
    "win_rate_pct": 55.932203389830505,
    "profit_factor": 1.168148701890254
  },
  "win005_tr20120701-20170630_te20170701-20170930_va20171001-20171231": {
    "cumulative_return_pct": -28.016438890512763,
    "annualized_return_pct": -74.44727663220085,
    "max_drawdown_pct": 34.7604884838158,
    "sharpe": -1.2286980875048967,
    "win_rate_pct": 47.69230769230769,
    "profit_factor": 0.6480152750443127
  },
  "win006_tr20130101-20171231_te20180101-20180331_va20180401-20180630": {
    "cumulative_return_pct": 32.26972067267171,
    "annualized_return_pct": 223.53734579561348,
    "max_drawdown_pct": 36.33539132467678,
    "sharpe": 2.1290860894237786,
    "win_rate_pct": 52.54237288135594,
    "profit_factor": 1.3190683453455205
  },
  "win007_tr20130701-20180630_te20180701-20180930_va20181001-20181231": {
    "cumulative_return_pct": -72.95469117029944,
    "annualized_return_pct": -99.56060116943497,
    "max_drawdown_pct": 72.75601702571069,
    "sharpe": -1.7007952543746845,
    "win_rate_pct": 29.6875,
    "profit_factor": 0.21484638387823735
  },
  "win008_tr20140101-20181231_te20190101-20190331_va20190401-20190630": {
    "cumulative_return_pct": 2.139642150582245,
    "annualized_return_pct": 9.408026198695495,
    "max_drawdown_pct": 40.86901491607559,
    "sharpe": 0.06334363317175042,
    "win_rate_pct": 46.55172413793103,
    "profit_factor": 1.013070403115046
  },
  "win009_tr20140701-20190630_te20190701-20190930_va20191001-20191231": {
    "cumulative_return_pct": 27.278079194828752,
    "annualized_return_pct": 166.1491464388513,
    "max_drawdown_pct": 20.121326986271892,
    "sharpe": 2.238219212192872,
    "win_rate_pct": 51.5625,
    "profit_factor": 1.289425775659136
  },
  "win010_tr20150101-20191231_te20200101-20200331_va20200401-20200630": {
    "cumulative_return_pct": -45.45983289208156,
    "annualized_return_pct": -91.6918922805861,
    "max_drawdown_pct": 52.331964265134815,
    "sharpe": -0.9988409335008733,
    "win_rate_pct": 43.103448275862064,
    "profit_factor": 0.6647811896213066
  },
  "win011_tr20150701-20200630_te20200701-20200930_va20201001-20201231": {
    "cumulative_return_pct": -41.800473817730264,
    "annualized_return_pct": -88.88358468975316,
    "max_drawdown_pct": 47.50882595207504,
    "sharpe": -1.4754578054088814,
    "win_rate_pct": 44.61538461538462,
    "profit_factor": 0.5872771098356594
  },
  "win012_tr20160101-20201231_te20210101-20210331_va20210401-20210630": {
    "cumulative_return_pct": 10.053281880836886,
    "annualized_return_pct": 50.20756400926933,
    "max_drawdown_pct": 39.518737850216176,
    "sharpe": 0.5279190880119978,
    "win_rate_pct": 50.0,
    "profit_factor": 1.084761068955047
  },
  "win013_tr20160701-20210630_te20210701-20210930_va20211001-20211231": {
    "cumulative_return_pct": -62.52403552318161,
    "annualized_return_pct": -98.13728309698423,
    "max_drawdown_pct": 70.71897637078358,
    "sharpe": -0.8498234395919372,
    "win_rate_pct": 44.44444444444444,
    "profit_factor": 0.5977438055369098
  },
  "win014_tr20170101-20211231_te20220101-20220331_va20220401-20220630": {
    "cumulative_return_pct": -26.09054779060522,
    "annualized_return_pct": -72.30785380115672,
    "max_drawdown_pct": 38.18725585551722,
    "sharpe": -1.1463689401457926,
    "win_rate_pct": 46.55172413793103,
    "profit_factor": 0.7238473801289479
  },
  "win015_tr20170701-20220630_te20220701-20220930_va20221001-20221231": {
    "cumulative_return_pct": -55.959522578961895,
    "annualized_return_pct": -96.67506224741257,
    "max_drawdown_pct": 56.025989198616784,
    "sharpe": -1.1705054534673334,
    "win_rate_pct": 39.0625,
    "profit_factor": 0.5222852919793357
  },
  "win016_tr20180101-20221231_te20230101-20230331_va20230401-20230630": {
    "cumulative_return_pct": -56.511199692565015,
    "annualized_return_pct": -96.96744503100085,
    "max_drawdown_pct": 59.19534356371836,
    "sharpe": -1.5953728052903993,
    "win_rate_pct": 32.20338983050847,
    "profit_factor": 0.39109856039456453
  },
  "win017_tr20180701-20230630_te20230701-20230930_va20231001-20231231": {
    "cumulative_return_pct": -11.923811682262528,
    "annualized_return_pct": -41.318552340822464,
    "max_drawdown_pct": 32.27927201532299,
    "sharpe": -0.6128070503507566,
    "win_rate_pct": 53.125,
    "profit_factor": 0.8895062915204547
  },
  "win018_tr20190101-20231231_te20240101-20240331_va20240401-20240630": {
    "cumulative_return_pct": -14.14474422109396,
    "annualized_return_pct": -47.28488989984828,
    "max_drawdown_pct": 32.427544223929104,
    "sharpe": -0.575600294647905,
    "win_rate_pct": 46.55172413793103,
    "profit_factor": 0.8750542528884169
  },
  "win019_tr20190701-20240630_te20240701-20240930_va20241001-20241231": {
    "cumulative_return_pct": 19.54314269699976,
    "annualized_return_pct": 106.35782795840987,
    "max_drawdown_pct": 26.76231504343784,
    "sharpe": 1.1678677607428483,
    "win_rate_pct": 46.03174603174603,
    "profit_factor": 1.1931403095634054
  },
  "win020_tr20200101-20241231_te20250101-20250331_va20250401-20250630": {
    "cumulative_return_pct": -24.541724142386286,
    "annualized_return_pct": -68.92479100420601,
    "max_drawdown_pct": 27.51301133097596,
    "sharpe": -1.109120207895035,
    "win_rate_pct": 36.84210526315789,
    "profit_factor": 0.7264041871804121
  },
  "win021_tr20200701-20250630_te20250701-20250930_va20251001-20251231": {
    "cumulative_return_pct": -13.035336120599695,
    "annualized_return_pct": -43.26736495175641,
    "max_drawdown_pct": 25.293873355380615,
    "sharpe": -0.6356293446290355,
    "win_rate_pct": 41.53846153846154,
    "profit_factor": 0.8615915353817959
  }
}