{
  "win000_tr20100101-20141231_te20150101-20150331_va20150401-20150630": {
    "cumulative_return_pct": 47.247975310616106,
    "annualized_return_pct": 427.3729670791144,
    "max_drawdown_pct": 24.779317682946527,
    "sharpe": 5.634715670304295,
    "win_rate_pct": 52.63157894736842,
    "profit_factor": 1.5250282682357907
  },
  "win001_tr20100701-20150630_te20150701-20150930_va20151001-20151231": {
    "cumulative_return_pct": -68.32402743299559,
    "annualized_return_pct": -99.05855327951792,
    "max_drawdown_pct": 65.6403149457932,
    "sharpe": -0.7475150165223109,
    "win_rate_pct": 49.2063492063492,
    "profit_factor": 0.5965520969581917
  },
  "win002_tr20110101-20151231_te20160101-20160331_va20160401-20160630": {
    "cumulative_return_pct": -9.994102365020616,
    "annualized_return_pct": -35.728726292603405,
    "max_drawdown_pct": 37.694830342752375,
    "sharpe": -0.3284757975598513,
    "win_rate_pct": 49.152542372881356,
    "profit_factor": 0.9386603642835969
  },
  "win003_tr20110701-20160630_te20160701-20160930_va20161001-20161231": {
    "cumulative_return_pct": 0.9751629273481435,
    "annualized_return_pct": 4.11009179540891,
    "max_drawdown_pct": 37.56049561613472,
    "sharpe": 0.01637154806331198,
    "win_rate_pct": 53.96825396825397,
    "profit_factor": 1.0111564802884714
  },
  "win004_tr20120101-20161231_te20170101-20170331_va20170401-20170630": {
    "cumulative_return_pct": -17.638391409492982,
    "annualized_return_pct": -55.72184189237363,
    "max_drawdown_pct": 37.38717166756386,
    "sharpe": -0.7979502830940525,
    "win_rate_pct": 49.152542372881356,
    "profit_factor": 0.8217943476553263
  },
  "win005_tr20120701-20170630_te20170701-20170930_va20171001-20171231": {
    "cumulative_return_pct": -3.989636722293741,
    "annualized_return_pct": -15.547964378082856,
    "max_drawdown_pct": 17.307607728143175,
    "sharpe": -0.3413932227059417,
    "win_rate_pct": 49.23076923076923,
    "profit_factor": 0.9461674146255297
  },
  "win006_tr20130101-20171231_te20180101-20180331_va20180401-20180630": {
    "cumulative_return_pct": 17.406236565785623,
    "annualized_return_pct": 96.14748519799502,
    "max_drawdown_pct": 24.505406050765664,
    "sharpe": 1.1195333039977262,
    "win_rate_pct": 54.23728813559322,
    "profit_factor": 1.142023267871378
  },
  "win007_tr20130701-20180630_te20180701-20180930_va20181001-20181231": {
    "cumulative_return_pct": -58.571370559982064,
    "annualized_return_pct": -97.42023642695156,
    "max_drawdown_pct": 61.16015652391509,
    "sharpe": -1.6585739719582235,
    "win_rate_pct": 32.8125,
    "profit_factor": 0.36966002329227743
  },
  "win008_tr20140101-20181231_te20190101-20190331_va20190401-20190630": {
    "cumulative_return_pct": -26.470728425929558,
    "annualized_return_pct": -72.90779724016838,
    "max_drawdown_pct": 36.91622303859663,
    "sharpe": -0.7203420756528394,
    "win_rate_pct": 44.827586206896555,
    "profit_factor": 0.8090890980612223
  },
  "win009_tr20140701-20190630_te20190701-20190930_va20191001-20191231": {
    "cumulative_return_pct": 21.31474484679948,
    "annualized_return_pct": 119.05305575182545,
    "max_drawdown_pct": 17.743096227520027,
    "sharpe": 1.4718909710710533,
    "win_rate_pct": 43.75,
    "profit_factor": 1.1922774707224224
  },
  "win010_tr20150101-20191231_te20200101-20200331_va20200401-20200630": {
    "cumulative_return_pct": -41.191082183333386,
    "annualized_return_pct": -88.68093938637529,
    "max_drawdown_pct": 47.3233392750798,
    "sharpe": -0.9783440407165326,
    "win_rate_pct": 46.55172413793103,
    "profit_factor": 0.6820179784221743
  },
  "win011_tr20150701-20200630_te20200701-20200930_va20201001-20201231": {
    "cumulative_return_pct": -30.329662887885167,
    "annualized_return_pct": -76.93061009270164,
    "max_drawdown_pct": 49.89957460872953,
    "sharpe": -1.0377719445626394,
    "win_rate_pct": 46.15384615384615,
    "profit_factor": 0.757129513162421
  },
  "win012_tr20160101-20201231_te20210101-20210331_va20210401-20210630": {
    "cumulative_return_pct": -43.00669980878871,
    "annualized_return_pct": -90.81749892613729,
    "max_drawdown_pct": 52.718249522614116,
    "sharpe": -1.130456156777942,
    "win_rate_pct": 41.37931034482759,
    "profit_factor": 0.6935877369960576
  },
  "win013_tr20160701-20210630_te20210701-20210930_va20211001-20211231": {
    "cumulative_return_pct": -42.56371749631849,
    "annualized_return_pct": -89.46346468108403,
    "max_drawdown_pct": 46.42674471480866,
    "sharpe": -0.9256224125852645,
    "win_rate_pct": 44.44444444444444,
    "profit_factor": 0.6765013251491746
  },
  "win014_tr20170101-20211231_te20220101-20220331_va20220401-20220630": {
    "cumulative_return_pct": -9.920069881894184,
    "annualized_return_pct": -35.834576095793125,
    "max_drawdown_pct": 45.0766897517586,
    "sharpe": -0.41496731606341075,
    "win_rate_pct": 41.37931034482759,
    "profit_factor": 0.9086033417126989
  },
  "win015_tr20170701-20220630_te20220701-20220930_va20221001-20221231": {
    "cumulative_return_pct": -44.56573628574287,
    "annualized_return_pct": -91.35959108812108,
    "max_drawdown_pct": 52.763715194651994,
    "sharpe": -1.2849432585221026,
    "win_rate_pct": 42.1875,
    "profit_factor": 0.6452325342617774
  },
  "win016_tr20180101-20221231_te20230101-20230331_va20230401-20230630": {
    "cumulative_return_pct": 82.7317457108985,
    "annualized_return_pct": 1156.5142265061957,
    "max_drawdown_pct": 16.450589088407526,
    "sharpe": 14.727685859704607,
    "win_rate_pct": 59.32203389830508,
    "profit_factor": 1.8143421694438269
  },
  "win017_tr20180701-20230630_te20230701-20230930_va20231001-20231231": {
    "cumulative_return_pct": -20.424970830142396,
    "annualized_return_pct": -61.67927987742987,
    "max_drawdown_pct": 37.425695504846665,
    "sharpe": -1.3113424779493692,
    "win_rate_pct": 45.3125,
    "profit_factor": 0.7414718817901627
  },
  "win018_tr20190101-20231231_te20240101-20240331_va20240401-20240630": {
    "cumulative_return_pct": -28.302182357383543,
    "annualized_return_pct": -75.26146019198788,
    "max_drawdown_pct": 38.81820064607814,
    "sharpe": -0.9030893091400999,
    "win_rate_pct": 41.37931034482759,
    "profit_factor": 0.7426775139134323
  },
  "win019_tr20190701-20240630_te20240701-20240930_va20241001-20241231": {
    "cumulative_return_pct": 119.89142244944064,
    "annualized_return_pct": 2347.90920201023,
    "max_drawdown_pct": 21.73879463170257,
    "sharpe": 26.02796043307548,
    "win_rate_pct": 47.61904761904761,
    "profit_factor": 2.32319488114091
  },
  "win020_tr20200101-20241231_te20250101-20250331_va20250401-20250630": {
    "cumulative_return_pct": 15.627866435412107,
    "annualized_return_pct": 82.70282234167561,
    "max_drawdown_pct": 23.99030464173485,
    "sharpe": 1.0356594626032753,
    "win_rate_pct": 43.859649122807014,
    "profit_factor": 1.1474615565982453
  },
  "win021_tr20200701-20250630_te20250701-20250930_va20251001-20251231": {
    "cumulative_return_pct": 1.0846733923893073,
    "annualized_return_pct": 4.475524165027767,
    "max_drawdown_pct": 19.419604477637638,
    "sharpe": 0.022270299683709874,
    "win_rate_pct": 47.69230769230769,
    "profit_factor": 1.0110844708975015
  }
}