{
  "size": 4,
  "models": "FreTS,LightTS,WPMixer,iTransformer",
  "num_windows": 22,
  "mean_test_cumulative_return_pct": 1.5997928417052536,
  "std_test_cumulative_return_pct": 61.488862102333684,
  "min_test_cumulative_return_pct": -62.64951940101465,
  "max_test_cumulative_return_pct": 250.76646067427032,
  "mean_test_annualized_return_pct": 757.6323166915583,
  "mean_test_max_drawdown_pct": 39.10925712614047,
  "mean_test_sharpe": 6.751021318428343,
  "mean_test_win_rate_pct": 47.844222989274165,
  "mean_test_profit_factor": 1.0072907451951436
}