{
  "win000_tr20100101-20141231_te20150101-20150331_va20150401-20150630": {
    "cumulative_return_pct": 61.559286815691486,
    "annualized_return_pct": 685.6236462744388,
    "max_drawdown_pct": 19.151951181648027,
    "sharpe": 11.532120802714266,
    "win_rate_pct": 59.64912280701754,
    "profit_factor": 1.9290608968964311
  },
  "win001_tr20100701-20150630_te20150701-20150930_va20151001-20151231": {
    "cumulative_return_pct": -16.683377319263492,
    "annualized_return_pct": -52.32368926314999,
    "max_drawdown_pct": 58.463039970183736,
    "sharpe": -0.3777461845822361,
    "win_rate_pct": 57.14285714285714,
    "profit_factor": 0.9329705753946433
  },
  "win002_tr20110101-20151231_te20160101-20160331_va20160401-20160630": {
    "cumulative_return_pct": -7.914592077934696,
    "annualized_return_pct": -29.26030737894384,
    "max_drawdown_pct": 26.38653236496807,
    "sharpe": -0.36087954132640043,
    "win_rate_pct": 55.932203389830505,
    "profit_factor": 0.935718068171141
  },
  "win003_tr20110701-20160630_te20160701-20160930_va20161001-20161231": {
    "cumulative_return_pct": 27.015472092843872,
    "annualized_return_pct": 169.81370801794694,
    "max_drawdown_pct": 29.866955518122417,
    "sharpe": 2.519415708134019,
    "win_rate_pct": 57.14285714285714,
    "profit_factor": 1.332871650314437
  },
  "win004_tr20120101-20161231_te20170101-20170331_va20170401-20170630": {
    "cumulative_return_pct": -4.117507167077111,
    "annualized_return_pct": -16.18213122373048,
    "max_drawdown_pct": 25.433794941213062,
    "sharpe": -0.33576922172229423,
    "win_rate_pct": 47.45762711864407,
    "profit_factor": 0.9451479105800886
  },
  "win005_tr20120701-20170630_te20170701-20170930_va20171001-20171231": {
    "cumulative_return_pct": -19.458678462374884,
    "annualized_return_pct": -59.269061260310664,
    "max_drawdown_pct": 42.92489208004998,
    "sharpe": -0.8680923130641041,
    "win_rate_pct": 47.69230769230769,
    "profit_factor": 0.781436271206683
  },
  "win006_tr20130101-20171231_te20180101-20180331_va20180401-20180630": {
    "cumulative_return_pct": 30.79444661399068,
    "annualized_return_pct": 208.6555310057658,
    "max_drawdown_pct": 48.89028056914621,
    "sharpe": 1.8379302991125188,
    "win_rate_pct": 47.45762711864407,
    "profit_factor": 1.2504127460341656
  },
  "win007_tr20130701-20180630_te20180701-20180930_va20181001-20181231": {
    "cumulative_return_pct": -48.49502221068743,
    "annualized_return_pct": -93.63189118948245,
    "max_drawdown_pct": 53.27175517181496,
    "sharpe": -1.4530741887855165,
    "win_rate_pct": 42.1875,
    "profit_factor": 0.537582886639642
  },
  "win008_tr20140101-20181231_te20190101-20190331_va20190401-20190630": {
    "cumulative_return_pct": -31.373368847418742,
    "annualized_return_pct": -79.78986556208311,
    "max_drawdown_pct": 44.6021124564194,
    "sharpe": -0.8659628213487297,
    "win_rate_pct": 44.827586206896555,
    "profit_factor": 0.7374746437210312
  },
  "win009_tr20140701-20190630_te20190701-20190930_va20191001-20191231": {
    "cumulative_return_pct": -32.04718557794915,
    "annualized_return_pct": -79.15308017469775,
    "max_drawdown_pct": 46.09223361243984,
    "sharpe": -1.2705467318452377,
    "win_rate_pct": 35.9375,
    "profit_factor": 0.62391383699074
  },
  "win010_tr20150101-20191231_te20200101-20200331_va20200401-20200630": {
    "cumulative_return_pct": -19.64620840112163,
    "annualized_return_pct": -59.24765874686682,
    "max_drawdown_pct": 48.39121016565523,
    "sharpe": -0.528482915267469,
    "win_rate_pct": 51.724137931034484,
    "profit_factor": 0.8918951820527813
  },
  "win011_tr20150701-20200630_te20200701-20200930_va20201001-20201231": {
    "cumulative_return_pct": -39.13622055611658,
    "annualized_return_pct": -86.6691879494413,
    "max_drawdown_pct": 52.98194127134411,
    "sharpe": -1.190823570962684,
    "win_rate_pct": 41.53846153846154,
    "profit_factor": 0.651063941616179
  },
  "win012_tr20160101-20201231_te20210101-20210331_va20210401-20210630": {
    "cumulative_return_pct": -27.40393540789075,
    "annualized_return_pct": -74.33833060451053,
    "max_drawdown_pct": 54.77524480031375,
    "sharpe": -0.7156805016448778,
    "win_rate_pct": 44.827586206896555,
    "profit_factor": 0.8350961579468784
  },
  "win013_tr20160701-20210630_te20210701-20210930_va20211001-20211231": {
    "cumulative_return_pct": -62.64951940101465,
    "annualized_return_pct": -98.16246597786781,
    "max_drawdown_pct": 64.75167420585589,
    "sharpe": -1.1158550262579299,
    "win_rate_pct": 38.095238095238095,
    "profit_factor": 0.4124060013739743
  },
  "win014_tr20170101-20211231_te20220101-20220331_va20220401-20220630": {
    "cumulative_return_pct": -7.384986196605675,
    "annualized_return_pct": -27.807382478663268,
    "max_drawdown_pct": 38.7182371688879,
    "sharpe": -0.3974257053877506,
    "win_rate_pct": 46.55172413793103,
    "profit_factor": 0.9398664572675479
  },
  "win015_tr20170701-20220630_te20220701-20220930_va20221001-20221231": {
    "cumulative_return_pct": -23.711783559172346,
    "annualized_return_pct": -67.48141198546564,
    "max_drawdown_pct": 37.255777989412614,
    "sharpe": -1.1165523781848596,
    "win_rate_pct": 46.875,
    "profit_factor": 0.7938574432636725
  },
  "win016_tr20180101-20221231_te20230101-20230331_va20230401-20230630": {
    "cumulative_return_pct": 44.35309934309654,
    "annualized_return_pct": 366.997764295008,
    "max_drawdown_pct": 18.91479839911212,
    "sharpe": 5.070411672788036,
    "win_rate_pct": 52.54237288135594,
    "profit_factor": 1.4312324508133334
  },
  "win017_tr20180701-20230630_te20230701-20230930_va20231001-20231231": {
    "cumulative_return_pct": -5.853210051796201,
    "annualized_return_pct": -22.370223923335097,
    "max_drawdown_pct": 31.225357746900745,
    "sharpe": -0.47695440415403734,
    "win_rate_pct": 48.4375,
    "profit_factor": 0.9286532529646294
  },
  "win018_tr20190101-20231231_te20240101-20240331_va20240401-20240630": {
    "cumulative_return_pct": -1.0068581574939424,
    "annualized_return_pct": -4.159508681708601,
    "max_drawdown_pct": 42.574989109003404,
    "sharpe": -0.078742572708155,
    "win_rate_pct": 44.827586206896555,
    "profit_factor": 0.9902127824976606
  },
  "win019_tr20190701-20240630_te20240701-20240930_va20241001-20241231": {
    "cumulative_return_pct": 250.76646067427032,
    "annualized_return_pct": 16187.895065756782,
    "max_drawdown_pct": 21.65688867862519,
    "sharpe": 140.24418511683314,
    "win_rate_pct": 58.730158730158735,
    "profit_factor": 2.651012147229661
  },
  "win020_tr20200101-20241231_te20250101-20250331_va20250401-20250630": {
    "cumulative_return_pct": -21.0261652535844,
    "annualized_return_pct": -62.45975156481101,
    "max_drawdown_pct": 27.471220719348803,
    "sharpe": -0.7811524114487127,
    "win_rate_pct": 36.84210526315789,
    "profit_factor": 0.7692913734687485
  },
  "win021_tr20200701-20250630_te20250701-20250930_va20251001-20251231": {
    "cumulative_return_pct": -11.384704374875605,
    "annualized_return_pct": -38.76880017058877,
    "max_drawdown_pct": 26.602768654624914,
    "sharpe": -0.7478541054674279,
    "win_rate_pct": 46.15384615384615,
    "profit_factor": 0.8592197178490877
  }
}