{
  "win000_tr20100101-20141231_te20150101-20150331_va20150401-20150630": {
    "cumulative_return_pct": 58.221279862015905,
    "annualized_return_pct": 618.2125135689536,
    "max_drawdown_pct": 10.750645524618454,
    "sharpe": 11.762234009279295,
    "win_rate_pct": 59.64912280701754,
    "profit_factor": 1.9539267769683681
  },
  "win001_tr20100701-20150630_te20150701-20150930_va20151001-20151231": {
    "cumulative_return_pct": 18.60909377396861,
    "annualized_return_pct": 99.89203997405953,
    "max_drawdown_pct": 60.37496819955791,
    "sharpe": 0.6703049054044303,
    "win_rate_pct": 57.14285714285714,
    "profit_factor": 1.0533763999473802
  },
  "win002_tr20110101-20151231_te20160101-20160331_va20160401-20160630": {
    "cumulative_return_pct": -9.28311545753657,
    "annualized_return_pct": -33.570178596740405,
    "max_drawdown_pct": 31.174337227592773,
    "sharpe": -0.45886863843491527,
    "win_rate_pct": 59.32203389830508,
    "profit_factor": 0.9117970315508818
  },
  "win003_tr20110701-20160630_te20160701-20160930_va20161001-20161231": {
    "cumulative_return_pct": 37.624861937353224,
    "annualized_return_pct": 276.41846964805603,
    "max_drawdown_pct": 26.883387454593404,
    "sharpe": 4.181897879797969,
    "win_rate_pct": 52.38095238095239,
    "profit_factor": 1.3818976252619015
  },
  "win004_tr20120101-20161231_te20170101-20170331_va20170401-20170630": {
    "cumulative_return_pct": 20.5860392452162,
    "annualized_return_pct": 119.43573885321088,
    "max_drawdown_pct": 11.505677396576345,
    "sharpe": 2.415506446741477,
    "win_rate_pct": 52.54237288135594,
    "profit_factor": 1.3044578371385203
  },
  "win005_tr20120701-20170630_te20170701-20170930_va20171001-20171231": {
    "cumulative_return_pct": -10.726029072975262,
    "annualized_return_pct": -37.55752026651391,
    "max_drawdown_pct": 22.79631520635581,
    "sharpe": -0.9782562057515701,
    "win_rate_pct": 47.69230769230769,
    "profit_factor": 0.8094922349167988
  },
  "win006_tr20130101-20171231_te20180101-20180331_va20180401-20180630": {
    "cumulative_return_pct": 43.23277899246533,
    "annualized_return_pct": 351.96948860788257,
    "max_drawdown_pct": 23.84575429516232,
    "sharpe": 4.227795464410279,
    "win_rate_pct": 50.847457627118644,
    "profit_factor": 1.5052949239578826
  },
  "win007_tr20130701-20180630_te20180701-20180930_va20181001-20181231": {
    "cumulative_return_pct": -61.104993288154084,
    "annualized_return_pct": -98.01469852234015,
    "max_drawdown_pct": 64.37767107782972,
    "sharpe": -1.6680816948754669,
    "win_rate_pct": 39.0625,
    "profit_factor": 0.40766497298914595
  },
  "win008_tr20140101-20181231_te20190101-20190331_va20190401-20190630": {
    "cumulative_return_pct": -34.638459029735685,
    "annualized_return_pct": -83.56928150748374,
    "max_drawdown_pct": 45.61007833937545,
    "sharpe": -1.0000032100256575,
    "win_rate_pct": 43.103448275862064,
    "profit_factor": 0.7114403884644986
  },
  "win009_tr20140701-20190630_te20190701-20190930_va20191001-20191231": {
    "cumulative_return_pct": -3.131255998265045,
    "annualized_return_pct": -12.112173927892334,
    "max_drawdown_pct": 30.375666758825933,
    "sharpe": -0.20878807285939552,
    "win_rate_pct": 42.1875,
    "profit_factor": 0.9679547983554737
  },
  "win010_tr20150101-20191231_te20200101-20200331_va20200401-20200630": {
    "cumulative_return_pct": -17.092635704695645,
    "annualized_return_pct": -53.66473978601968,
    "max_drawdown_pct": 36.9977938847397,
    "sharpe": -0.5625872725209607,
    "win_rate_pct": 46.55172413793103,
    "profit_factor": 0.8654125179220996
  },
  "win011_tr20150701-20200630_te20200701-20200930_va20201001-20201231": {
    "cumulative_return_pct": -76.74371149689206,
    "annualized_return_pct": -99.73133579000265,
    "max_drawdown_pct": 80.64765906579917,
    "sharpe": -0.9348428267161717,
    "win_rate_pct": 36.92307692307693,
    "profit_factor": 0.43305631606711475
  },
  "win012_tr20160101-20201231_te20210101-20210331_va20210401-20210630": {
    "cumulative_return_pct": -19.027255605734606,
    "annualized_return_pct": -59.19563652415769,
    "max_drawdown_pct": 52.890643742638,
    "sharpe": -0.626496264372294,
    "win_rate_pct": 46.55172413793103,
    "profit_factor": 0.8816510269462021
  },
  "win013_tr20160701-20210630_te20210701-20210930_va20211001-20211231": {
    "cumulative_return_pct": -28.98636620049606,
    "annualized_return_pct": -75.07155360524635,
    "max_drawdown_pct": 54.058483783519705,
    "sharpe": -0.819674658831767,
    "win_rate_pct": 39.682539682539684,
    "profit_factor": 0.7293867119653277
  },
  "win014_tr20170101-20211231_te20220101-20220331_va20220401-20220630": {
    "cumulative_return_pct": -6.629836512377206,
    "annualized_return_pct": -25.27410745294516,
    "max_drawdown_pct": 31.225073835282082,
    "sharpe": -0.36934198533342794,
    "win_rate_pct": 50.0,
    "profit_factor": 0.9336521280002762
  },
  "win015_tr20170701-20220630_te20220701-20220930_va20221001-20221231": {
    "cumulative_return_pct": -30.619526227133857,
    "annualized_return_pct": -78.06970732577663,
    "max_drawdown_pct": 44.55926373814515,
    "sharpe": -1.137024673669176,
    "win_rate_pct": 42.1875,
    "profit_factor": 0.730835470381691
  },
  "win016_tr20180101-20221231_te20230101-20230331_va20230401-20230630": {
    "cumulative_return_pct": 4.527536080003297,
    "annualized_return_pct": 20.430319803028873,
    "max_drawdown_pct": 32.8355814757681,
    "sharpe": 0.2575101015694615,
    "win_rate_pct": 52.54237288135594,
    "profit_factor": 1.0606658327634417
  },
  "win017_tr20180701-20230630_te20230701-20230930_va20231001-20231231": {
    "cumulative_return_pct": -5.282050180192769,
    "annualized_return_pct": -20.373752707995905,
    "max_drawdown_pct": 24.31864318378497,
    "sharpe": -0.4712972983677832,
    "win_rate_pct": 42.1875,
    "profit_factor": 0.9286435685982855
  },
  "win018_tr20190101-20231231_te20240101-20240331_va20240401-20240630": {
    "cumulative_return_pct": -13.244634318550851,
    "annualized_return_pct": -44.925440350128895,
    "max_drawdown_pct": 34.661134456350254,
    "sharpe": -0.6592277547020863,
    "win_rate_pct": 48.275862068965516,
    "profit_factor": 0.8550905670174297
  },
  "win019_tr20190701-20240630_te20240701-20240930_va20241001-20241231": {
    "cumulative_return_pct": 101.46802000336822,
    "annualized_return_pct": 1616.2076361641566,
    "max_drawdown_pct": 37.96340431941058,
    "sharpe": 10.517001408271765,
    "win_rate_pct": 50.79365079365079,
    "profit_factor": 1.3356402250179862
  },
  "win020_tr20200101-20241231_te20250101-20250331_va20250401-20250630": {
    "cumulative_return_pct": -0.6109519540563109,
    "annualized_return_pct": -2.5114993410224717,
    "max_drawdown_pct": 21.418361189623635,
    "sharpe": -0.06716165034516199,
    "win_rate_pct": 38.59649122807017,
    "profit_factor": 0.9925356773291937
  },
  "win021_tr20200701-20250630_te20250701-20250930_va20251001-20251231": {
    "cumulative_return_pct": 18.206201103231706,
    "annualized_return_pct": 97.15073001402943,
    "max_drawdown_pct": 18.47608678538573,
    "sharpe": 1.7407989765425895,
    "win_rate_pct": 52.307692307692314,
    "profit_factor": 1.2596092046951564
  }
}