{
  "win000_tr20100101-20141231_te20150101-20150331_va20150401-20150630": {
    "cumulative_return_pct": 67.42954889646224,
    "annualized_return_pct": 815.8402597181814,
    "max_drawdown_pct": 27.909413390337967,
    "sharpe": 9.76128743749901,
    "win_rate_pct": 50.877192982456144,
    "profit_factor": 1.5746210126454108
  },
  "win001_tr20100701-20150630_te20150701-20150930_va20151001-20151231": {
    "cumulative_return_pct": -15.316012445377048,
    "annualized_return_pct": -49.067662554808244,
    "max_drawdown_pct": 56.54546671849998,
    "sharpe": -0.34908341998510684,
    "win_rate_pct": 42.857142857142854,
    "profit_factor": 0.9302250468253348
  },
  "win002_tr20110101-20151231_te20160101-20160331_va20160401-20160630": {
    "cumulative_return_pct": 47.01303846134681,
    "annualized_return_pct": 404.20371448748193,
    "max_drawdown_pct": 27.028042342714702,
    "sharpe": 4.436779968651381,
    "win_rate_pct": 52.54237288135594,
    "profit_factor": 1.4409471671290353
  },
  "win003_tr20110701-20160630_te20160701-20160930_va20161001-20161231": {
    "cumulative_return_pct": 66.18952313168602,
    "annualized_return_pct": 723.4371484946229,
    "max_drawdown_pct": 22.868410034271665,
    "sharpe": 9.867113588927106,
    "win_rate_pct": 49.2063492063492,
    "profit_factor": 1.570485027298002
  },
  "win004_tr20120101-20161231_te20170101-20170331_va20170401-20170630": {
    "cumulative_return_pct": 12.367875687600673,
    "annualized_return_pct": 63.1585370115924,
    "max_drawdown_pct": 26.973642730112335,
    "sharpe": 0.8130114385629722,
    "win_rate_pct": 40.67796610169492,
    "profit_factor": 1.1218222261299369
  },
  "win005_tr20120701-20170630_te20170701-20170930_va20171001-20171231": {
    "cumulative_return_pct": -42.413462652133035,
    "annualized_return_pct": -89.87964317748414,
    "max_drawdown_pct": 42.62820531669986,
    "sharpe": -1.6899662632331807,
    "win_rate_pct": 33.84615384615385,
    "profit_factor": 0.5157509323024305
  },
  "win006_tr20130101-20171231_te20180101-20180331_va20180401-20180630": {
    "cumulative_return_pct": -64.74825001470487,
    "annualized_return_pct": -98.74414475263585,
    "max_drawdown_pct": 71.81868825161644,
    "sharpe": -1.6154599290407157,
    "win_rate_pct": 33.89830508474576,
    "profit_factor": 0.231192886532992
  },
  "win007_tr20130701-20180630_te20180701-20180930_va20181001-20181231": {
    "cumulative_return_pct": -53.26867674595904,
    "annualized_return_pct": -95.74709380009675,
    "max_drawdown_pct": 55.92414128558458,
    "sharpe": -1.2682075934189776,
    "win_rate_pct": 35.9375,
    "profit_factor": 0.5048424506764368
  },
  "win008_tr20140101-20181231_te20190101-20190331_va20190401-20190630": {
    "cumulative_return_pct": -11.763474024971307,
    "annualized_return_pct": -41.22891582335253,
    "max_drawdown_pct": 42.26905433465252,
    "sharpe": -0.3770475574437748,
    "win_rate_pct": 46.55172413793103,
    "profit_factor": 0.9214039959400732
  },
  "win009_tr20140701-20190630_te20190701-20190930_va20191001-20191231": {
    "cumulative_return_pct": -46.9671565877627,
    "annualized_return_pct": -92.37725418510523,
    "max_drawdown_pct": 48.38381709057173,
    "sharpe": -0.8387801600013158,
    "win_rate_pct": 39.0625,
    "profit_factor": 0.6378256738470838
  },
  "win010_tr20150101-20191231_te20200101-20200331_va20200401-20200630": {
    "cumulative_return_pct": 19.709538573569176,
    "annualized_return_pct": 109.23539383481713,
    "max_drawdown_pct": 33.939045892904964,
    "sharpe": 0.7949523633997959,
    "win_rate_pct": 48.275862068965516,
    "profit_factor": 1.1009797787953082
  },
  "win011_tr20150701-20200630_te20200701-20200930_va20201001-20201231": {
    "cumulative_return_pct": -24.293859272946335,
    "annualized_return_pct": -67.67982188630984,
    "max_drawdown_pct": 52.95267588599957,
    "sharpe": -0.4850978485111361,
    "win_rate_pct": 41.53846153846154,
    "profit_factor": 0.8881272031918823
  },
  "win012_tr20160101-20201231_te20210101-20210331_va20210401-20210630": {
    "cumulative_return_pct": -31.783944281216176,
    "annualized_return_pct": -80.29842447862522,
    "max_drawdown_pct": 45.511045094672006,
    "sharpe": -0.6242497377376569,
    "win_rate_pct": 46.55172413793103,
    "profit_factor": 0.7881587257020147
  },
  "win013_tr20160701-20210630_te20210701-20210930_va20211001-20211231": {
    "cumulative_return_pct": -48.367721477312074,
    "annualized_return_pct": -93.16184555925466,
    "max_drawdown_pct": 56.4367718932259,
    "sharpe": -0.7819491109455696,
    "win_rate_pct": 44.44444444444444,
    "profit_factor": 0.7173546753373821
  },
  "win014_tr20170101-20211231_te20220101-20220331_va20220401-20220630": {
    "cumulative_return_pct": -63.92917199821326,
    "annualized_return_pct": -98.68416688698886,
    "max_drawdown_pct": 70.68511542976383,
    "sharpe": -0.6195773408553878,
    "win_rate_pct": 41.37931034482759,
    "profit_factor": 0.6733872313763964
  },
  "win015_tr20170701-20220630_te20220701-20220930_va20221001-20221231": {
    "cumulative_return_pct": -33.78022744406511,
    "annualized_return_pct": -81.92837607684075,
    "max_drawdown_pct": 39.36727939528753,
    "sharpe": -0.9447468798593245,
    "win_rate_pct": 42.1875,
    "profit_factor": 0.7203821206116621
  },
  "win016_tr20180101-20221231_te20230101-20230331_va20230401-20230630": {
    "cumulative_return_pct": -8.2092410352775,
    "annualized_return_pct": -30.205729051823514,
    "max_drawdown_pct": 41.329998910465406,
    "sharpe": -0.43002786668369053,
    "win_rate_pct": 50.847457627118644,
    "profit_factor": 0.9341048077492713
  },
  "win017_tr20180701-20230630_te20230701-20230930_va20231001-20231231": {
    "cumulative_return_pct": 27.630134660241357,
    "annualized_return_pct": 178.4972283273388,
    "max_drawdown_pct": 22.21118817087761,
    "sharpe": 2.182525058680628,
    "win_rate_pct": 48.4375,
    "profit_factor": 1.2607121212122945
  },
  "win018_tr20190101-20231231_te20240101-20240331_va20240401-20240630": {
    "cumulative_return_pct": -0.4141693637415883,
    "annualized_return_pct": -1.727315853099376,
    "max_drawdown_pct": 23.901956084825734,
    "sharpe": -0.049480789710415314,
    "win_rate_pct": 50.0,
    "profit_factor": 0.9971839499777085
  },
  "win019_tr20190701-20240630_te20240701-20240930_va20241001-20241231": {
    "cumulative_return_pct": 241.1382394114654,
    "annualized_return_pct": 14448.19863000444,
    "max_drawdown_pct": 34.672487116604955,
    "sharpe": 93.1452530391473,
    "win_rate_pct": 49.2063492063492,
    "profit_factor": 1.6827003184417273
  },
  "win020_tr20200101-20241231_te20250101-20250331_va20250401-20250630": {
    "cumulative_return_pct": -42.575368577659525,
    "annualized_return_pct": -89.99721988820369,
    "max_drawdown_pct": 43.69383416651623,
    "sharpe": -1.1005459414465222,
    "win_rate_pct": 43.859649122807014,
    "profit_factor": 0.6193297338254286
  },
  "win021_tr20200701-20250630_te20250701-20250930_va20251001-20251231": {
    "cumulative_return_pct": -23.79644296373072,
    "annualized_return_pct": -66.80931634954268,
    "max_drawdown_pct": 26.967254239313256,
    "sharpe": -1.1664370616561486,
    "win_rate_pct": 43.07692307692308,
    "profit_factor": 0.7119179170909031
  }
}