{
  "win000_tr20100101-20141231_te20150101-20150331_va20150401-20150630": {
    "cumulative_return_pct": 18.971431640738786,
    "annualized_return_pct": 110.95103805769351,
    "max_drawdown_pct": 25.715719505323985,
    "sharpe": 1.555472929013933,
    "win_rate_pct": 45.614035087719294,
    "profit_factor": 1.2397675399766814
  },
  "win001_tr20100701-20150630_te20150701-20150930_va20151001-20151231": {
    "cumulative_return_pct": -49.77695701913644,
    "annualized_return_pct": -93.88826145120919,
    "max_drawdown_pct": 75.64448803718466,
    "sharpe": -0.700095838646742,
    "win_rate_pct": 50.79365079365079,
    "profit_factor": 0.8267904836064977
  },
  "win002_tr20110101-20151231_te20160101-20160331_va20160401-20160630": {
    "cumulative_return_pct": -30.236958311600766,
    "annualized_return_pct": -77.94554532740034,
    "max_drawdown_pct": 34.68755217833936,
    "sharpe": -0.8072773933083187,
    "win_rate_pct": 49.152542372881356,
    "profit_factor": 0.7605494390445636
  },
  "win003_tr20110701-20160630_te20160701-20160930_va20161001-20161231": {
    "cumulative_return_pct": -25.415953675620617,
    "annualized_return_pct": -70.39205299824319,
    "max_drawdown_pct": 38.82172318901196,
    "sharpe": -1.0581350073063738,
    "win_rate_pct": 44.44444444444444,
    "profit_factor": 0.7524889931011207
  },
  "win004_tr20120101-20161231_te20170101-20170331_va20170401-20170630": {
    "cumulative_return_pct": 8.993907203477224,
    "annualized_return_pct": 43.55715512771072,
    "max_drawdown_pct": 17.125702385029047,
    "sharpe": 0.8068251014097586,
    "win_rate_pct": 55.932203389830505,
    "profit_factor": 1.1189267609400766
  },
  "win005_tr20120701-20170630_te20170701-20170930_va20171001-20171231": {
    "cumulative_return_pct": 11.677569404120277,
    "annualized_return_pct": 58.1561044274967,
    "max_drawdown_pct": 18.176687860850794,
    "sharpe": 0.9180746090315349,
    "win_rate_pct": 50.76923076923077,
    "profit_factor": 1.145070198556339
  },
  "win006_tr20130101-20171231_te20180101-20180331_va20180401-20180630": {
    "cumulative_return_pct": -34.42534171126592,
    "annualized_return_pct": -82.99379835849435,
    "max_drawdown_pct": 46.68661144660817,
    "sharpe": -1.2402274852957111,
    "win_rate_pct": 44.06779661016949,
    "profit_factor": 0.5815598653053896
  },
  "win007_tr20130701-20180630_te20180701-20180930_va20181001-20181231": {
    "cumulative_return_pct": -72.63287613256071,
    "annualized_return_pct": -99.53848985839524,
    "max_drawdown_pct": 72.98468366402415,
    "sharpe": -1.6809212682478791,
    "win_rate_pct": 26.5625,
    "profit_factor": 0.22346822243787495
  },
  "win008_tr20140101-20181231_te20190101-20190331_va20190401-20190630": {
    "cumulative_return_pct": 9.6927735369229,
    "annualized_return_pct": 48.12889330118777,
    "max_drawdown_pct": 27.900256936059005,
    "sharpe": 0.4820462492902865,
    "win_rate_pct": 41.37931034482759,
    "profit_factor": 1.0655508502312898
  },
  "win009_tr20140701-20190630_te20190701-20190930_va20191001-20191231": {
    "cumulative_return_pct": 96.38714387929228,
    "annualized_return_pct": 1447.214325616627,
    "max_drawdown_pct": 23.00978298625251,
    "sharpe": 14.839266606205433,
    "win_rate_pct": 53.125,
    "profit_factor": 1.5671110916651405
  },
  "win010_tr20150101-20191231_te20200101-20200331_va20200401-20200630": {
    "cumulative_return_pct": -54.018027503815524,
    "annualized_return_pct": -95.87634573216249,
    "max_drawdown_pct": 58.18375651941912,
    "sharpe": -1.1599997810206297,
    "win_rate_pct": 39.6551724137931,
    "profit_factor": 0.572418464193781
  },
  "win011_tr20150701-20200630_te20200701-20200930_va20201001-20201231": {
    "cumulative_return_pct": -48.18692651784304,
    "annualized_return_pct": -93.06414963608476,
    "max_drawdown_pct": 54.005206202504056,
    "sharpe": -1.6365270514498145,
    "win_rate_pct": 41.53846153846154,
    "profit_factor": 0.5194048604520756
  },
  "win012_tr20160101-20201231_te20210101-20210331_va20210401-20210630": {
    "cumulative_return_pct": -3.1787832749991445,
    "annualized_return_pct": -12.820261638084052,
    "max_drawdown_pct": 44.97989621023212,
    "sharpe": -0.17907904337136685,
    "win_rate_pct": 51.724137931034484,
    "profit_factor": 0.9668434693801844
  },
  "win013_tr20160701-20210630_te20210701-20210930_va20211001-20211231": {
    "cumulative_return_pct": -6.95000277350815,
    "annualized_return_pct": -25.348149209284486,
    "max_drawdown_pct": 42.61228452501947,
    "sharpe": -0.27670457319233904,
    "win_rate_pct": 49.2063492063492,
    "profit_factor": 0.9493378595122094
  },
  "win014_tr20170101-20211231_te20220101-20220331_va20220401-20220630": {
    "cumulative_return_pct": -6.528429593912105,
    "annualized_return_pct": -24.928814204600634,
    "max_drawdown_pct": 36.537880935036895,
    "sharpe": -0.3940074597674315,
    "win_rate_pct": 53.44827586206896,
    "profit_factor": 0.9322610343811474
  },
  "win015_tr20170701-20220630_te20220701-20220930_va20221001-20221231": {
    "cumulative_return_pct": -38.58217491225456,
    "annualized_return_pct": -86.77786427866579,
    "max_drawdown_pct": 50.36445704505782,
    "sharpe": -1.2778803834205261,
    "win_rate_pct": 45.3125,
    "profit_factor": 0.6730224007955312
  },
  "win016_tr20180101-20221231_te20230101-20230331_va20230401-20230630": {
    "cumulative_return_pct": -22.39596024907713,
    "annualized_return_pct": -65.50913880541664,
    "max_drawdown_pct": 30.993015680355747,
    "sharpe": -1.1239054215517874,
    "win_rate_pct": 38.983050847457626,
    "profit_factor": 0.743812979545064
  },
  "win017_tr20180701-20230630_te20230701-20230930_va20231001-20231231": {
    "cumulative_return_pct": 13.754003093701556,
    "annualized_return_pct": 71.77644024173944,
    "max_drawdown_pct": 22.099356806539202,
    "sharpe": 1.48322401220872,
    "win_rate_pct": 54.6875,
    "profit_factor": 1.1749501215053904
  },
  "win018_tr20190101-20231231_te20240101-20240331_va20240401-20240630": {
    "cumulative_return_pct": -22.768974716709785,
    "annualized_return_pct": -66.19981915323163,
    "max_drawdown_pct": 32.68847994644026,
    "sharpe": -0.9485748275806829,
    "win_rate_pct": 39.6551724137931,
    "profit_factor": 0.7683645368741704
  },
  "win019_tr20190701-20240630_te20240701-20240930_va20241001-20241231": {
    "cumulative_return_pct": 120.99709276539772,
    "annualized_return_pct": 2398.247481146926,
    "max_drawdown_pct": 23.64938460581208,
    "sharpe": 22.364569965952594,
    "win_rate_pct": 53.96825396825397,
    "profit_factor": 2.0413294214296895
  },
  "win020_tr20200101-20241231_te20250101-20250331_va20250401-20250630": {
    "cumulative_return_pct": -26.24651890447916,
    "annualized_return_pct": -71.73673382024235,
    "max_drawdown_pct": 28.87455569946563,
    "sharpe": -1.2948182743798664,
    "win_rate_pct": 42.10526315789473,
    "profit_factor": 0.6782845204947933
  },
  "win021_tr20200701-20250630_te20250701-20250930_va20251001-20251231": {
    "cumulative_return_pct": -27.47016063654947,
    "annualized_return_pct": -72.83996423570358,
    "max_drawdown_pct": 24.234771276582592,
    "sharpe": -1.350544085309144,
    "win_rate_pct": 33.84615384615385,
    "profit_factor": 0.6763367755874159
  }
}