{
  "size": 4,
  "models": "DLinear,FreTS,LightTS,PatchTST",
  "num_windows": 22,
  "mean_test_cumulative_return_pct": -18.522458695642925,
  "std_test_cumulative_return_pct": 38.360605904864826,
  "min_test_cumulative_return_pct": -58.604483418257004,
  "max_test_cumulative_return_pct": 95.14542128924488,
  "mean_test_annualized_return_pct": 44.27535272859813,
  "mean_test_max_drawdown_pct": 39.52212629345789,
  "mean_test_sharpe": 0.3444002040102144,
  "mean_test_win_rate_pct": 45.80287836023267,
  "mean_test_profit_factor": 0.8256244187269801
}