{
  "size": 4,
  "models": "FiLM,LightTS,TimeMixer,WPMixer",
  "num_windows": 22,
  "mean_test_cumulative_return_pct": -19.386303963290775,
  "std_test_cumulative_return_pct": 33.07590175379739,
  "min_test_cumulative_return_pct": -67.51963465324035,
  "max_test_cumulative_return_pct": 36.155622730812496,
  "mean_test_annualized_return_pct": -10.44797874958457,
  "mean_test_max_drawdown_pct": 46.71496162175513,
  "mean_test_sharpe": -0.1522544924858163,
  "mean_test_win_rate_pct": 45.0258002999936,
  "mean_test_profit_factor": 0.8180249969760335
}