{
  "win000_tr20100101-20141231_te20150101-20150331_va20150401-20150630": {
    "cumulative_return_pct": 3.9225603282962345,
    "annualized_return_pct": 17.978577706739586,
    "max_drawdown_pct": 29.23148273976573,
    "sharpe": 0.1762033164488799,
    "win_rate_pct": 49.122807017543856,
    "profit_factor": 1.0403084334070893
  },
  "win001_tr20100701-20150630_te20150701-20150930_va20151001-20151231": {
    "cumulative_return_pct": -28.26263427862985,
    "annualized_return_pct": -74.02432456616953,
    "max_drawdown_pct": 56.78240655972115,
    "sharpe": -0.4688200208190865,
    "win_rate_pct": 49.2063492063492,
    "profit_factor": 0.8838997900276279
  },
  "win002_tr20110101-20151231_te20160101-20160331_va20160401-20160630": {
    "cumulative_return_pct": -67.51963465324035,
    "annualized_return_pct": -99.10946737092539,
    "max_drawdown_pct": 67.04100353637367,
    "sharpe": -1.254894143528699,
    "win_rate_pct": 37.28813559322034,
    "profit_factor": 0.3323103302279205
  },
  "win003_tr20110701-20160630_te20160701-20160930_va20161001-20161231": {
    "cumulative_return_pct": 31.780420803370745,
    "annualized_return_pct": 214.37593252465922,
    "max_drawdown_pct": 41.18569971990424,
    "sharpe": 2.7900380623085925,
    "win_rate_pct": 60.317460317460316,
    "profit_factor": 1.3783887716741845
  },
  "win004_tr20120101-20161231_te20170101-20170331_va20170401-20170630": {
    "cumulative_return_pct": -50.549789801693244,
    "annualized_return_pct": -94.79963899952547,
    "max_drawdown_pct": 61.867140010059586,
    "sharpe": -1.3465444221159186,
    "win_rate_pct": 45.76271186440678,
    "profit_factor": 0.3630993889159224
  },
  "win005_tr20120701-20170630_te20170701-20170930_va20171001-20171231": {
    "cumulative_return_pct": -15.855953800903459,
    "annualized_return_pct": -51.15675875097298,
    "max_drawdown_pct": 37.571336733407946,
    "sharpe": -0.7834180184061819,
    "win_rate_pct": 41.53846153846154,
    "profit_factor": 0.8103150989188935
  },
  "win006_tr20130101-20171231_te20180101-20180331_va20180401-20180630": {
    "cumulative_return_pct": 14.565199685677676,
    "annualized_return_pct": 76.97812673548572,
    "max_drawdown_pct": 40.59418317283712,
    "sharpe": 0.8509428149282995,
    "win_rate_pct": 47.45762711864407,
    "profit_factor": 1.1549281432967071
  },
  "win007_tr20130701-20180630_te20180701-20180930_va20181001-20181231": {
    "cumulative_return_pct": -65.78731567005511,
    "annualized_return_pct": -98.83423232889723,
    "max_drawdown_pct": 68.64318424088248,
    "sharpe": -1.3113542380147925,
    "win_rate_pct": 40.625,
    "profit_factor": 0.4099284677328688
  },
  "win008_tr20140101-20181231_te20190101-20190331_va20190401-20190630": {
    "cumulative_return_pct": 7.408287038742402,
    "annualized_return_pct": 35.462904528066595,
    "max_drawdown_pct": 30.28868877403461,
    "sharpe": 0.3083020368166859,
    "win_rate_pct": 43.103448275862064,
    "profit_factor": 1.0573328238746569
  },
  "win009_tr20140701-20190630_te20190701-20190930_va20191001-20191231": {
    "cumulative_return_pct": -39.49061323276227,
    "annualized_return_pct": -86.9814084883846,
    "max_drawdown_pct": 42.140298562947024,
    "sharpe": -1.2931473654156485,
    "win_rate_pct": 46.875,
    "profit_factor": 0.651513715001003
  },
  "win010_tr20150101-20191231_te20200101-20200331_va20200401-20200630": {
    "cumulative_return_pct": 6.702812561919494,
    "annualized_return_pct": 30.506414749481102,
    "max_drawdown_pct": 64.91426635211212,
    "sharpe": 0.24387090823030277,
    "win_rate_pct": 44.827586206896555,
    "profit_factor": 1.0229355016644501
  },
  "win011_tr20150701-20200630_te20200701-20200930_va20201001-20201231": {
    "cumulative_return_pct": -36.65131935803092,
    "annualized_return_pct": -84.31859436325755,
    "max_drawdown_pct": 53.50439802722913,
    "sharpe": -1.0204444927174259,
    "win_rate_pct": 47.69230769230769,
    "profit_factor": 0.744755656365854
  },
  "win012_tr20160101-20201231_te20210101-20210331_va20210401-20210630": {
    "cumulative_return_pct": 17.369311935481196,
    "annualized_return_pct": 97.42615184987278,
    "max_drawdown_pct": 19.89341962312814,
    "sharpe": 1.0008656880284716,
    "win_rate_pct": 48.275862068965516,
    "profit_factor": 1.1437030023490342
  },
  "win013_tr20160701-20210630_te20210701-20210930_va20211001-20211231": {
    "cumulative_return_pct": -53.796938703917895,
    "annualized_return_pct": -95.64365632563711,
    "max_drawdown_pct": 55.794936329086575,
    "sharpe": -0.8488820315958295,
    "win_rate_pct": 39.682539682539684,
    "profit_factor": 0.6931617858912438
  },
  "win014_tr20170101-20211231_te20220101-20220331_va20220401-20220630": {
    "cumulative_return_pct": -57.77237527433324,
    "annualized_return_pct": -97.43034890879225,
    "max_drawdown_pct": 65.03193251333995,
    "sharpe": -0.9456456206267974,
    "win_rate_pct": 37.93103448275862,
    "profit_factor": 0.5505571930306801
  },
  "win015_tr20170701-20220630_te20220701-20220930_va20221001-20221231": {
    "cumulative_return_pct": 21.4310934856002,
    "annualized_return_pct": 123.88088963952124,
    "max_drawdown_pct": 31.214391581796036,
    "sharpe": 1.2371571408427315,
    "win_rate_pct": 50.0,
    "profit_factor": 1.1651415776906624
  },
  "win016_tr20180101-20221231_te20230101-20230331_va20230401-20230630": {
    "cumulative_return_pct": -38.468649731393974,
    "annualized_return_pct": -86.9812676644015,
    "max_drawdown_pct": 52.203488303479,
    "sharpe": -1.3141379585298183,
    "win_rate_pct": 35.59322033898305,
    "profit_factor": 0.521342432232412
  },
  "win017_tr20180701-20230630_te20230701-20230930_va20231001-20231231": {
    "cumulative_return_pct": -10.741050085074944,
    "annualized_return_pct": -37.93846243628637,
    "max_drawdown_pct": 27.95346491047611,
    "sharpe": -0.6056227044494522,
    "win_rate_pct": 50.0,
    "profit_factor": 0.8871163110824832
  },
  "win018_tr20190101-20231231_te20240101-20240331_va20240401-20240630": {
    "cumulative_return_pct": -59.88702600022015,
    "annualized_return_pct": -97.83986739531657,
    "max_drawdown_pct": 62.05228431315015,
    "sharpe": -1.2815358213545078,
    "win_rate_pct": 34.48275862068966,
    "profit_factor": 0.4406456472709379
  },
  "win019_tr20190701-20240630_te20240701-20240930_va20241001-20241231": {
    "cumulative_return_pct": 4.771380005189776,
    "annualized_return_pct": 20.823518668110385,
    "max_drawdown_pct": 47.70640803755628,
    "sharpe": 0.20149724971037508,
    "win_rate_pct": 49.2063492063492,
    "profit_factor": 1.0351529641330388
  },
  "win020_tr20200101-20241231_te20250101-20250331_va20250401-20250630": {
    "cumulative_return_pct": -45.822075177231916,
    "annualized_return_pct": -92.14381715686926,
    "max_drawdown_pct": 51.70914718546441,
    "sharpe": -1.6679746959548347,
    "win_rate_pct": 31.57894736842105,
    "profit_factor": 0.4301817483370897
  },
  "win021_tr20200701-20250630_te20250701-20250930_va20251001-20251231": {
    "cumulative_return_pct": 36.155622730812496,
    "annualized_return_pct": 249.9137958626386,
    "max_drawdown_pct": 20.405594451861376,
    "sharpe": 3.9839454815266957,
    "win_rate_pct": 60.0,
    "profit_factor": 1.2798311503479738
  }
}