{
  "win000_tr20100101-20141231_te20150101-20150331_va20150401-20150630": {
    "cumulative_return_pct": 33.25069757276471,
    "annualized_return_pct": 243.3303034930618,
    "max_drawdown_pct": 28.99149084889256,
    "sharpe": 3.2839679011350076,
    "win_rate_pct": 47.368421052631575,
    "profit_factor": 1.3956527199462423
  },
  "win001_tr20100701-20150630_te20150701-20150930_va20151001-20151231": {
    "cumulative_return_pct": -24.87850372263449,
    "annualized_return_pct": -68.68085971840094,
    "max_drawdown_pct": 52.95021803988723,
    "sharpe": -0.5458547957301199,
    "win_rate_pct": 52.38095238095239,
    "profit_factor": 0.8861217856793768
  },
  "win002_tr20110101-20151231_te20160101-20160331_va20160401-20160630": {
    "cumulative_return_pct": -41.27175774907266,
    "annualized_return_pct": -89.29575723135233,
    "max_drawdown_pct": 43.17131660121767,
    "sharpe": -0.8929904275935838,
    "win_rate_pct": 44.06779661016949,
    "profit_factor": 0.662346594949126
  },
  "win003_tr20110701-20160630_te20160701-20160930_va20161001-20161231": {
    "cumulative_return_pct": 0.3025326279650442,
    "annualized_return_pct": 1.2616795549638793,
    "max_drawdown_pct": 36.54020743864723,
    "sharpe": -0.0266997664590083,
    "win_rate_pct": 50.79365079365079,
    "profit_factor": 1.0034183909179575
  },
  "win004_tr20120101-20161231_te20170101-20170331_va20170401-20170630": {
    "cumulative_return_pct": 5.506826919284579,
    "annualized_return_pct": 25.23860498075232,
    "max_drawdown_pct": 32.64786111576357,
    "sharpe": 0.3216505850164247,
    "win_rate_pct": 50.847457627118644,
    "profit_factor": 1.0741669417772994
  },
  "win005_tr20120701-20170630_te20170701-20170930_va20171001-20171231": {
    "cumulative_return_pct": -11.86843228963631,
    "annualized_return_pct": -40.807793250288704,
    "max_drawdown_pct": 16.182713931535364,
    "sharpe": -0.831179484432673,
    "win_rate_pct": 47.69230769230769,
    "profit_factor": 0.833637205461129
  },
  "win006_tr20130101-20171231_te20180101-20180331_va20180401-20180630": {
    "cumulative_return_pct": 29.395032204598703,
    "annualized_return_pct": 195.02646206023192,
    "max_drawdown_pct": 24.42602732503206,
    "sharpe": 2.3098364814334182,
    "win_rate_pct": 45.76271186440678,
    "profit_factor": 1.338137769082019
  },
  "win007_tr20130701-20180630_te20180701-20180930_va20181001-20181231": {
    "cumulative_return_pct": -42.77249210777516,
    "annualized_return_pct": -90.13896872263196,
    "max_drawdown_pct": 47.70847119739799,
    "sharpe": -1.5313857284368224,
    "win_rate_pct": 42.1875,
    "profit_factor": 0.5473688350266265
  },
  "win008_tr20140101-20181231_te20190101-20190331_va20190401-20190630": {
    "cumulative_return_pct": -31.335674707202184,
    "annualized_return_pct": -79.74267779700241,
    "max_drawdown_pct": 51.11479369294229,
    "sharpe": -0.9162857731598869,
    "win_rate_pct": 37.93103448275862,
    "profit_factor": 0.7533360535834491
  },
  "win009_tr20140701-20190630_te20190701-20190930_va20191001-20191231": {
    "cumulative_return_pct": -15.617982465645275,
    "annualized_return_pct": -49.80071506049789,
    "max_drawdown_pct": 39.143605157795065,
    "sharpe": -0.7764764460473038,
    "win_rate_pct": 48.4375,
    "profit_factor": 0.8480186146223281
  },
  "win010_tr20150101-20191231_te20200101-20200331_va20200401-20200630": {
    "cumulative_return_pct": 32.25995186564335,
    "annualized_return_pct": 215.01686455228057,
    "max_drawdown_pct": 30.503306140962987,
    "sharpe": 1.9739997547317523,
    "win_rate_pct": 51.724137931034484,
    "profit_factor": 1.2028931392176827
  },
  "win011_tr20150701-20200630_te20200701-20200930_va20201001-20201231": {
    "cumulative_return_pct": -25.350215575879453,
    "annualized_return_pct": -69.47135251457334,
    "max_drawdown_pct": 48.6139485024376,
    "sharpe": -0.9787131421870344,
    "win_rate_pct": 49.23076923076923,
    "profit_factor": 0.8003395109905693
  },
  "win012_tr20160101-20201231_te20210101-20210331_va20210401-20210630": {
    "cumulative_return_pct": -9.775438057129225,
    "annualized_return_pct": -35.395883149026965,
    "max_drawdown_pct": 38.21450276471594,
    "sharpe": -0.51935057505046,
    "win_rate_pct": 48.275862068965516,
    "profit_factor": 0.8893428810320562
  },
  "win013_tr20160701-20210630_te20210701-20210930_va20211001-20211231": {
    "cumulative_return_pct": -47.618035781946,
    "annualized_return_pct": -92.74986563385778,
    "max_drawdown_pct": 51.57794273913018,
    "sharpe": -1.0407527938066377,
    "win_rate_pct": 42.857142857142854,
    "profit_factor": 0.6347049894648115
  },
  "win014_tr20170101-20211231_te20220101-20220331_va20220401-20220630": {
    "cumulative_return_pct": -2.45885535268971,
    "annualized_return_pct": -10.03371579756398,
    "max_drawdown_pct": 38.91904080154504,
    "sharpe": -0.16526871664372475,
    "win_rate_pct": 51.724137931034484,
    "profit_factor": 0.9741696969855907
  },
  "win015_tr20170701-20220630_te20220701-20220930_va20221001-20221231": {
    "cumulative_return_pct": -1.175458510606282,
    "annualized_return_pct": -4.789239157745174,
    "max_drawdown_pct": 21.766651876409803,
    "sharpe": -0.09013308550906961,
    "win_rate_pct": 46.875,
    "profit_factor": 0.9899304790508886
  },
  "win016_tr20180101-20221231_te20230101-20230331_va20230401-20230630": {
    "cumulative_return_pct": -50.74189706700681,
    "annualized_return_pct": -94.88393003554927,
    "max_drawdown_pct": 52.33817742894063,
    "sharpe": -1.3987606864281,
    "win_rate_pct": 33.89830508474576,
    "profit_factor": 0.5101213975082424
  },
  "win017_tr20180701-20230630_te20230701-20230930_va20231001-20231231": {
    "cumulative_return_pct": 39.91549033997988,
    "annualized_return_pct": 309.6234983156694,
    "max_drawdown_pct": 16.524280393387063,
    "sharpe": 4.947502539730824,
    "win_rate_pct": 50.0,
    "profit_factor": 1.4271865364131
  },
  "win018_tr20190101-20231231_te20240101-20240331_va20240401-20240630": {
    "cumulative_return_pct": -48.30243930743313,
    "annualized_return_pct": -93.73287676718904,
    "max_drawdown_pct": 49.30863481969385,
    "sharpe": -1.059435715596151,
    "win_rate_pct": 36.206896551724135,
    "profit_factor": 0.6066891387505483
  },
  "win019_tr20190701-20240630_te20240701-20240930_va20241001-20241231": {
    "cumulative_return_pct": 44.60180529215273,
    "annualized_return_pct": 346.72301383799083,
    "max_drawdown_pct": 19.952756425383416,
    "sharpe": 4.117582685652829,
    "win_rate_pct": 49.2063492063492,
    "profit_factor": 1.4900328976414732
  },
  "win020_tr20200101-20241231_te20250101-20250331_va20250401-20250630": {
    "cumulative_return_pct": -2.246350221699709,
    "annualized_return_pct": -8.998978669221414,
    "max_drawdown_pct": 22.297612122900333,
    "sharpe": -0.1559614503241276,
    "win_rate_pct": 43.859649122807014,
    "profit_factor": 0.979328191647434
  },
  "win021_tr20200701-20250630_te20250701-20250930_va20251001-20251231": {
    "cumulative_return_pct": -6.66238582810174,
    "annualized_return_pct": -24.407259636587963,
    "max_drawdown_pct": 23.981832730821985,
    "sharpe": -0.4118527851050802,
    "win_rate_pct": 44.61538461538462,
    "profit_factor": 0.9421452856982971
  }
}