size,models,num_windows,mean_test_cumulative_return_pct,std_test_cumulative_return_pct,min_test_cumulative_return_pct,max_test_cumulative_return_pct,mean_test_annualized_return_pct,mean_test_max_drawdown_pct,mean_test_sharpe,mean_test_win_rate_pct,mean_test_profit_factor
1,FreTS,22,-1.3704218210317556,65.21686185507991,-64.74825001470487,241.1382394114654,712.0469991615591,41.54625153525085,4.939102972469967,44.33010857571172,0.9337934092108507
2,"LightTS,iTransformer",22,9.249868314206605,108.02512206460673,-66.61890010859116,480.08994066182265,5729.908328301561,40.2329850511453,33.54546780834897,46.86313211119323,0.9485987713238518
3,"DLinear,LightTS,iTransformer",22,13.637688807591717,57.17972266699509,-81.90206860599415,194.61663759624963,525.1504145303717,38.19190778529251,4.259852837476099,49.58423553734179,1.067381604091649
4,"FreTS,PatchTST,WPMixer,iTransformer",22,16.962284545197704,76.67418557366919,-40.9090134706949,311.1461575564385,1616.1807303050691,35.215988923926524,14.621140289318015,48.7338637481098,1.1159155434705978
5,"FiLM,FreTS,PatchTST,WPMixer,iTransformer",22,3.4927130288766546,52.673082094442265,-74.8097735935143,166.05916104408396,349.3452669586867,34.82530554098659,3.5719850849357915,46.93230747196092,1.0540843383526175
6,"DLinear,FreTS,PatchTST,TimeMixer,WPMixer,iTransformer",22,-0.970272142134493,33.42440355799831,-55.22702165347949,93.20582460327059,86.28279607512049,34.54485007306297,0.9255844669750249,47.383276675184305,1.0085676854132182
7,"DLinear,FreTS,LightTS,PatchTST,TimeMixer,WPMixer,iTransformer",22,-2.6949959200199944,46.99733512392551,-53.02523554343742,178.97172567641772,283.3993348822387,35.630576285244814,2.9936603759434264,46.404294001406534,0.9974212793593229
8,"DLinear,FiLM,FreTS,LightTS,PatchTST,TimeMixer,WPMixer,iTransformer",22,-8.169533460050287,35.251636380130385,-66.64024660737435,80.47983657205174,50.74355519937192,34.68881934487963,0.7807191057805934,47.14583620925421,0.974449808161589
