{
  "size": 4,
  "models": "DLinear,FreTS,PatchTST,TimeMixer",
  "num_windows": 22,
  "mean_test_cumulative_return_pct": 1.4577427583957387,
  "std_test_cumulative_return_pct": 53.08663857292578,
  "min_test_cumulative_return_pct": -55.86458013325991,
  "max_test_cumulative_return_pct": 224.17160470614493,
  "mean_test_annualized_return_pct": 526.5911963001046,
  "mean_test_max_drawdown_pct": 35.81581324096403,
  "mean_test_sharpe": 4.885795167699547,
  "mean_test_win_rate_pct": 46.68993393902265,
  "mean_test_profit_factor": 0.9855439097020396
}