{
  "win000_tr20100101-20141231_te20150101-20150331_va20150401-20150630": {
    "cumulative_return_pct": 17.78481893798986,
    "annualized_return_pct": 102.05750406938922,
    "max_drawdown_pct": 20.638310281585596,
    "sharpe": 1.7268694153468584,
    "win_rate_pct": 49.122807017543856,
    "profit_factor": 1.2671610383892977
  },
  "win001_tr20100701-20150630_te20150701-20150930_va20151001-20151231": {
    "cumulative_return_pct": -19.330615905687306,
    "annualized_return_pct": -58.179138544376485,
    "max_drawdown_pct": 56.9444398833993,
    "sharpe": -0.43338666328836534,
    "win_rate_pct": 50.79365079365079,
    "profit_factor": 0.9241006232769632
  },
  "win002_tr20110101-20151231_te20160101-20160331_va20160401-20160630": {
    "cumulative_return_pct": -55.86458013325991,
    "annualized_return_pct": -96.77359458386832,
    "max_drawdown_pct": 56.28540944727565,
    "sharpe": -1.0947584855172376,
    "win_rate_pct": 40.67796610169492,
    "profit_factor": 0.5326672365310773
  },
  "win003_tr20110701-20160630_te20160701-20160930_va20161001-20161231": {
    "cumulative_return_pct": -11.271989387867425,
    "annualized_return_pct": -39.127298268506,
    "max_drawdown_pct": 36.44467175183653,
    "sharpe": -0.6647931623427198,
    "win_rate_pct": 46.03174603174603,
    "profit_factor": 0.8501680416085435
  },
  "win004_tr20120101-20161231_te20170101-20170331_va20170401-20170630": {
    "cumulative_return_pct": 2.296937683073769,
    "annualized_return_pct": 10.003386244200785,
    "max_drawdown_pct": 29.396957050750967,
    "sharpe": 0.12331865827781918,
    "win_rate_pct": 55.932203389830505,
    "profit_factor": 1.0337028363928207
  },
  "win005_tr20120701-20170630_te20170701-20170930_va20171001-20171231": {
    "cumulative_return_pct": -13.203429153849754,
    "annualized_return_pct": -44.44147425631054,
    "max_drawdown_pct": 21.633366230398938,
    "sharpe": -1.0933777319593239,
    "win_rate_pct": 43.07692307692308,
    "profit_factor": 0.7944336154093957
  },
  "win006_tr20130101-20171231_te20180101-20180331_va20180401-20180630": {
    "cumulative_return_pct": 10.214998122522701,
    "annualized_return_pct": 50.43126275290126,
    "max_drawdown_pct": 42.35136757571294,
    "sharpe": 0.5566354547687234,
    "win_rate_pct": 42.3728813559322,
    "profit_factor": 1.131185677067948
  },
  "win007_tr20130701-20180630_te20180701-20180930_va20181001-20181231": {
    "cumulative_return_pct": -37.5594144753902,
    "annualized_return_pct": -85.83972457237893,
    "max_drawdown_pct": 43.40643962716408,
    "sharpe": -1.3538053509533867,
    "win_rate_pct": 42.1875,
    "profit_factor": 0.6411164470305393
  },
  "win008_tr20140101-20181231_te20190101-20190331_va20190401-20190630": {
    "cumulative_return_pct": 13.044588264623727,
    "annualized_return_pct": 68.3281513214155,
    "max_drawdown_pct": 34.55921715346523,
    "sharpe": 0.6751937176087379,
    "win_rate_pct": 50.0,
    "profit_factor": 1.0952602051619587
  },
  "win009_tr20140701-20190630_te20190701-20190930_va20191001-20191231": {
    "cumulative_return_pct": 35.4423414687522,
    "annualized_return_pct": 242.53384426097875,
    "max_drawdown_pct": 25.445168311481964,
    "sharpe": 3.4532717545405927,
    "win_rate_pct": 57.8125,
    "profit_factor": 1.3222774668597113
  },
  "win010_tr20150101-20191231_te20200101-20200331_va20200401-20200630": {
    "cumulative_return_pct": 12.212753124284745,
    "annualized_return_pct": 60.46114558144184,
    "max_drawdown_pct": 31.59096292521797,
    "sharpe": 0.5983124072029946,
    "win_rate_pct": 44.827586206896555,
    "profit_factor": 1.0875763648701415
  },
  "win011_tr20150701-20200630_te20200701-20200930_va20201001-20201231": {
    "cumulative_return_pct": -22.109701122696453,
    "annualized_return_pct": -63.72534050554335,
    "max_drawdown_pct": 46.66321507622545,
    "sharpe": -0.7604001464527612,
    "win_rate_pct": 50.76923076923077,
    "profit_factor": 0.8240363828641345
  },
  "win012_tr20160101-20201231_te20210101-20210331_va20210401-20210630": {
    "cumulative_return_pct": -21.050077657289954,
    "annualized_return_pct": -63.35260141934677,
    "max_drawdown_pct": 41.46324834065786,
    "sharpe": -0.8355547960487145,
    "win_rate_pct": 43.103448275862064,
    "profit_factor": 0.7639940449920738
  },
  "win013_tr20160701-20210630_te20210701-20210930_va20211001-20211231": {
    "cumulative_return_pct": -7.960904213621572,
    "annualized_return_pct": -28.585276290690565,
    "max_drawdown_pct": 35.81067091445045,
    "sharpe": -0.3463866287358289,
    "win_rate_pct": 47.61904761904761,
    "profit_factor": 0.9459245115623154
  },
  "win014_tr20170101-20211231_te20220101-20220331_va20220401-20220630": {
    "cumulative_return_pct": 16.460731212135194,
    "annualized_return_pct": 91.01635169498097,
    "max_drawdown_pct": 35.646628854908656,
    "sharpe": 1.0963745675912517,
    "win_rate_pct": 53.44827586206896,
    "profit_factor": 1.172560928939825
  },
  "win015_tr20170701-20220630_te20220701-20220930_va20221001-20221231": {
    "cumulative_return_pct": -36.26423660915606,
    "annualized_return_pct": -84.58018722853015,
    "max_drawdown_pct": 36.73625992694126,
    "sharpe": -1.207027286621044,
    "win_rate_pct": 42.1875,
    "profit_factor": 0.6500377264393663
  },
  "win016_tr20180101-20221231_te20230101-20230331_va20230401-20230630": {
    "cumulative_return_pct": -29.77398754875688,
    "annualized_return_pct": -77.32453002492088,
    "max_drawdown_pct": 37.2582583289667,
    "sharpe": -1.164847635704059,
    "win_rate_pct": 35.59322033898305,
    "profit_factor": 0.6992231297027335
  },
  "win017_tr20180701-20230630_te20230701-20230930_va20231001-20231231": {
    "cumulative_return_pct": -27.888071886122347,
    "annualized_return_pct": -74.65602870269315,
    "max_drawdown_pct": 46.21026386391325,
    "sharpe": -1.3419470643255187,
    "win_rate_pct": 39.0625,
    "profit_factor": 0.7366695054206909
  },
  "win018_tr20190101-20231231_te20240101-20240331_va20240401-20240630": {
    "cumulative_return_pct": -7.5122586231741355,
    "annualized_return_pct": -27.953646380732835,
    "max_drawdown_pct": 49.512768493408096,
    "sharpe": -0.32469857485141185,
    "win_rate_pct": 51.724137931034484,
    "profit_factor": 0.9245374181121767
  },
  "win019_tr20190701-20240630_te20240701-20240930_va20241001-20241231": {
    "cumulative_return_pct": 224.17160470614493,
    "annualized_return_pct": 11727.558098079022,
    "max_drawdown_pct": 14.509664256487016,
    "sharpe": 110.44825453141033,
    "win_rate_pct": 58.730158730158735,
    "profit_factor": 2.378530686198344
  },
  "win020_tr20200101-20241231_te20250101-20250331_va20250401-20250630": {
    "cumulative_return_pct": 5.984497617272567,
    "annualized_return_pct": 27.282904258605136,
    "max_drawdown_pct": 20.076940489041903,
    "sharpe": 0.24974783657956537,
    "win_rate_pct": 42.10526315789473,
    "profit_factor": 1.056532569455721
  },
  "win021_tr20200701-20250630_te20250701-20250930_va20251001-20251231": {
    "cumulative_return_pct": -15.753663735221396,
    "annualized_return_pct": -50.12748888273835,
    "max_drawdown_pct": 25.363662517919046,
    "sharpe": -0.8195011271364818,
    "win_rate_pct": 40.0,
    "profit_factor": 0.8502695571590905
  }
}