{
  "win000_tr20100101-20141231_te20150101-20150331_va20150401-20150630": {
    "cumulative_return_pct": -5.11999865709818,
    "annualized_return_pct": -20.215547968052572,
    "max_drawdown_pct": 23.56660810130451,
    "sharpe": -0.29165900161411434,
    "win_rate_pct": 50.877192982456144,
    "profit_factor": 0.9520394761852116
  },
  "win001_tr20100701-20150630_te20150701-20150930_va20151001-20151231": {
    "cumulative_return_pct": -75.71280648721086,
    "annualized_return_pct": -99.6796266785955,
    "max_drawdown_pct": 78.47750958976411,
    "sharpe": -0.6750305274288514,
    "win_rate_pct": 49.2063492063492,
    "profit_factor": 0.6758166473955036
  },
  "win002_tr20110101-20151231_te20160101-20160331_va20160401-20160630": {
    "cumulative_return_pct": -42.54873983106684,
    "annualized_return_pct": -90.23947564712185,
    "max_drawdown_pct": 50.2844913059278,
    "sharpe": -0.8558689857066527,
    "win_rate_pct": 49.152542372881356,
    "profit_factor": 0.6843736279246051
  },
  "win003_tr20110701-20160630_te20160701-20160930_va20161001-20161231": {
    "cumulative_return_pct": 44.3674948684738,
    "annualized_return_pct": 359.08034837816655,
    "max_drawdown_pct": 27.45866519916893,
    "sharpe": 5.288419372777297,
    "win_rate_pct": 60.317460317460316,
    "profit_factor": 1.4904586455597335
  },
  "win004_tr20120101-20161231_te20170101-20170331_va20170401-20170630": {
    "cumulative_return_pct": 43.18441776378052,
    "annualized_return_pct": 351.32916354341387,
    "max_drawdown_pct": 17.294493444012325,
    "sharpe": 4.690178530413022,
    "win_rate_pct": 54.23728813559322,
    "profit_factor": 1.4543686380359475
  },
  "win005_tr20120701-20170630_te20170701-20170930_va20171001-20171231": {
    "cumulative_return_pct": 2.773262356787629,
    "annualized_return_pct": 12.023552808790793,
    "max_drawdown_pct": 25.13066411602355,
    "sharpe": 0.15360143713369337,
    "win_rate_pct": 44.61538461538462,
    "profit_factor": 1.0339478263382156
  },
  "win006_tr20130101-20171231_te20180101-20180331_va20180401-20180630": {
    "cumulative_return_pct": -2.174483351607411,
    "annualized_return_pct": -8.816660708262425,
    "max_drawdown_pct": 35.66443193225619,
    "sharpe": -0.12712374039639096,
    "win_rate_pct": 49.152542372881356,
    "profit_factor": 0.9834406926339886
  },
  "win007_tr20130701-20180630_te20180701-20180930_va20181001-20181231": {
    "cumulative_return_pct": -44.04055353004951,
    "annualized_return_pct": -91.01472450157294,
    "max_drawdown_pct": 46.4722408807063,
    "sharpe": -1.4298463907401833,
    "win_rate_pct": 37.5,
    "profit_factor": 0.5985026336015871
  },
  "win008_tr20140101-20181231_te20190101-20190331_va20190401-20190630": {
    "cumulative_return_pct": 56.9604847954894,
    "annualized_return_pct": 578.4842187257908,
    "max_drawdown_pct": 38.228966123558365,
    "sharpe": 4.556251445064884,
    "win_rate_pct": 55.172413793103445,
    "profit_factor": 1.2772615157196092
  },
  "win009_tr20140701-20190630_te20190701-20190930_va20191001-20191231": {
    "cumulative_return_pct": 53.030230118752364,
    "annualized_return_pct": 462.1958004035257,
    "max_drawdown_pct": 29.466542649148785,
    "sharpe": 4.762472253611825,
    "win_rate_pct": 48.4375,
    "profit_factor": 1.4290134802612326
  },
  "win010_tr20150101-20191231_te20200101-20200331_va20200401-20200630": {
    "cumulative_return_pct": -58.10072018252522,
    "annualized_return_pct": -97.18446335585553,
    "max_drawdown_pct": 61.57843682792308,
    "sharpe": -0.7729795027860871,
    "win_rate_pct": 44.827586206896555,
    "profit_factor": 0.6495237727707395
  },
  "win011_tr20150701-20200630_te20200701-20200930_va20201001-20201231": {
    "cumulative_return_pct": -34.87167396164348,
    "annualized_return_pct": -82.45245996816618,
    "max_drawdown_pct": 49.98083817571668,
    "sharpe": -0.9655832747347552,
    "win_rate_pct": 36.92307692307693,
    "profit_factor": 0.7412574376722781
  },
  "win012_tr20160101-20201231_te20210101-20210331_va20210401-20210630": {
    "cumulative_return_pct": 12.035755949358059,
    "annualized_return_pct": 62.04001660855762,
    "max_drawdown_pct": 21.83097560862591,
    "sharpe": 0.8571678585659375,
    "win_rate_pct": 48.275862068965516,
    "profit_factor": 1.120889956606845
  },
  "win013_tr20160701-20210630_te20210701-20210930_va20211001-20211231": {
    "cumulative_return_pct": 3.996599081648642,
    "annualized_return_pct": 17.238251191344787,
    "max_drawdown_pct": 36.687827991694455,
    "sharpe": 0.1329740905083558,
    "win_rate_pct": 53.96825396825397,
    "profit_factor": 1.0206224925649259
  },
  "win014_tr20170101-20211231_te20220101-20220331_va20220401-20220630": {
    "cumulative_return_pct": -52.53399079820029,
    "annualized_return_pct": -95.77752288906952,
    "max_drawdown_pct": 55.57481732187329,
    "sharpe": -1.036461415930227,
    "win_rate_pct": 32.758620689655174,
    "profit_factor": 0.5356160469678392
  },
  "win015_tr20170701-20220630_te20220701-20220930_va20221001-20221231": {
    "cumulative_return_pct": -16.622328094250896,
    "annualized_return_pct": -52.97685584067315,
    "max_drawdown_pct": 45.03487704205244,
    "sharpe": -0.6838262009024093,
    "win_rate_pct": 48.4375,
    "profit_factor": 0.8924921706315043
  },
  "win016_tr20180101-20221231_te20230101-20230331_va20230401-20230630": {
    "cumulative_return_pct": 60.244791696525965,
    "annualized_return_pct": 624.0013908118996,
    "max_drawdown_pct": 15.511451183269642,
    "sharpe": 7.967151934051906,
    "win_rate_pct": 52.54237288135594,
    "profit_factor": 1.5877096610706145
  },
  "win017_tr20180701-20230630_te20230701-20230930_va20231001-20231231": {
    "cumulative_return_pct": -5.9874477242060005,
    "annualized_return_pct": -22.833860692413133,
    "max_drawdown_pct": 21.737298984303127,
    "sharpe": -0.43511272869708606,
    "win_rate_pct": 46.875,
    "profit_factor": 0.9318154898864379
  },
  "win018_tr20190101-20231231_te20240101-20240331_va20240401-20240630": {
    "cumulative_return_pct": 57.51978632614435,
    "annualized_return_pct": 573.7010836341681,
    "max_drawdown_pct": 33.552638554522495,
    "sharpe": 5.80536568113232,
    "win_rate_pct": 53.44827586206896,
    "profit_factor": 1.3832866966956412
  },
  "win019_tr20190701-20240630_te20240701-20240930_va20241001-20241231": {
    "cumulative_return_pct": 60.68745711167234,
    "annualized_return_pct": 585.3990966112927,
    "max_drawdown_pct": 26.08320149334011,
    "sharpe": 4.77414069720472,
    "win_rate_pct": 50.79365079365079,
    "profit_factor": 1.3669212931094457
  },
  "win020_tr20200101-20241231_te20250101-20250331_va20250401-20250630": {
    "cumulative_return_pct": -6.715852892659581,
    "annualized_return_pct": -25.06488075348595,
    "max_drawdown_pct": 19.250140517144704,
    "sharpe": -0.40931350308695214,
    "win_rate_pct": 47.368421052631575,
    "profit_factor": 0.929489577847329
  },
  "win021_tr20200701-20250630_te20250701-20250930_va20251001-20251231": {
    "cumulative_return_pct": -35.58836493065384,
    "annualized_return_pct": -83.22302925898799,
    "max_drawdown_pct": 48.49718004206534,
    "sharpe": -1.0216273769719026,
    "win_rate_pct": 49.23076923076923,
    "profit_factor": 0.6686049612785646
  }
}