{
  "size": 4,
  "models": "FiLM,PatchTST,WPMixer,iTransformer",
  "num_windows": 22,
  "mean_test_cumulative_return_pct": 0.7860977401176218,
  "std_test_cumulative_return_pct": 47.41135697971394,
  "min_test_cumulative_return_pct": -79.0402167157588,
  "max_test_cumulative_return_pct": 117.9009040305824,
  "mean_test_annualized_return_pct": 197.54535458126063,
  "mean_test_max_drawdown_pct": 37.99717773593695,
  "mean_test_sharpe": 1.982711780657845,
  "mean_test_win_rate_pct": 47.62837921675666,
  "mean_test_profit_factor": 1.008419158161292
}