{
  "win000_tr20100101-20141231_te20150101-20150331_va20150401-20150630": {
    "cumulative_return_pct": 44.989938464235955,
    "annualized_return_pct": 393.48993415812805,
    "max_drawdown_pct": 13.440698181084565,
    "sharpe": 5.934070660466865,
    "win_rate_pct": 59.64912280701754,
    "profit_factor": 1.6633673825171806
  },
  "win001_tr20100701-20150630_te20150701-20150930_va20151001-20151231": {
    "cumulative_return_pct": -63.46446963115076,
    "annualized_return_pct": -98.31982933715958,
    "max_drawdown_pct": 70.39116726287718,
    "sharpe": -0.7113729889486057,
    "win_rate_pct": 50.79365079365079,
    "profit_factor": 0.6793654410814229
  },
  "win002_tr20110101-20151231_te20160101-20160331_va20160401-20160630": {
    "cumulative_return_pct": -56.07190277149421,
    "annualized_return_pct": -96.83674642464403,
    "max_drawdown_pct": 49.131592017994805,
    "sharpe": -1.1529707138223035,
    "win_rate_pct": 42.3728813559322,
    "profit_factor": 0.49143509025634025
  },
  "win003_tr20110701-20160630_te20160701-20160930_va20161001-20161231": {
    "cumulative_return_pct": 23.998241345220805,
    "annualized_return_pct": 144.18979397598704,
    "max_drawdown_pct": 35.63400646248422,
    "sharpe": 1.8042749148094557,
    "win_rate_pct": 55.55555555555556,
    "profit_factor": 1.2154461796287535
  },
  "win004_tr20120101-20161231_te20170101-20170331_va20170401-20170630": {
    "cumulative_return_pct": 20.65720587177202,
    "annualized_return_pct": 119.97995013362015,
    "max_drawdown_pct": 11.580359527768868,
    "sharpe": 2.2067333896726713,
    "win_rate_pct": 61.016949152542374,
    "profit_factor": 1.3227011591906932
  },
  "win005_tr20120701-20170630_te20170701-20170930_va20171001-20171231": {
    "cumulative_return_pct": -24.236210482831925,
    "annualized_return_pct": -68.39924046590151,
    "max_drawdown_pct": 30.27896247786714,
    "sharpe": -1.4968415428498707,
    "win_rate_pct": 53.84615384615385,
    "profit_factor": 0.6585067958191444
  },
  "win006_tr20130101-20171231_te20180101-20180331_va20180401-20180630": {
    "cumulative_return_pct": -15.933055380716036,
    "annualized_return_pct": -51.74347298226301,
    "max_drawdown_pct": 45.70248973151777,
    "sharpe": -0.6145808629976772,
    "win_rate_pct": 49.152542372881356,
    "profit_factor": 0.8257327790700323
  },
  "win007_tr20130701-20180630_te20180701-20180930_va20181001-20181231": {
    "cumulative_return_pct": -72.92006607986711,
    "annualized_return_pct": -99.55826157157148,
    "max_drawdown_pct": 73.26818175145837,
    "sharpe": -1.5875545243942506,
    "win_rate_pct": 29.6875,
    "profit_factor": 0.26327605669092546
  },
  "win008_tr20140101-20181231_te20190101-20190331_va20190401-20190630": {
    "cumulative_return_pct": 21.228676427529567,
    "annualized_return_pct": 126.50602380067619,
    "max_drawdown_pct": 31.140847690450045,
    "sharpe": 1.1994030184523097,
    "win_rate_pct": 48.275862068965516,
    "profit_factor": 1.1547926982189431
  },
  "win009_tr20140701-20190630_te20190701-20190930_va20191001-20191231": {
    "cumulative_return_pct": -33.381169937446565,
    "annualized_return_pct": -80.76475018383692,
    "max_drawdown_pct": 39.1375495243538,
    "sharpe": -1.5007667148776436,
    "win_rate_pct": 43.75,
    "profit_factor": 0.5951272738236274
  },
  "win010_tr20150101-20191231_te20200101-20200331_va20200401-20200630": {
    "cumulative_return_pct": 5.343499684297782,
    "annualized_return_pct": 23.81710630696372,
    "max_drawdown_pct": 46.22326771870762,
    "sharpe": 0.19105075137977778,
    "win_rate_pct": 50.0,
    "profit_factor": 1.026542812223532
  },
  "win011_tr20150701-20200630_te20200701-20200930_va20201001-20201231": {
    "cumulative_return_pct": -46.5251531903604,
    "annualized_return_pct": -92.11611549440264,
    "max_drawdown_pct": 52.75823705009556,
    "sharpe": -1.3214939488799755,
    "win_rate_pct": 41.53846153846154,
    "profit_factor": 0.6070949524472603
  },
  "win012_tr20160101-20201231_te20210101-20210331_va20210401-20210630": {
    "cumulative_return_pct": -36.48021164687699,
    "annualized_return_pct": -85.44754152012206,
    "max_drawdown_pct": 55.653463204292976,
    "sharpe": -1.0772171909672394,
    "win_rate_pct": 39.6551724137931,
    "profit_factor": 0.6030686608496981
  },
  "win013_tr20160701-20210630_te20210701-20210930_va20211001-20211231": {
    "cumulative_return_pct": -66.26677171738271,
    "annualized_return_pct": -98.78464915922065,
    "max_drawdown_pct": 73.0877760222133,
    "sharpe": -0.931664647590032,
    "win_rate_pct": 38.095238095238095,
    "profit_factor": 0.5437622732355963
  },
  "win014_tr20170101-20211231_te20220101-20220331_va20220401-20220630": {
    "cumulative_return_pct": -15.996200831479952,
    "annualized_return_pct": -52.30306138387461,
    "max_drawdown_pct": 28.78716643612104,
    "sharpe": -0.8398502980221979,
    "win_rate_pct": 53.44827586206896,
    "profit_factor": 0.8196130114427032
  },
  "win015_tr20170701-20220630_te20220701-20220930_va20221001-20221231": {
    "cumulative_return_pct": -31.43104535072125,
    "annualized_return_pct": -79.11492042696825,
    "max_drawdown_pct": 39.75497436601705,
    "sharpe": -1.0240104374187162,
    "win_rate_pct": 37.5,
    "profit_factor": 0.7726390157985255
  },
  "win016_tr20180101-20221231_te20230101-20230331_va20230401-20230630": {
    "cumulative_return_pct": -26.561923024210373,
    "annualized_return_pct": -72.640975167192,
    "max_drawdown_pct": 47.25634144285533,
    "sharpe": -0.899881943323804,
    "win_rate_pct": 33.89830508474576,
    "profit_factor": 0.7124470935849361
  },
  "win017_tr20180701-20230630_te20230701-20230930_va20231001-20231231": {
    "cumulative_return_pct": 2.7644429122580565,
    "annualized_return_pct": 12.129437823711564,
    "max_drawdown_pct": 25.498115112086623,
    "sharpe": 0.12309848629569002,
    "win_rate_pct": 51.5625,
    "profit_factor": 1.0273968411165195
  },
  "win018_tr20190101-20231231_te20240101-20240331_va20240401-20240630": {
    "cumulative_return_pct": 7.514167102940031,
    "annualized_return_pct": 35.550669567958536,
    "max_drawdown_pct": 28.16585484877499,
    "sharpe": 0.44133430265455453,
    "win_rate_pct": 51.724137931034484,
    "profit_factor": 1.0721384894110506
  },
  "win019_tr20190701-20240630_te20240701-20240930_va20241001-20241231": {
    "cumulative_return_pct": 43.561171821568884,
    "annualized_return_pct": 333.81890100154396,
    "max_drawdown_pct": 31.895645392048177,
    "sharpe": 3.9957314749414596,
    "win_rate_pct": 52.38095238095239,
    "profit_factor": 1.4162378543802652
  },
  "win020_tr20200101-20241231_te20250101-20250331_va20250401-20250630": {
    "cumulative_return_pct": -32.5939914237302,
    "annualized_return_pct": -80.54631378173862,
    "max_drawdown_pct": 33.8330432744642,
    "sharpe": -1.2325724647174332,
    "win_rate_pct": 38.59649122807017,
    "profit_factor": 0.641573061620544
  },
  "win021_tr20200701-20250630_te20250701-20250930_va20251001-20251231": {
    "cumulative_return_pct": 34.64847322975862,
    "annualized_return_pct": 234.4586894115562,
    "max_drawdown_pct": 25.533528812364093,
    "sharpe": 2.600239691580926,
    "win_rate_pct": 41.53846153846154,
    "profit_factor": 1.3487299626272389
  }
}