{
  "size": 5,
  "models": "DLinear,FiLM,FreTS,PatchTST,iTransformer",
  "num_windows": 22,
  "mean_test_cumulative_return_pct": -10.796407998158626,
  "std_test_cumulative_return_pct": 40.963814764751156,
  "min_test_cumulative_return_pct": -73.14601640149355,
  "max_test_cumulative_return_pct": 118.2949895679031,
  "mean_test_annualized_return_pct": 96.03397489123749,
  "mean_test_max_drawdown_pct": 37.185613508101746,
  "mean_test_sharpe": 0.7600907530176461,
  "mean_test_win_rate_pct": 45.417829053327104,
  "mean_test_profit_factor": 0.8908827889479481
}