{
  "win000_tr20100101-20141231_te20150101-20150331_va20150401-20150630": {
    "cumulative_return_pct": 25.44407662071476,
    "annualized_return_pct": 164.878144009572,
    "max_drawdown_pct": 18.667130878946583,
    "sharpe": 2.168140316601727,
    "win_rate_pct": 59.64912280701754,
    "profit_factor": 1.294193389145085
  },
  "win001_tr20100701-20150630_te20150701-20150930_va20151001-20151231": {
    "cumulative_return_pct": -67.95420741169934,
    "annualized_return_pct": -99.0131434094198,
    "max_drawdown_pct": 69.69644911786519,
    "sharpe": -0.6735755206554153,
    "win_rate_pct": 49.2063492063492,
    "profit_factor": 0.6504225240267473
  },
  "win002_tr20110101-20151231_te20160101-20160331_va20160401-20160630": {
    "cumulative_return_pct": -60.18275373247653,
    "annualized_return_pct": -97.90594221598384,
    "max_drawdown_pct": 57.51711872819815,
    "sharpe": -1.1606597554957467,
    "win_rate_pct": 45.76271186440678,
    "profit_factor": 0.45170368669297206
  },
  "win003_tr20110701-20160630_te20160701-20160930_va20161001-20161231": {
    "cumulative_return_pct": 6.567980703066523,
    "annualized_return_pct": 30.216690711226946,
    "max_drawdown_pct": 30.81096993019518,
    "sharpe": 0.38215708564921236,
    "win_rate_pct": 50.79365079365079,
    "profit_factor": 1.0658342193884407
  },
  "win004_tr20120101-20161231_te20170101-20170331_va20170401-20170630": {
    "cumulative_return_pct": -17.506422194347195,
    "annualized_return_pct": -55.42322043175363,
    "max_drawdown_pct": 26.89750128684506,
    "sharpe": -0.965836332547276,
    "win_rate_pct": 52.54237288135594,
    "profit_factor": 0.7550558554420537
  },
  "win005_tr20120701-20170630_te20170701-20170930_va20171001-20171231": {
    "cumulative_return_pct": -7.792071735093149,
    "annualized_return_pct": -28.58847968217194,
    "max_drawdown_pct": 37.99064205073267,
    "sharpe": -0.5132084677530402,
    "win_rate_pct": 52.307692307692314,
    "profit_factor": 0.8942249318316522
  },
  "win006_tr20130101-20171231_te20180101-20180331_va20180401-20180630": {
    "cumulative_return_pct": 3.0794342811157227,
    "annualized_return_pct": 13.57946024268446,
    "max_drawdown_pct": 32.63765265717513,
    "sharpe": 0.12274828500067189,
    "win_rate_pct": 45.76271186440678,
    "profit_factor": 1.0315645961202962
  },
  "win007_tr20130701-20180630_te20180701-20180930_va20181001-20181231": {
    "cumulative_return_pct": -43.05546671833765,
    "annualized_return_pct": -90.33978017423054,
    "max_drawdown_pct": 48.82077291994749,
    "sharpe": -1.394363920960518,
    "win_rate_pct": 37.5,
    "profit_factor": 0.5924867181112901
  },
  "win008_tr20140101-20181231_te20190101-20190331_va20190401-20190630": {
    "cumulative_return_pct": -31.43080080584498,
    "annualized_return_pct": -79.86160067924199,
    "max_drawdown_pct": 48.9468862586261,
    "sharpe": -0.7050206056797068,
    "win_rate_pct": 50.0,
    "profit_factor": 0.7591369540213043
  },
  "win009_tr20140701-20190630_te20190701-20190930_va20191001-20191231": {
    "cumulative_return_pct": -26.090430925477808,
    "annualized_return_pct": -70.68137808016213,
    "max_drawdown_pct": 33.40545003774844,
    "sharpe": -1.3535904410385462,
    "win_rate_pct": 43.75,
    "profit_factor": 0.669321650907731
  },
  "win010_tr20150101-20191231_te20200101-20200331_va20200401-20200630": {
    "cumulative_return_pct": -28.717377923381747,
    "annualized_return_pct": -75.07386868770627,
    "max_drawdown_pct": 55.847991563653565,
    "sharpe": -0.628927445237539,
    "win_rate_pct": 44.827586206896555,
    "profit_factor": 0.8465651240382233
  },
  "win011_tr20150701-20200630_te20200701-20200930_va20201001-20201231": {
    "cumulative_return_pct": 0.7347897582159494,
    "annualized_return_pct": 3.015697493091607,
    "max_drawdown_pct": 26.55190027597062,
    "sharpe": 0.00021166881641641912,
    "win_rate_pct": 47.69230769230769,
    "profit_factor": 1.0063864772922884
  },
  "win012_tr20160101-20201231_te20210101-20210331_va20210401-20210630": {
    "cumulative_return_pct": -32.01897337069447,
    "annualized_return_pct": -80.58510481548868,
    "max_drawdown_pct": 55.03588471707419,
    "sharpe": -0.8829821066210616,
    "win_rate_pct": 46.55172413793103,
    "profit_factor": 0.6918372256761691
  },
  "win013_tr20160701-20210630_te20210701-20210930_va20211001-20211231": {
    "cumulative_return_pct": -54.05689325719245,
    "annualized_return_pct": -95.74227482279495,
    "max_drawdown_pct": 65.69276959430671,
    "sharpe": -0.8958175780297927,
    "win_rate_pct": 41.269841269841265,
    "profit_factor": 0.6689644194773389
  },
  "win014_tr20170101-20211231_te20220101-20220331_va20220401-20220630": {
    "cumulative_return_pct": -37.0577999973264,
    "annualized_return_pct": -86.0013026150869,
    "max_drawdown_pct": 42.59511641128743,
    "sharpe": -1.153227184183576,
    "win_rate_pct": 44.827586206896555,
    "profit_factor": 0.6760960757084093
  },
  "win015_tr20170701-20220630_te20220701-20220930_va20221001-20221231": {
    "cumulative_return_pct": -32.70603991929498,
    "annualized_return_pct": -80.68018262414176,
    "max_drawdown_pct": 31.85612574986012,
    "sharpe": -1.0449372151885958,
    "win_rate_pct": 37.5,
    "profit_factor": 0.7219819121410187
  },
  "win016_tr20180101-20221231_te20230101-20230331_va20230401-20230630": {
    "cumulative_return_pct": -51.90933891648943,
    "annualized_return_pct": -95.37402470248992,
    "max_drawdown_pct": 54.87519301656359,
    "sharpe": -1.859307833123571,
    "win_rate_pct": 33.89830508474576,
    "profit_factor": 0.3725116753414749
  },
  "win017_tr20180701-20230630_te20230701-20230930_va20231001-20231231": {
    "cumulative_return_pct": -20.573829026247818,
    "annualized_return_pct": -61.97933513891441,
    "max_drawdown_pct": 37.96532941529989,
    "sharpe": -1.0048559896683507,
    "win_rate_pct": 45.3125,
    "profit_factor": 0.8227506421449994
  },
  "win018_tr20190101-20231231_te20240101-20240331_va20240401-20240630": {
    "cumulative_return_pct": -26.67036301835462,
    "annualized_return_pct": -72.8101805471639,
    "max_drawdown_pct": 44.12434295779585,
    "sharpe": -0.7973393790674531,
    "win_rate_pct": 48.275862068965516,
    "profit_factor": 0.7767361151437269
  },
  "win019_tr20190701-20240630_te20240701-20240930_va20241001-20241231": {
    "cumulative_return_pct": 98.61570802859498,
    "annualized_return_pct": 1519.7146020265354,
    "max_drawdown_pct": 37.74616425785282,
    "sharpe": 15.190256356552398,
    "win_rate_pct": 58.730158730158735,
    "profit_factor": 1.5827061314768007
  },
  "win020_tr20200101-20241231_te20250101-20250331_va20250401-20250630": {
    "cumulative_return_pct": -24.4121558481193,
    "annualized_return_pct": -68.70272194482784,
    "max_drawdown_pct": 33.342982370826526,
    "sharpe": -0.7199908372227516,
    "win_rate_pct": 36.84210526315789,
    "profit_factor": 0.7973106189468647
  },
  "win021_tr20200701-20250630_te20250701-20250930_va20251001-20251231": {
    "cumulative_return_pct": 14.402752893310506,
    "annualized_return_pct": 72.64527410929212,
    "max_drawdown_pct": 22.795877064380146,
    "sharpe": 0.8918504976754211,
    "win_rate_pct": 53.84615384615385,
    "profit_factor": 1.1325512477413937
  }
}