{
  "win000_tr20100101-20141231_te20150101-20150331_va20150401-20150630": {
    "cumulative_return_pct": 28.688115555012434,
    "annualized_return_pct": 195.59230617856724,
    "max_drawdown_pct": 19.148156993202246,
    "sharpe": 2.8287286677045267,
    "win_rate_pct": 49.122807017543856,
    "profit_factor": 1.360573884401434
  },
  "win001_tr20100701-20150630_te20150701-20150930_va20151001-20151231": {
    "cumulative_return_pct": -67.33217920913704,
    "annualized_return_pct": -98.93306572372438,
    "max_drawdown_pct": 66.18927915061552,
    "sharpe": -0.7577103296852533,
    "win_rate_pct": 47.61904761904761,
    "profit_factor": 0.6199484264285796
  },
  "win002_tr20110101-20151231_te20160101-20160331_va20160401-20160630": {
    "cumulative_return_pct": -47.523101924631476,
    "annualized_return_pct": -93.32657063380391,
    "max_drawdown_pct": 42.19508514981068,
    "sharpe": -1.0051921609267276,
    "win_rate_pct": 42.3728813559322,
    "profit_factor": 0.5967188515250617
  },
  "win003_tr20110701-20160630_te20160701-20160930_va20161001-20161231": {
    "cumulative_return_pct": -14.285858206734108,
    "annualized_return_pct": -47.26125893991191,
    "max_drawdown_pct": 33.00646684057327,
    "sharpe": -0.7475111581157338,
    "win_rate_pct": 50.79365079365079,
    "profit_factor": 0.8537876954781922
  },
  "win004_tr20120101-20161231_te20170101-20170331_va20170401-20170630": {
    "cumulative_return_pct": 0.5060346306022606,
    "annualized_return_pct": 2.1417284611291665,
    "max_drawdown_pct": 19.67778226216783,
    "sharpe": -0.014351491606167624,
    "win_rate_pct": 52.54237288135594,
    "profit_factor": 1.0058965045298094
  },
  "win005_tr20120701-20170630_te20170701-20170930_va20171001-20171231": {
    "cumulative_return_pct": -22.398528111984685,
    "annualized_return_pct": -65.09418723582627,
    "max_drawdown_pct": 25.878056682000057,
    "sharpe": -1.1485345887809324,
    "win_rate_pct": 49.23076923076923,
    "profit_factor": 0.7389616997871873
  },
  "win006_tr20130101-20171231_te20180101-20180331_va20180401-20180630": {
    "cumulative_return_pct": -15.919344691180543,
    "annualized_return_pct": -51.710422763823495,
    "max_drawdown_pct": 34.16549932903013,
    "sharpe": -0.6627737915485418,
    "win_rate_pct": 45.76271186440678,
    "profit_factor": 0.846694636867786
  },
  "win007_tr20130701-20180630_te20180701-20180930_va20181001-20181231": {
    "cumulative_return_pct": -61.53247269372966,
    "annualized_return_pct": -98.10370682621877,
    "max_drawdown_pct": 61.40625432970879,
    "sharpe": -1.6940333129384244,
    "win_rate_pct": 29.6875,
    "profit_factor": 0.3646246214782906
  },
  "win008_tr20140101-20181231_te20190101-20190331_va20190401-20190630": {
    "cumulative_return_pct": 40.65406064216434,
    "annualized_return_pct": 325.81062310486357,
    "max_drawdown_pct": 39.27191841496212,
    "sharpe": 2.9818649117331057,
    "win_rate_pct": 48.275862068965516,
    "profit_factor": 1.2175227743431214
  },
  "win009_tr20140701-20190630_te20190701-20190930_va20191001-20191231": {
    "cumulative_return_pct": 125.97743083216221,
    "annualized_return_pct": 2634.7275304446484,
    "max_drawdown_pct": 15.053367828086046,
    "sharpe": 27.080611681021963,
    "win_rate_pct": 54.6875,
    "profit_factor": 1.94359785900313
  },
  "win010_tr20150101-20191231_te20200101-20200331_va20200401-20200630": {
    "cumulative_return_pct": -67.54716570070907,
    "annualized_return_pct": -99.01323496506123,
    "max_drawdown_pct": 69.51584001961648,
    "sharpe": -1.01715896636197,
    "win_rate_pct": 39.6551724137931,
    "profit_factor": 0.4599447514542894
  },
  "win011_tr20150701-20200630_te20200701-20200930_va20201001-20201231": {
    "cumulative_return_pct": -6.684121449674805,
    "annualized_return_pct": -24.47867448503317,
    "max_drawdown_pct": 36.52396366469156,
    "sharpe": -0.455714280536218,
    "win_rate_pct": 53.84615384615385,
    "profit_factor": 0.9374318644480476
  },
  "win012_tr20160101-20201231_te20210101-20210331_va20210401-20210630": {
    "cumulative_return_pct": 26.308168525474844,
    "annualized_return_pct": 169.64275279216903,
    "max_drawdown_pct": 33.62892679430719,
    "sharpe": 1.7265147637085092,
    "win_rate_pct": 50.0,
    "profit_factor": 1.193346152855991
  },
  "win013_tr20160701-20210630_te20210701-20210930_va20211001-20211231": {
    "cumulative_return_pct": -31.617068620521653,
    "annualized_return_pct": -78.61236296218446,
    "max_drawdown_pct": 49.304891796005855,
    "sharpe": -0.7303982590967432,
    "win_rate_pct": 46.03174603174603,
    "profit_factor": 0.771996220947831
  },
  "win014_tr20170101-20211231_te20220101-20220331_va20220401-20220630": {
    "cumulative_return_pct": -1.3789094481868087,
    "annualized_return_pct": -5.726597378553578,
    "max_drawdown_pct": 40.998236631615825,
    "sharpe": -0.11151642454473765,
    "win_rate_pct": 56.896551724137936,
    "profit_factor": 0.9869608547254421
  },
  "win015_tr20170701-20220630_te20220701-20220930_va20221001-20221231": {
    "cumulative_return_pct": -33.318364313182094,
    "annualized_return_pct": -81.39944435042354,
    "max_drawdown_pct": 51.71885507043588,
    "sharpe": -1.0807057801060833,
    "win_rate_pct": 48.4375,
    "profit_factor": 0.755990823813734
  },
  "win016_tr20180101-20221231_te20230101-20230331_va20230401-20230630": {
    "cumulative_return_pct": 14.637225835180562,
    "annualized_return_pct": 77.44571613117621,
    "max_drawdown_pct": 27.584003122708435,
    "sharpe": 1.0001373927409862,
    "win_rate_pct": 44.06779661016949,
    "profit_factor": 1.142572746554318
  },
  "win017_tr20180701-20230630_te20230701-20230930_va20231001-20231231": {
    "cumulative_return_pct": -4.915693047695211,
    "annualized_return_pct": -19.07272930002938,
    "max_drawdown_pct": 19.78129361438849,
    "sharpe": -0.5143030986033474,
    "win_rate_pct": 48.4375,
    "profit_factor": 0.9285706842340653
  },
  "win018_tr20190101-20231231_te20240101-20240331_va20240401-20240630": {
    "cumulative_return_pct": -31.32462158023495,
    "annualized_return_pct": -79.35352881367919,
    "max_drawdown_pct": 33.980541644937446,
    "sharpe": -1.1208066428029109,
    "win_rate_pct": 41.37931034482759,
    "profit_factor": 0.6880367301547999
  },
  "win019_tr20190701-20240630_te20240701-20240930_va20241001-20241231": {
    "cumulative_return_pct": 134.88440267008139,
    "annualized_return_pct": 3099.262498795032,
    "max_drawdown_pct": 28.726054772967096,
    "sharpe": 30.58938838976533,
    "win_rate_pct": 58.730158730158735,
    "profit_factor": 2.085025415452796
  },
  "win020_tr20200101-20241231_te20250101-20250331_va20250401-20250630": {
    "cumulative_return_pct": -27.323189720072875,
    "annualized_return_pct": -73.41026191699208,
    "max_drawdown_pct": 28.36841523716838,
    "sharpe": -1.3822415682003015,
    "win_rate_pct": 43.859649122807014,
    "profit_factor": 0.6413732744062012
  },
  "win021_tr20200701-20250630_te20250701-20250930_va20251001-20251231": {
    "cumulative_return_pct": -25.315863257157904,
    "annualized_return_pct": -69.41429821525253,
    "max_drawdown_pct": 23.92392421385862,
    "sharpe": -1.436052235925975,
    "win_rate_pct": 38.46153846153847,
    "profit_factor": 0.6885360230386961
  }
}