{
  "size": 6,
  "models": "DLinear,FiLM,PatchTST,TimeMixer,WPMixer,iTransformer",
  "num_windows": 22,
  "mean_test_cumulative_return_pct": -9.712493463960998,
  "std_test_cumulative_return_pct": 40.922855722286656,
  "min_test_cumulative_return_pct": -64.37238290777695,
  "max_test_cumulative_return_pct": 72.22719299272875,
  "mean_test_annualized_return_pct": 78.8740733717659,
  "mean_test_max_drawdown_pct": 40.511442737286664,
  "mean_test_sharpe": 0.8639857468091197,
  "mean_test_win_rate_pct": 46.94794435790198,
  "mean_test_profit_factor": 0.9354705606234929
}