{
  "win000_tr20100101-20141231_te20150101-20150331_va20150401-20150630": {
    "cumulative_return_pct": 66.41232970502854,
    "annualized_return_pct": 792.1689550171109,
    "max_drawdown_pct": 12.246805458601965,
    "sharpe": 11.342326023951847,
    "win_rate_pct": 57.89473684210527,
    "profit_factor": 1.900389727182472
  },
  "win001_tr20100701-20150630_te20150701-20150930_va20151001-20151231": {
    "cumulative_return_pct": -59.01429171033262,
    "annualized_return_pct": -97.32124288200684,
    "max_drawdown_pct": 75.47959901405571,
    "sharpe": -0.7038089897441346,
    "win_rate_pct": 47.61904761904761,
    "profit_factor": 0.7752664625423112
  },
  "win002_tr20110101-20151231_te20160101-20160331_va20160401-20160630": {
    "cumulative_return_pct": 23.394458212070514,
    "annualized_return_pct": 141.70428327061214,
    "max_drawdown_pct": 27.889067291081123,
    "sharpe": 1.2775668816818762,
    "win_rate_pct": 49.152542372881356,
    "profit_factor": 1.1516156907230055
  },
  "win003_tr20110701-20160630_te20160701-20160930_va20161001-20161231": {
    "cumulative_return_pct": 8.058533094046405,
    "annualized_return_pct": 37.94445739295056,
    "max_drawdown_pct": 39.561620815425925,
    "sharpe": 0.47431270198058473,
    "win_rate_pct": 49.2063492063492,
    "profit_factor": 1.0856756566479708
  },
  "win004_tr20120101-20161231_te20170101-20170331_va20170401-20170630": {
    "cumulative_return_pct": 26.224068177652054,
    "annualized_return_pct": 165.84147919093954,
    "max_drawdown_pct": 23.38227321542527,
    "sharpe": 2.7256551749665454,
    "win_rate_pct": 59.32203389830508,
    "profit_factor": 1.4431952455825088
  },
  "win005_tr20120701-20170630_te20170701-20170930_va20171001-20171231": {
    "cumulative_return_pct": -24.857018250711878,
    "annualized_return_pct": -69.46018211420538,
    "max_drawdown_pct": 27.711593707829756,
    "sharpe": -1.3929476372940448,
    "win_rate_pct": 46.15384615384615,
    "profit_factor": 0.6834396376668079
  },
  "win006_tr20130101-20171231_te20180101-20180331_va20180401-20180630": {
    "cumulative_return_pct": 14.560413637838954,
    "annualized_return_pct": 76.94708929702001,
    "max_drawdown_pct": 38.7693703920555,
    "sharpe": 0.7725738068415479,
    "win_rate_pct": 47.45762711864407,
    "profit_factor": 1.1517967997331717
  },
  "win007_tr20130701-20180630_te20180701-20180930_va20181001-20181231": {
    "cumulative_return_pct": -64.37238290777695,
    "annualized_return_pct": -98.62069454383152,
    "max_drawdown_pct": 64.83038003169294,
    "sharpe": -1.6948171639833052,
    "win_rate_pct": 31.25,
    "profit_factor": 0.2888642815725437
  },
  "win008_tr20140101-20181231_te20190101-20190331_va20190401-20190630": {
    "cumulative_return_pct": 59.79754457039721,
    "annualized_return_pct": 632.1181249040282,
    "max_drawdown_pct": 28.575673598455936,
    "sharpe": 6.52137522462696,
    "win_rate_pct": 55.172413793103445,
    "profit_factor": 1.360476175779101
  },
  "win009_tr20140701-20190630_te20190701-20190930_va20191001-20191231": {
    "cumulative_return_pct": -24.62411174074587,
    "annualized_return_pct": -68.24820137927583,
    "max_drawdown_pct": 29.866466587886077,
    "sharpe": -0.9639254245704415,
    "win_rate_pct": 48.4375,
    "profit_factor": 0.765329921887183
  },
  "win010_tr20150101-20191231_te20200101-20200331_va20200401-20200630": {
    "cumulative_return_pct": -32.65464061862966,
    "annualized_return_pct": -80.25822161954864,
    "max_drawdown_pct": 47.811519621035615,
    "sharpe": -0.8884609358952887,
    "win_rate_pct": 48.275862068965516,
    "profit_factor": 0.7722915693471463
  },
  "win011_tr20150701-20200630_te20200701-20200930_va20201001-20201231": {
    "cumulative_return_pct": -44.4558229478234,
    "annualized_return_pct": -90.80274853032392,
    "max_drawdown_pct": 51.797295550961685,
    "sharpe": -1.2126570262685623,
    "win_rate_pct": 43.07692307692308,
    "profit_factor": 0.6448494022664777
  },
  "win012_tr20160101-20201231_te20210101-20210331_va20210401-20210630": {
    "cumulative_return_pct": -14.144370232845482,
    "annualized_return_pct": -47.67492735363735,
    "max_drawdown_pct": 48.11073369908233,
    "sharpe": -0.6228035085648685,
    "win_rate_pct": 44.827586206896555,
    "profit_factor": 0.8495089302981625
  },
  "win013_tr20160701-20210630_te20210701-20210930_va20211001-20211231": {
    "cumulative_return_pct": -58.05192053890467,
    "annualized_return_pct": -97.05666383864478,
    "max_drawdown_pct": 67.22478732574416,
    "sharpe": -0.8458847672328826,
    "win_rate_pct": 44.44444444444444,
    "profit_factor": 0.6350119597846715
  },
  "win014_tr20170101-20211231_te20220101-20220331_va20220401-20220630": {
    "cumulative_return_pct": -14.329035126317688,
    "annualized_return_pct": -48.15124908240303,
    "max_drawdown_pct": 35.152731030582146,
    "sharpe": -0.6570082139038544,
    "win_rate_pct": 50.0,
    "profit_factor": 0.8521308717403006
  },
  "win015_tr20170701-20220630_te20220701-20220930_va20221001-20221231": {
    "cumulative_return_pct": -59.241570418875014,
    "annualized_return_pct": -97.58909044433821,
    "max_drawdown_pct": 58.72679662961716,
    "sharpe": -1.2502353558151227,
    "win_rate_pct": 37.5,
    "profit_factor": 0.4791315104871495
  },
  "win016_tr20180101-20221231_te20230101-20230331_va20230401-20230630": {
    "cumulative_return_pct": -57.43569537167673,
    "annualized_return_pct": -97.22903617482194,
    "max_drawdown_pct": 59.67056779902853,
    "sharpe": -1.637362492466287,
    "win_rate_pct": 33.89830508474576,
    "profit_factor": 0.38823418748835986
  },
  "win017_tr20180701-20230630_te20230701-20230930_va20231001-20231231": {
    "cumulative_return_pct": -26.93823585532906,
    "annualized_return_pct": -73.2247419149409,
    "max_drawdown_pct": 38.826335546320685,
    "sharpe": -1.0927615907209152,
    "win_rate_pct": 48.4375,
    "profit_factor": 0.7580144049162497
  },
  "win018_tr20190101-20231231_te20240101-20240331_va20240401-20240630": {
    "cumulative_return_pct": -8.370995283825218,
    "annualized_return_pct": -30.72062976390906,
    "max_drawdown_pct": 29.02178716956985,
    "sharpe": -0.4427159641288057,
    "win_rate_pct": 51.724137931034484,
    "profit_factor": 0.914131108025794
  },
  "win019_tr20190701-20240630_te20240701-20240930_va20241001-20241231": {
    "cumulative_return_pct": 72.22719299272875,
    "annualized_return_pct": 808.1958103401206,
    "max_drawdown_pct": 30.437688482621716,
    "sharpe": 8.541102471893998,
    "win_rate_pct": 49.2063492063492,
    "profit_factor": 1.6454831488574586
  },
  "win020_tr20200101-20241231_te20250101-20250331_va20250401-20250630": {
    "cumulative_return_pct": -19.397270309520955,
    "annualized_return_pct": -59.140010418431984,
    "max_drawdown_pct": 32.443576134437194,
    "sharpe": -0.9375030491304974,
    "win_rate_pct": 42.10526315789473,
    "profit_factor": 0.7806058010182775
  },
  "win021_tr20200701-20250630_te20250701-20250930_va20251001-20251231": {
    "cumulative_return_pct": 23.537964716410823,
    "annualized_return_pct": 135.80705482638692,
    "max_drawdown_pct": 23.715071118795326,
    "sharpe": 1.6956662635762862,
    "win_rate_pct": 47.69230769230769,
    "profit_factor": 1.2549098401697174
  }
}