{
  "win000_tr20100101-20141231_te20150101-20150331_va20150401-20150630": {
    "cumulative_return_pct": 12.082229300070694,
    "annualized_return_pct": 63.25345209001591,
    "max_drawdown_pct": 20.852537384960478,
    "sharpe": 1.0545788223517165,
    "win_rate_pct": 47.368421052631575,
    "profit_factor": 1.1854261965693345
  },
  "win001_tr20100701-20150630_te20150701-20150930_va20151001-20151231": {
    "cumulative_return_pct": -68.55753136829296,
    "annualized_return_pct": -99.08640226177758,
    "max_drawdown_pct": 72.09743661315316,
    "sharpe": -0.7050276210342111,
    "win_rate_pct": 42.857142857142854,
    "profit_factor": 0.6519268412188582
  },
  "win002_tr20110101-20151231_te20160101-20160331_va20160401-20160630": {
    "cumulative_return_pct": -45.06228987614736,
    "annualized_return_pct": -91.91081395947393,
    "max_drawdown_pct": 53.17221508363652,
    "sharpe": -1.1743899601942163,
    "win_rate_pct": 47.45762711864407,
    "profit_factor": 0.5555068114718416
  },
  "win003_tr20110701-20160630_te20160701-20160930_va20161001-20161231": {
    "cumulative_return_pct": 1.2279688634590828,
    "annualized_return_pct": 5.196231321414491,
    "max_drawdown_pct": 25.934625183661637,
    "sharpe": 0.030321984703108783,
    "win_rate_pct": 49.2063492063492,
    "profit_factor": 1.011381022076271
  },
  "win004_tr20120101-20161231_te20170101-20170331_va20170401-20170630": {
    "cumulative_return_pct": -4.128031344426679,
    "annualized_return_pct": -16.220748371848646,
    "max_drawdown_pct": 20.45674921512112,
    "sharpe": -0.32802086458191354,
    "win_rate_pct": 50.847457627118644,
    "profit_factor": 0.9424901526078012
  },
  "win005_tr20120701-20170630_te20170701-20170930_va20171001-20171231": {
    "cumulative_return_pct": -18.31510066405573,
    "annualized_return_pct": -56.81444950476243,
    "max_drawdown_pct": 24.44311459490111,
    "sharpe": -1.2469416666900555,
    "win_rate_pct": 40.0,
    "profit_factor": 0.7320602353772473
  },
  "win006_tr20130101-20171231_te20180101-20180331_va20180401-20180630": {
    "cumulative_return_pct": 25.968757164944567,
    "annualized_return_pct": 163.59130490671686,
    "max_drawdown_pct": 35.58442428266637,
    "sharpe": 1.9587949887391425,
    "win_rate_pct": 50.847457627118644,
    "profit_factor": 1.3247955110779288
  },
  "win007_tr20130701-20180630_te20180701-20180930_va20181001-20181231": {
    "cumulative_return_pct": -35.212355939279384,
    "annualized_return_pct": -83.49614225524418,
    "max_drawdown_pct": 41.020700009024274,
    "sharpe": -1.3077740287934347,
    "win_rate_pct": 45.3125,
    "profit_factor": 0.6538583495071135
  },
  "win008_tr20140101-20181231_te20190101-20190331_va20190401-20190630": {
    "cumulative_return_pct": -23.006107129377686,
    "annualized_return_pct": -67.05653682439117,
    "max_drawdown_pct": 49.90178807071979,
    "sharpe": -0.6728853871451866,
    "win_rate_pct": 48.275862068965516,
    "profit_factor": 0.7781834421035655
  },
  "win009_tr20140701-20190630_te20190701-20190930_va20191001-20191231": {
    "cumulative_return_pct": 28.810600487350275,
    "annualized_return_pct": 179.3960506320848,
    "max_drawdown_pct": 17.17192650385244,
    "sharpe": 3.2895546272173677,
    "win_rate_pct": 50.0,
    "profit_factor": 1.3585975065865485
  },
  "win010_tr20150101-20191231_te20200101-20200331_va20200401-20200630": {
    "cumulative_return_pct": 40.017855752009105,
    "annualized_return_pct": 298.0401773088841,
    "max_drawdown_pct": 35.05521671664287,
    "sharpe": 2.7357408749723278,
    "win_rate_pct": 44.827586206896555,
    "profit_factor": 1.2133003429003628
  },
  "win011_tr20150701-20200630_te20200701-20200930_va20201001-20201231": {
    "cumulative_return_pct": -19.08745893210287,
    "annualized_return_pct": -57.66518959056053,
    "max_drawdown_pct": 38.19210687412962,
    "sharpe": -0.9588574482364713,
    "win_rate_pct": 50.76923076923077,
    "profit_factor": 0.8011187641722102
  },
  "win012_tr20160101-20201231_te20210101-20210331_va20210401-20210630": {
    "cumulative_return_pct": -17.9604329449103,
    "annualized_return_pct": -56.8630722233908,
    "max_drawdown_pct": 48.55961928818012,
    "sharpe": -0.678922117687236,
    "win_rate_pct": 46.55172413793103,
    "profit_factor": 0.8309968479384615
  },
  "win013_tr20160701-20210630_te20210701-20210930_va20211001-20211231": {
    "cumulative_return_pct": -4.29536757251441,
    "annualized_return_pct": -16.32040021998773,
    "max_drawdown_pct": 32.136561580843065,
    "sharpe": -0.20277970051466573,
    "win_rate_pct": 46.03174603174603,
    "profit_factor": 0.9715726533872565
  },
  "win014_tr20170101-20211231_te20220101-20220331_va20220401-20220630": {
    "cumulative_return_pct": -6.707263063905352,
    "annualized_return_pct": -25.536928387144364,
    "max_drawdown_pct": 34.30251605359437,
    "sharpe": -0.3749719043117594,
    "win_rate_pct": 51.724137931034484,
    "profit_factor": 0.9286973192808905
  },
  "win015_tr20170701-20220630_te20220701-20220930_va20221001-20221231": {
    "cumulative_return_pct": -22.966012429251265,
    "annualized_return_pct": -66.1415175832105,
    "max_drawdown_pct": 34.95529256015914,
    "sharpe": -0.8159443025079175,
    "win_rate_pct": 45.3125,
    "profit_factor": 0.8128500437369057
  },
  "win016_tr20180101-20221231_te20230101-20230331_va20230401-20230630": {
    "cumulative_return_pct": -41.7624904418906,
    "annualized_return_pct": -89.66628307373313,
    "max_drawdown_pct": 44.984773146447154,
    "sharpe": -1.3280232068659379,
    "win_rate_pct": 30.508474576271187,
    "profit_factor": 0.5816830971584926
  },
  "win017_tr20180701-20230630_te20230701-20230930_va20231001-20231231": {
    "cumulative_return_pct": -32.07169770392007,
    "annualized_return_pct": -80.28018836981462,
    "max_drawdown_pct": 43.296646214632965,
    "sharpe": -1.595974089525558,
    "win_rate_pct": 35.9375,
    "profit_factor": 0.6658307541711161
  },
  "win018_tr20190101-20231231_te20240101-20240331_va20240401-20240630": {
    "cumulative_return_pct": 20.884029915369464,
    "annualized_return_pct": 121.7213372178847,
    "max_drawdown_pct": 40.577383153172114,
    "sharpe": 1.3606892707474962,
    "win_rate_pct": 56.896551724137936,
    "profit_factor": 1.2083089925491082
  },
  "win019_tr20190701-20240630_te20240701-20240930_va20241001-20241231": {
    "cumulative_return_pct": 87.25168890686945,
    "annualized_return_pct": 1175.2474848320726,
    "max_drawdown_pct": 23.598614244442402,
    "sharpe": 12.861237698293142,
    "win_rate_pct": 55.55555555555556,
    "profit_factor": 1.6772025167414146
  },
  "win020_tr20200101-20241231_te20250101-20250331_va20250401-20250630": {
    "cumulative_return_pct": 15.947209439058346,
    "annualized_return_pct": 84.806294622573,
    "max_drawdown_pct": 24.375816780207103,
    "sharpe": 1.0230456605081293,
    "win_rate_pct": 47.368421052631575,
    "profit_factor": 1.1272155593103663
  },
  "win021_tr20200701-20250630_te20250701-20250930_va20251001-20251231": {
    "cumulative_return_pct": -2.644588457617897,
    "annualized_return_pct": -10.306412792499831,
    "max_drawdown_pct": 22.3336932338945,
    "sharpe": -0.2221422671136548,
    "win_rate_pct": 47.69230769230769,
    "profit_factor": 0.9742530534323803
  }
}