{
  "win000_tr20100101-20141231_te20150101-20150331_va20150401-20150630": {
    "cumulative_return_pct": 34.8757830762746,
    "annualized_return_pct": 261.68787640693967,
    "max_drawdown_pct": 27.68365850424165,
    "sharpe": 3.687970861191292,
    "win_rate_pct": 43.859649122807014,
    "profit_factor": 1.4883937524476356
  },
  "win001_tr20100701-20150630_te20150701-20150930_va20151001-20151231": {
    "cumulative_return_pct": -74.19785759796302,
    "annualized_return_pct": -99.59045371491212,
    "max_drawdown_pct": 80.02598350056994,
    "sharpe": -0.7113263434983104,
    "win_rate_pct": 47.61904761904761,
    "profit_factor": 0.6508101394903804
  },
  "win002_tr20110101-20151231_te20160101-20160331_va20160401-20160630": {
    "cumulative_return_pct": -50.53842899014892,
    "annualized_return_pct": -94.79462129329421,
    "max_drawdown_pct": 55.69698770893905,
    "sharpe": -1.0700457806017472,
    "win_rate_pct": 47.45762711864407,
    "profit_factor": 0.5235243752120597
  },
  "win003_tr20110701-20160630_te20160701-20160930_va20161001-20161231": {
    "cumulative_return_pct": -18.401792061367434,
    "annualized_return_pct": -57.00436225131733,
    "max_drawdown_pct": 39.1651480354284,
    "sharpe": -0.969204909341964,
    "win_rate_pct": 49.2063492063492,
    "profit_factor": 0.7707142725339082
  },
  "win004_tr20120101-20161231_te20170101-20170331_va20170401-20170630": {
    "cumulative_return_pct": -23.102932965193887,
    "annualized_return_pct": -66.80919663618299,
    "max_drawdown_pct": 28.497605451193703,
    "sharpe": -1.3899184820677193,
    "win_rate_pct": 49.152542372881356,
    "profit_factor": 0.6800768347400563
  },
  "win005_tr20120701-20170630_te20170701-20170930_va20171001-20171231": {
    "cumulative_return_pct": -26.8019945732477,
    "annualized_return_pct": -72.60981998820012,
    "max_drawdown_pct": 29.06468781375012,
    "sharpe": -1.5163626412460618,
    "win_rate_pct": 50.76923076923077,
    "profit_factor": 0.6245573392718661
  },
  "win006_tr20130101-20171231_te20180101-20180331_va20180401-20180630": {
    "cumulative_return_pct": 52.37865483431264,
    "annualized_return_pct": 486.09225480031324,
    "max_drawdown_pct": 16.694176555542857,
    "sharpe": 5.944356892965786,
    "win_rate_pct": 57.6271186440678,
    "profit_factor": 1.6719530610418443
  },
  "win007_tr20130701-20180630_te20180701-20180930_va20181001-20181231": {
    "cumulative_return_pct": -35.81957259967889,
    "annualized_return_pct": -84.12874096022053,
    "max_drawdown_pct": 44.455431250178236,
    "sharpe": -1.3797075901080846,
    "win_rate_pct": 43.75,
    "profit_factor": 0.6491287586654862
  },
  "win008_tr20140101-20181231_te20190101-20190331_va20190401-20190630": {
    "cumulative_return_pct": -5.790148306210385,
    "annualized_return_pct": -22.378029778954055,
    "max_drawdown_pct": 37.337690173015744,
    "sharpe": -0.32602412679083187,
    "win_rate_pct": 48.275862068965516,
    "profit_factor": 0.9431151727570811
  },
  "win009_tr20140701-20190630_te20190701-20190930_va20191001-20191231": {
    "cumulative_return_pct": 38.87804594977284,
    "annualized_return_pct": 279.18808484589874,
    "max_drawdown_pct": 23.38283756956593,
    "sharpe": 4.808005645102919,
    "win_rate_pct": 54.6875,
    "profit_factor": 1.5003367815611064
  },
  "win010_tr20150101-20191231_te20200101-20200331_va20200401-20200630": {
    "cumulative_return_pct": -37.14439397048815,
    "annualized_return_pct": -85.12635386331611,
    "max_drawdown_pct": 54.30351458034909,
    "sharpe": -0.9070565010017864,
    "win_rate_pct": 46.55172413793103,
    "profit_factor": 0.7476890423804285
  },
  "win011_tr20150701-20200630_te20200701-20200930_va20201001-20201231": {
    "cumulative_return_pct": -7.92692814787305,
    "annualized_return_pct": -28.478227598010207,
    "max_drawdown_pct": 34.08184466531717,
    "sharpe": -0.4460609869552092,
    "win_rate_pct": 46.15384615384615,
    "profit_factor": 0.9292056125538606
  },
  "win012_tr20160101-20201231_te20210101-20210331_va20210401-20210630": {
    "cumulative_return_pct": -39.04978369554304,
    "annualized_return_pct": -87.7884753742773,
    "max_drawdown_pct": 59.227729228190896,
    "sharpe": -0.9585874756146282,
    "win_rate_pct": 44.827586206896555,
    "profit_factor": 0.6361831105658168
  },
  "win013_tr20160701-20210630_te20210701-20210930_va20211001-20211231": {
    "cumulative_return_pct": -23.860946074064344,
    "annualized_return_pct": -66.92318578006082,
    "max_drawdown_pct": 49.713870166524224,
    "sharpe": -0.676345457095168,
    "win_rate_pct": 49.2063492063492,
    "profit_factor": 0.8264773154213974
  },
  "win014_tr20170101-20211231_te20220101-20220331_va20220401-20220630": {
    "cumulative_return_pct": -20.98394629120744,
    "annualized_return_pct": -63.22205009063306,
    "max_drawdown_pct": 36.536850707816356,
    "sharpe": -1.071762137346033,
    "win_rate_pct": 46.55172413793103,
    "profit_factor": 0.7474043024648857
  },
  "win015_tr20170701-20220630_te20220701-20220930_va20221001-20221231": {
    "cumulative_return_pct": -3.0778390035736143,
    "annualized_return_pct": -12.168944085376287,
    "max_drawdown_pct": 23.09430762892715,
    "sharpe": -0.23288141294122242,
    "win_rate_pct": 46.875,
    "profit_factor": 0.9733441003448322
  },
  "win016_tr20180101-20221231_te20230101-20230331_va20230401-20230630": {
    "cumulative_return_pct": -19.258740291230684,
    "annualized_return_pct": -59.2655958544403,
    "max_drawdown_pct": 31.57149830308093,
    "sharpe": -1.1072620769635118,
    "win_rate_pct": 37.28813559322034,
    "profit_factor": 0.7539381553718015
  },
  "win017_tr20180701-20230630_te20230701-20230930_va20231001-20231231": {
    "cumulative_return_pct": -6.866212994650263,
    "annualized_return_pct": -25.817106965726712,
    "max_drawdown_pct": 27.828446486364566,
    "sharpe": -0.5729438587724847,
    "win_rate_pct": 43.75,
    "profit_factor": 0.9242023570093766
  },
  "win018_tr20190101-20231231_te20240101-20240331_va20240401-20240630": {
    "cumulative_return_pct": 30.45207713095362,
    "annualized_return_pct": 205.2777418554751,
    "max_drawdown_pct": 36.02055774342763,
    "sharpe": 2.3280936437380366,
    "win_rate_pct": 48.275862068965516,
    "profit_factor": 1.2755239250452213
  },
  "win019_tr20190701-20240630_te20240701-20240930_va20241001-20241231": {
    "cumulative_return_pct": 165.25701419698166,
    "annualized_return_pct": 5140.60477570016,
    "max_drawdown_pct": 19.92088681835962,
    "sharpe": 52.61335592251782,
    "win_rate_pct": 58.730158730158735,
    "profit_factor": 2.2027044242725133
  },
  "win020_tr20200101-20241231_te20250101-20250331_va20250401-20250630": {
    "cumulative_return_pct": 77.43519902583412,
    "annualized_return_pct": 980.5791376763286,
    "max_drawdown_pct": 17.01617854140768,
    "sharpe": 9.935864075830981,
    "win_rate_pct": 47.368421052631575,
    "profit_factor": 1.6959753464397476
  },
  "win021_tr20200701-20250630_te20250701-20250930_va20251001-20251231": {
    "cumulative_return_pct": -29.6373051453735,
    "annualized_return_pct": -75.98598185147536,
    "max_drawdown_pct": 27.938135171392908,
    "sharpe": -1.2901967858695464,
    "win_rate_pct": 38.46153846153847,
    "profit_factor": 0.6701939185240744
  }
}