{
  "size": 2,
  "models": "TimeMixer,WPMixer",
  "num_windows": 22,
  "mean_test_cumulative_return_pct": -25.56342254564115,
  "std_test_cumulative_return_pct": 36.27038555668291,
  "min_test_cumulative_return_pct": -74.12668913594428,
  "max_test_cumulative_return_pct": 63.33324481427138,
  "mean_test_annualized_return_pct": -3.318563630108531,
  "mean_test_max_drawdown_pct": 47.578772280605115,
  "mean_test_sharpe": -0.23689795186951973,
  "mean_test_win_rate_pct": 46.16453073986469,
  "mean_test_profit_factor": 0.7668124094844255
}