{
  "win000_tr20100101-20141231_te20150101-20150331_va20150401-20150630": {
    "cumulative_return_pct": 26.374291236179904,
    "annualized_return_pct": 173.42206259906754,
    "max_drawdown_pct": 22.20525649596047,
    "sharpe": 1.9893727998364577,
    "win_rate_pct": 49.122807017543856,
    "profit_factor": 1.258547771759159
  },
  "win001_tr20100701-20150630_te20150701-20150930_va20151001-20151231": {
    "cumulative_return_pct": -50.95941135303265,
    "annualized_return_pct": -94.45154869373762,
    "max_drawdown_pct": 57.000031233056816,
    "sharpe": -0.664898031490541,
    "win_rate_pct": 42.857142857142854,
    "profit_factor": 0.7160514761839459
  },
  "win002_tr20110101-20151231_te20160101-20160331_va20160401-20160630": {
    "cumulative_return_pct": -69.88068444418354,
    "annualized_return_pct": -99.35129393724085,
    "max_drawdown_pct": 65.8460361402485,
    "sharpe": -1.0484457050331162,
    "win_rate_pct": 44.06779661016949,
    "profit_factor": 0.4119301849576129
  },
  "win003_tr20110701-20160630_te20160701-20160930_va20161001-20161231": {
    "cumulative_return_pct": -41.33513477230517,
    "annualized_return_pct": -89.06956571902747,
    "max_drawdown_pct": 45.259041138315816,
    "sharpe": -1.197503019955398,
    "win_rate_pct": 47.61904761904761,
    "profit_factor": 0.6370799137662725
  },
  "win004_tr20120101-20161231_te20170101-20170331_va20170401-20170630": {
    "cumulative_return_pct": -38.173005719209975,
    "annualized_return_pct": -86.7166321475058,
    "max_drawdown_pct": 43.06278024259018,
    "sharpe": -1.3962611020706586,
    "win_rate_pct": 42.3728813559322,
    "profit_factor": 0.583280253354677
  },
  "win005_tr20120701-20170630_te20170701-20170930_va20171001-20171231": {
    "cumulative_return_pct": -19.813079402063135,
    "annualized_return_pct": -60.00781005835718,
    "max_drawdown_pct": 38.06262136237775,
    "sharpe": -0.7885736624787775,
    "win_rate_pct": 44.61538461538462,
    "profit_factor": 0.8159208572400839
  },
  "win006_tr20130101-20171231_te20180101-20180331_va20180401-20180630": {
    "cumulative_return_pct": -41.79585979126618,
    "annualized_return_pct": -89.69111866614934,
    "max_drawdown_pct": 53.94742377887765,
    "sharpe": -0.9801231854047091,
    "win_rate_pct": 47.45762711864407,
    "profit_factor": 0.6165478845155593
  },
  "win007_tr20130701-20180630_te20180701-20180930_va20181001-20181231": {
    "cumulative_return_pct": -52.3815339578805,
    "annualized_return_pct": -95.40183202264598,
    "max_drawdown_pct": 55.7310783842673,
    "sharpe": -1.6167123037474467,
    "win_rate_pct": 40.625,
    "profit_factor": 0.3835007426909624
  },
  "win008_tr20140101-20181231_te20190101-20190331_va20190401-20190630": {
    "cumulative_return_pct": -24.11527901617561,
    "annualized_return_pct": -69.02549743948298,
    "max_drawdown_pct": 36.503287370316855,
    "sharpe": -0.6239661750979412,
    "win_rate_pct": 43.103448275862064,
    "profit_factor": 0.847151568567169
  },
  "win009_tr20140701-20190630_te20190701-20190930_va20191001-20191231": {
    "cumulative_return_pct": -53.77902214980642,
    "annualized_return_pct": -95.63679653118933,
    "max_drawdown_pct": 57.12581516390438,
    "sharpe": -0.9435797159028935,
    "win_rate_pct": 40.625,
    "profit_factor": 0.5930657158296755
  },
  "win010_tr20150101-20191231_te20200101-20200331_va20200401-20200630": {
    "cumulative_return_pct": -51.34304131129232,
    "annualized_return_pct": -94.79927360777413,
    "max_drawdown_pct": 59.63245645390738,
    "sharpe": -0.9620586952865622,
    "win_rate_pct": 36.206896551724135,
    "profit_factor": 0.6356065858984262
  },
  "win011_tr20150701-20200630_te20200701-20200930_va20201001-20201231": {
    "cumulative_return_pct": 7.6164900452283675,
    "annualized_return_pct": 34.702262720735376,
    "max_drawdown_pct": 31.53266322719846,
    "sharpe": 0.35586265525317384,
    "win_rate_pct": 53.84615384615385,
    "profit_factor": 1.0521560688185303
  },
  "win012_tr20160101-20201231_te20210101-20210331_va20210401-20210630": {
    "cumulative_return_pct": -74.12668913594428,
    "annualized_return_pct": -99.67913093164384,
    "max_drawdown_pct": 75.36831026277883,
    "sharpe": -1.2823408812952104,
    "win_rate_pct": 27.586206896551722,
    "profit_factor": 0.3394037791852953
  },
  "win013_tr20160701-20210630_te20210701-20210930_va20211001-20211231": {
    "cumulative_return_pct": 63.33324481427138,
    "annualized_return_pct": 632.3652189151348,
    "max_drawdown_pct": 46.96295960544962,
    "sharpe": 5.194478695198983,
    "win_rate_pct": 57.14285714285714,
    "profit_factor": 1.3086806432573777
  },
  "win014_tr20170101-20211231_te20220101-20220331_va20220401-20220630": {
    "cumulative_return_pct": 10.742052846839885,
    "annualized_return_pct": 54.240919736292014,
    "max_drawdown_pct": 44.43656178207414,
    "sharpe": 0.4087389170579056,
    "win_rate_pct": 53.44827586206896,
    "profit_factor": 1.0537422985771439
  },
  "win015_tr20170701-20220630_te20220701-20220930_va20221001-20221231": {
    "cumulative_return_pct": -35.32517513007011,
    "annualized_return_pct": -83.61509989400582,
    "max_drawdown_pct": 50.53869748703305,
    "sharpe": -0.8331785251992622,
    "win_rate_pct": 50.0,
    "profit_factor": 0.7799632043339039
  },
  "win016_tr20180101-20221231_te20230101-20230331_va20230401-20230630": {
    "cumulative_return_pct": -53.30012466690395,
    "annualized_return_pct": -95.91025552508385,
    "max_drawdown_pct": 62.44954506306946,
    "sharpe": -1.0409993777511255,
    "win_rate_pct": 49.152542372881356,
    "profit_factor": 0.5770311660705026
  },
  "win017_tr20180701-20230630_te20230701-20230930_va20231001-20231231": {
    "cumulative_return_pct": -37.731338625435505,
    "annualized_return_pct": -86.31367868394287,
    "max_drawdown_pct": 38.153645816477,
    "sharpe": -1.244160509674616,
    "win_rate_pct": 45.3125,
    "profit_factor": 0.6471239083710241
  },
  "win018_tr20190101-20231231_te20240101-20240331_va20240401-20240630": {
    "cumulative_return_pct": -18.46733346560595,
    "annualized_return_pct": -57.562890969581645,
    "max_drawdown_pct": 40.089938879616355,
    "sharpe": -0.517694294632743,
    "win_rate_pct": 53.44827586206896,
    "profit_factor": 0.8691542943803289
  },
  "win019_tr20190701-20240630_te20240701-20240930_va20241001-20241231": {
    "cumulative_return_pct": 52.867335365136825,
    "annualized_return_pct": 459.7710993499812,
    "max_drawdown_pct": 20.370898452435345,
    "sharpe": 3.8028526799269855,
    "win_rate_pct": 52.38095238095239,
    "profit_factor": 1.2933426119190279
  },
  "win020_tr20200101-20241231_te20250101-20250331_va20250401-20250630": {
    "cumulative_return_pct": -50.49892636768741,
    "annualized_return_pct": -94.59896300214092,
    "max_drawdown_pct": 55.65005262263008,
    "sharpe": -1.3468007183643687,
    "win_rate_pct": 43.859649122807014,
    "profit_factor": 0.5187650005423252
  },
  "win021_tr20200701-20250630_te20250701-20250930_va20251001-20251231": {
    "cumulative_return_pct": -10.30307100289882,
    "annualized_return_pct": -35.67857535408896,
    "max_drawdown_pct": 46.80388921072718,
    "sharpe": -0.475764785017569,
    "win_rate_pct": 50.76923076923077,
    "profit_factor": 0.9318270784383569
  }
}