{
  "size": 4,
  "models": "DLinear,FiLM,FreTS,PatchTST",
  "num_windows": 22,
  "mean_test_cumulative_return_pct": -14.32106392304779,
  "std_test_cumulative_return_pct": 27.241351877847876,
  "min_test_cumulative_return_pct": -54.881969837086416,
  "max_test_cumulative_return_pct": 76.27975101826671,
  "mean_test_annualized_return_pct": 1.9216392189259672,
  "mean_test_max_drawdown_pct": 40.133489152653304,
  "mean_test_sharpe": -0.1094263974311357,
  "mean_test_win_rate_pct": 45.36781964809588,
  "mean_test_profit_factor": 0.8835806599554676
}