{
  "win000_tr20100101-20141231_te20150101-20150331_va20150401-20150630": {
    "cumulative_return_pct": 13.2641632981461,
    "annualized_return_pct": 70.78068264928798,
    "max_drawdown_pct": 15.801687157842439,
    "sharpe": 1.0430980014398679,
    "win_rate_pct": 50.877192982456144,
    "profit_factor": 1.1773559181443376
  },
  "win001_tr20100701-20150630_te20150701-20150930_va20151001-20151231": {
    "cumulative_return_pct": -48.68728331157581,
    "annualized_return_pct": -93.33198615919031,
    "max_drawdown_pct": 58.05203652678193,
    "sharpe": -0.6361439645316385,
    "win_rate_pct": 50.79365079365079,
    "profit_factor": 0.7523639532952717
  },
  "win002_tr20110101-20151231_te20160101-20160331_va20160401-20160630": {
    "cumulative_return_pct": -56.92944903728626,
    "annualized_return_pct": -97.08801912584268,
    "max_drawdown_pct": 56.205806663732496,
    "sharpe": -1.2392151565705614,
    "win_rate_pct": 40.67796610169492,
    "profit_factor": 0.42704358101083917
  },
  "win003_tr20110701-20160630_te20160701-20160930_va20161001-20161231": {
    "cumulative_return_pct": -13.346205875218473,
    "annualized_return_pct": -44.81981890465505,
    "max_drawdown_pct": 44.86340579143984,
    "sharpe": -0.5528148524514372,
    "win_rate_pct": 41.269841269841265,
    "profit_factor": 0.8787241192173306
  },
  "win004_tr20120101-20161231_te20170101-20170331_va20170401-20170630": {
    "cumulative_return_pct": -37.182721451328646,
    "annualized_return_pct": -85.80025868866635,
    "max_drawdown_pct": 45.47286912988659,
    "sharpe": -1.3606808805390525,
    "win_rate_pct": 40.67796610169492,
    "profit_factor": 0.5608880302358454
  },
  "win005_tr20120701-20170630_te20170701-20170930_va20171001-20171231": {
    "cumulative_return_pct": -37.00436418981666,
    "annualized_return_pct": -85.30991205562405,
    "max_drawdown_pct": 47.561189209771335,
    "sharpe": -1.484556998530921,
    "win_rate_pct": 38.46153846153847,
    "profit_factor": 0.5371227093488705
  },
  "win006_tr20130101-20171231_te20180101-20180331_va20180401-20180630": {
    "cumulative_return_pct": -5.73770072604263,
    "annualized_return_pct": -21.96957604225456,
    "max_drawdown_pct": 36.87808812982809,
    "sharpe": -0.2910986929992218,
    "win_rate_pct": 52.54237288135594,
    "profit_factor": 0.9552753802430054
  },
  "win007_tr20130701-20180630_te20180701-20180930_va20181001-20181231": {
    "cumulative_return_pct": -69.6762213836704,
    "annualized_return_pct": -99.29350950114531,
    "max_drawdown_pct": 71.76199660867846,
    "sharpe": -1.4917159361557772,
    "win_rate_pct": 31.25,
    "profit_factor": 0.36229976253910534
  },
  "win008_tr20140101-20181231_te20190101-20190331_va20190401-20190630": {
    "cumulative_return_pct": 33.28864725233473,
    "annualized_return_pct": 238.85052321354925,
    "max_drawdown_pct": 43.41650578631875,
    "sharpe": 1.914075862799226,
    "win_rate_pct": 46.55172413793103,
    "profit_factor": 1.2101682354229908
  },
  "win009_tr20140701-20190630_te20190701-20190930_va20191001-20191231": {
    "cumulative_return_pct": -19.12819759566478,
    "annualized_return_pct": -57.75162702864437,
    "max_drawdown_pct": 38.10951639227137,
    "sharpe": -0.6048461059619009,
    "win_rate_pct": 50.0,
    "profit_factor": 0.8546582218756568
  },
  "win010_tr20150101-20191231_te20200101-20200331_va20200401-20200630": {
    "cumulative_return_pct": -27.029837679752696,
    "annualized_return_pct": -72.56167550158669,
    "max_drawdown_pct": 50.12116645598723,
    "sharpe": -0.6370595676319136,
    "win_rate_pct": 41.37931034482759,
    "profit_factor": 0.8619796486165312
  },
  "win011_tr20150701-20200630_te20200701-20200930_va20201001-20201231": {
    "cumulative_return_pct": -42.86141036052386,
    "annualized_return_pct": -89.68334389219412,
    "max_drawdown_pct": 62.745987262226585,
    "sharpe": -0.8911318472292844,
    "win_rate_pct": 46.15384615384615,
    "profit_factor": 0.7742337130192353
  },
  "win012_tr20160101-20201231_te20210101-20210331_va20210401-20210630": {
    "cumulative_return_pct": -24.364350695890106,
    "annualized_return_pct": -69.45498575296084,
    "max_drawdown_pct": 42.58745879221226,
    "sharpe": -0.7362868566868822,
    "win_rate_pct": 39.6551724137931,
    "profit_factor": 0.8331568083802666
  },
  "win013_tr20160701-20210630_te20210701-20210930_va20211001-20211231": {
    "cumulative_return_pct": -64.16869001963909,
    "annualized_return_pct": -98.44743639545685,
    "max_drawdown_pct": 71.55000311960438,
    "sharpe": -0.9587675912778059,
    "win_rate_pct": 39.682539682539684,
    "profit_factor": 0.5368221541282522
  },
  "win014_tr20170101-20211231_te20220101-20220331_va20220401-20220630": {
    "cumulative_return_pct": 54.757791962088106,
    "annualized_return_pct": 538.957415167271,
    "max_drawdown_pct": 32.420883545361704,
    "sharpe": 5.476717289143817,
    "win_rate_pct": 58.620689655172406,
    "profit_factor": 1.4388264676643006
  },
  "win015_tr20170701-20220630_te20220701-20220930_va20221001-20221231": {
    "cumulative_return_pct": -56.60886341803996,
    "annualized_return_pct": -96.873861346843,
    "max_drawdown_pct": 54.97259873519641,
    "sharpe": -1.235420667228055,
    "win_rate_pct": 39.0625,
    "profit_factor": 0.4499257792198153
  },
  "win016_tr20180101-20221231_te20230101-20230331_va20230401-20230630": {
    "cumulative_return_pct": -5.585075523278816,
    "annualized_return_pct": -21.437777014593028,
    "max_drawdown_pct": 31.565819131658795,
    "sharpe": -0.3661423682501682,
    "win_rate_pct": 44.06779661016949,
    "profit_factor": 0.9279140649770287
  },
  "win017_tr20180701-20230630_te20230701-20230930_va20231001-20231231": {
    "cumulative_return_pct": 3.560918326079566,
    "annualized_return_pct": 15.823464216038863,
    "max_drawdown_pct": 25.38503933164778,
    "sharpe": 0.20042380213315983,
    "win_rate_pct": 56.25,
    "profit_factor": 1.0391086251111907
  },
  "win018_tr20190101-20231231_te20240101-20240331_va20240401-20240630": {
    "cumulative_return_pct": -72.1602409415308,
    "annualized_return_pct": -99.53382126714705,
    "max_drawdown_pct": 72.99057650170313,
    "sharpe": -1.2756187766652947,
    "win_rate_pct": 34.48275862068966,
    "profit_factor": 0.2829277067224865
  },
  "win019_tr20190701-20240630_te20240701-20240930_va20241001-20241231": {
    "cumulative_return_pct": 41.21076836519947,
    "annualized_return_pct": 305.70798353656414,
    "max_drawdown_pct": 30.446453395873423,
    "sharpe": 2.8535929993441096,
    "win_rate_pct": 41.269841269841265,
    "profit_factor": 1.316058134612371
  },
  "win020_tr20200101-20241231_te20250101-20250331_va20250401-20250630": {
    "cumulative_return_pct": -25.5953468945566,
    "annualized_return_pct": -70.68651558927357,
    "max_drawdown_pct": 28.04676785498561,
    "sharpe": -1.3144896374795305,
    "win_rate_pct": 43.859649122807014,
    "profit_factor": 0.6848059090833005
  },
  "win021_tr20200701-20250630_te20250701-20250930_va20251001-20251231": {
    "cumulative_return_pct": -10.99466597761797,
    "annualized_return_pct": -37.667663557796914,
    "max_drawdown_pct": 28.08345318811842,
    "sharpe": -0.6239613574652051,
    "win_rate_pct": 47.69230769230769,
    "profit_factor": 0.9136101645983145
  }
}