{
  "size": 3,
  "models": "DLinear,LightTS,TimeMixer",
  "num_windows": 22,
  "mean_test_cumulative_return_pct": -20.592908771038772,
  "std_test_cumulative_return_pct": 32.92161686257856,
  "min_test_cumulative_return_pct": -66.53894079630882,
  "max_test_cumulative_return_pct": 93.0906830082748,
  "mean_test_annualized_return_pct": 11.187860784171535,
  "mean_test_max_drawdown_pct": 42.24166133676494,
  "mean_test_sharpe": -0.19439735652207155,
  "mean_test_win_rate_pct": 43.41076051545172,
  "mean_test_profit_factor": 0.7790737187361134
}