{
  "win000_tr20100101-20141231_te20150101-20150331_va20150401-20150630": {
    "cumulative_return_pct": -10.14771464959255,
    "annualized_return_pct": -36.85893134857171,
    "max_drawdown_pct": 36.71411615645391,
    "sharpe": -0.6669699168870895,
    "win_rate_pct": 43.859649122807014,
    "profit_factor": 0.8533024714765551
  },
  "win001_tr20100701-20150630_te20150701-20150930_va20151001-20151231": {
    "cumulative_return_pct": -18.99243591759838,
    "annualized_return_pct": -57.46305615878045,
    "max_drawdown_pct": 46.618526375115565,
    "sharpe": -0.41293131722747384,
    "win_rate_pct": 49.2063492063492,
    "profit_factor": 0.9103097459491164
  },
  "win002_tr20110101-20151231_te20160101-20160331_va20160401-20160630": {
    "cumulative_return_pct": -46.2754175589992,
    "annualized_return_pct": -92.63467316034605,
    "max_drawdown_pct": 49.86012680200428,
    "sharpe": -1.211359167908111,
    "win_rate_pct": 50.847457627118644,
    "profit_factor": 0.5462263589841639
  },
  "win003_tr20110701-20160630_te20160701-20160930_va20161001-20161231": {
    "cumulative_return_pct": -47.95336526898365,
    "annualized_return_pct": -93.3492844604514,
    "max_drawdown_pct": 52.84245721648699,
    "sharpe": -1.9723885277319775,
    "win_rate_pct": 34.92063492063492,
    "profit_factor": 0.40940353096793336
  },
  "win004_tr20120101-20161231_te20170101-20170331_va20170401-20170630": {
    "cumulative_return_pct": -10.841316866297369,
    "annualized_return_pct": -38.230620985469244,
    "max_drawdown_pct": 18.728926980655373,
    "sharpe": -0.647062553298069,
    "win_rate_pct": 54.23728813559322,
    "profit_factor": 0.8650164345010607
  },
  "win005_tr20120701-20170630_te20170701-20170930_va20171001-20171231": {
    "cumulative_return_pct": -13.403708937801234,
    "annualized_return_pct": -44.971642773770135,
    "max_drawdown_pct": 24.965754175694006,
    "sharpe": -1.0378402391101602,
    "win_rate_pct": 52.307692307692314,
    "profit_factor": 0.808915595810607
  },
  "win006_tr20130101-20171231_te20180101-20180331_va20180401-20180630": {
    "cumulative_return_pct": -11.549878580031974,
    "annualized_return_pct": -40.26548806165231,
    "max_drawdown_pct": 50.90135578578763,
    "sharpe": -0.4825618067190154,
    "win_rate_pct": 44.06779661016949,
    "profit_factor": 0.8672644265488068
  },
  "win007_tr20130701-20180630_te20180701-20180930_va20181001-20181231": {
    "cumulative_return_pct": -50.22711129036244,
    "annualized_return_pct": -94.47479810868035,
    "max_drawdown_pct": 54.7746909588244,
    "sharpe": -1.628754384507811,
    "win_rate_pct": 39.0625,
    "profit_factor": 0.46369077982125345
  },
  "win008_tr20140101-20181231_te20190101-20190331_va20190401-20190630": {
    "cumulative_return_pct": -46.46965660267814,
    "annualized_return_pct": -92.96378537352795,
    "max_drawdown_pct": 49.67538781593638,
    "sharpe": -1.0155349886447422,
    "win_rate_pct": 37.93103448275862,
    "profit_factor": 0.6075472523158315
  },
  "win009_tr20140701-20190630_te20190701-20190930_va20191001-20191231": {
    "cumulative_return_pct": -19.897682955741686,
    "annualized_return_pct": -59.359446791664794,
    "max_drawdown_pct": 26.863717008985095,
    "sharpe": -1.1447469869713602,
    "win_rate_pct": 50.0,
    "profit_factor": 0.7570200916534523
  },
  "win010_tr20150101-20191231_te20200101-20200331_va20200401-20200630": {
    "cumulative_return_pct": -41.3655595568558,
    "annualized_return_pct": -88.81812431452293,
    "max_drawdown_pct": 65.76295620767374,
    "sharpe": -0.7725571630595692,
    "win_rate_pct": 41.37931034482759,
    "profit_factor": 0.8048430668401864
  },
  "win011_tr20150701-20200630_te20200701-20200930_va20201001-20201231": {
    "cumulative_return_pct": -23.763628746877774,
    "annualized_return_pct": -66.75127511023528,
    "max_drawdown_pct": 33.27351245519734,
    "sharpe": -0.9943468942155601,
    "win_rate_pct": 41.53846153846154,
    "profit_factor": 0.7821629688120196
  },
  "win012_tr20160101-20201231_te20210101-20210331_va20210401-20210630": {
    "cumulative_return_pct": -34.664100186012405,
    "annualized_return_pct": -83.59663967703392,
    "max_drawdown_pct": 43.97345649324754,
    "sharpe": -0.8834299173670438,
    "win_rate_pct": 31.03448275862069,
    "profit_factor": 0.7077473758745507
  },
  "win013_tr20160701-20210630_te20210701-20210930_va20211001-20211231": {
    "cumulative_return_pct": -66.53894079630882,
    "annualized_return_pct": -98.82395604929572,
    "max_drawdown_pct": 68.66054995755994,
    "sharpe": -1.1492084147694124,
    "win_rate_pct": 42.857142857142854,
    "profit_factor": 0.44291866047838074
  },
  "win014_tr20170101-20211231_te20220101-20220331_va20220401-20220630": {
    "cumulative_return_pct": -6.586532345513987,
    "annualized_return_pct": -25.12680449751906,
    "max_drawdown_pct": 28.27549074394444,
    "sharpe": -0.34298825091425705,
    "win_rate_pct": 41.37931034482759,
    "profit_factor": 0.9327197855368398
  },
  "win015_tr20170701-20220630_te20220701-20220930_va20221001-20221231": {
    "cumulative_return_pct": -21.655703006606863,
    "annualized_return_pct": -63.68630542380045,
    "max_drawdown_pct": 31.634875912527544,
    "sharpe": -0.8927458509755098,
    "win_rate_pct": 46.875,
    "profit_factor": 0.7638059938532697
  },
  "win016_tr20180101-20221231_te20230101-20230331_va20230401-20230630": {
    "cumulative_return_pct": -6.338732666148315,
    "annualized_return_pct": -24.03716577722309,
    "max_drawdown_pct": 26.715335268777896,
    "sharpe": -0.4061724970358512,
    "win_rate_pct": 44.06779661016949,
    "profit_factor": 0.9270209853924167
  },
  "win017_tr20180701-20230630_te20230701-20230930_va20231001-20231231": {
    "cumulative_return_pct": -57.08701513729708,
    "annualized_return_pct": -97.13248230743034,
    "max_drawdown_pct": 63.129541451724215,
    "sharpe": -1.4036857312386033,
    "win_rate_pct": 34.375,
    "profit_factor": 0.4901851447203053
  },
  "win018_tr20190101-20231231_te20240101-20240331_va20240401-20240630": {
    "cumulative_return_pct": -14.860186397552782,
    "annualized_return_pct": -49.10468811847508,
    "max_drawdown_pct": 56.06658990910041,
    "sharpe": -0.5236128906885231,
    "win_rate_pct": 43.103448275862064,
    "profit_factor": 0.8372070814826046
  },
  "win019_tr20190701-20240630_te20240701-20240930_va20241001-20241231": {
    "cumulative_return_pct": 93.0906830082748,
    "annualized_return_pct": 1344.4904844036073,
    "max_drawdown_pct": 37.77016596924436,
    "sharpe": 11.551366166863966,
    "win_rate_pct": 49.2063492063492,
    "profit_factor": 1.4314796321665724
  },
  "win020_tr20200101-20241231_te20250101-20250331_va20250401-20250630": {
    "cumulative_return_pct": -31.578652068730523,
    "annualized_return_pct": -79.30089318544489,
    "max_drawdown_pct": 33.694021120438876,
    "sharpe": -0.9109658723917716,
    "win_rate_pct": 35.08771929824561,
    "profit_factor": 0.6865478376453511
  },
  "win021_tr20200701-20250630_te20250701-20250930_va20251001-20251231": {
    "cumulative_return_pct": 34.06266356486317,
    "annualized_return_pct": 228.5925145320617,
    "max_drawdown_pct": 28.4149946434488,
    "sharpe": 2.67175536131237,
    "win_rate_pct": 47.69230769230769,
    "profit_factor": 1.244286591363218
  }
}