{
  "size": 2,
  "models": "FiLM,FreTS",
  "num_windows": 22,
  "mean_test_cumulative_return_pct": -5.050576927624247,
  "std_test_cumulative_return_pct": 46.60119924734262,
  "min_test_cumulative_return_pct": -68.58711435957909,
  "max_test_cumulative_return_pct": 142.67561047382043,
  "mean_test_annualized_return_pct": 194.03078186576707,
  "mean_test_max_drawdown_pct": 39.181097159943015,
  "mean_test_sharpe": 2.2620495938799374,
  "mean_test_win_rate_pct": 47.27001914607654,
  "mean_test_profit_factor": 0.9751806333745964
}