{
  "win000_tr20100101-20141231_te20150101-20150331_va20150401-20150630": {
    "cumulative_return_pct": 44.731784746658825,
    "annualized_return_pct": 389.7253653170458,
    "max_drawdown_pct": 29.13963331055895,
    "sharpe": 4.343839483967667,
    "win_rate_pct": 50.877192982456144,
    "profit_factor": 1.3879226980053767
  },
  "win001_tr20100701-20150630_te20150701-20150930_va20151001-20151231": {
    "cumulative_return_pct": -68.58711435957909,
    "annualized_return_pct": -99.08988566139809,
    "max_drawdown_pct": 70.15310747822613,
    "sharpe": -0.7606048840067223,
    "win_rate_pct": 46.03174603174603,
    "profit_factor": 0.6076646730209028
  },
  "win002_tr20110101-20151231_te20160101-20160331_va20160401-20160630": {
    "cumulative_return_pct": -68.38155582747724,
    "annualized_return_pct": -99.20455115583316,
    "max_drawdown_pct": 63.881759768491655,
    "sharpe": -1.0612022638105352,
    "win_rate_pct": 45.76271186440678,
    "profit_factor": 0.39436021739215943
  },
  "win003_tr20110701-20160630_te20160701-20160930_va20161001-20161231": {
    "cumulative_return_pct": 14.657619764469912,
    "annualized_return_pct": 76.4232739205672,
    "max_drawdown_pct": 30.43727795803469,
    "sharpe": 0.879368658473973,
    "win_rate_pct": 55.55555555555556,
    "profit_factor": 1.1201638165969812
  },
  "win004_tr20120101-20161231_te20170101-20170331_va20170401-20170630": {
    "cumulative_return_pct": -16.227163116381796,
    "annualized_return_pct": -52.44829256323782,
    "max_drawdown_pct": 24.356603451331672,
    "sharpe": -0.7714250009863359,
    "win_rate_pct": 49.152542372881356,
    "profit_factor": 0.8338742175626028
  },
  "win005_tr20120701-20170630_te20170701-20170930_va20171001-20171231": {
    "cumulative_return_pct": 17.86784177817821,
    "annualized_return_pct": 97.84778433063937,
    "max_drawdown_pct": 18.86683938445628,
    "sharpe": 1.6569959724793315,
    "win_rate_pct": 53.84615384615385,
    "profit_factor": 1.2199526846983357
  },
  "win006_tr20130101-20171231_te20180101-20180331_va20180401-20180630": {
    "cumulative_return_pct": 2.96123658858072,
    "annualized_return_pct": 13.0336881465968,
    "max_drawdown_pct": 29.422893218697947,
    "sharpe": 0.13168957846820908,
    "win_rate_pct": 45.76271186440678,
    "profit_factor": 1.0310370262719746
  },
  "win007_tr20130701-20180630_te20180701-20180930_va20181001-20181231": {
    "cumulative_return_pct": -28.98685246990464,
    "annualized_return_pct": -75.84698242723724,
    "max_drawdown_pct": 35.085511557545786,
    "sharpe": -1.2302565322444643,
    "win_rate_pct": 48.4375,
    "profit_factor": 0.6887882225566422
  },
  "win008_tr20140101-20181231_te20190101-20190331_va20190401-20190630": {
    "cumulative_return_pct": -32.75418408816124,
    "annualized_return_pct": -81.46133915340663,
    "max_drawdown_pct": 42.60214341752233,
    "sharpe": -0.9777801244996204,
    "win_rate_pct": 37.93103448275862,
    "profit_factor": 0.7134682960705355
  },
  "win009_tr20140701-20190630_te20190701-20190930_va20191001-20191231": {
    "cumulative_return_pct": -61.32586381630518,
    "annualized_return_pct": -97.88351420332808,
    "max_drawdown_pct": 61.42817347502738,
    "sharpe": -1.0543289782011884,
    "win_rate_pct": 43.75,
    "profit_factor": 0.45744687176540444
  },
  "win010_tr20150101-20191231_te20200101-20200331_va20200401-20200630": {
    "cumulative_return_pct": 21.059540598920083,
    "annualized_return_pct": 119.08991597958396,
    "max_drawdown_pct": 32.5359267850558,
    "sharpe": 1.0808460560855353,
    "win_rate_pct": 48.275862068965516,
    "profit_factor": 1.1127827252620612
  },
  "win011_tr20150701-20200630_te20200701-20200930_va20201001-20201231": {
    "cumulative_return_pct": -54.04597702499596,
    "annualized_return_pct": -95.73816772033229,
    "max_drawdown_pct": 58.981299476793424,
    "sharpe": -1.0859533765910114,
    "win_rate_pct": 35.38461538461539,
    "profit_factor": 0.5035455224790867
  },
  "win012_tr20160101-20201231_te20210101-20210331_va20210401-20210630": {
    "cumulative_return_pct": -5.811515044777794,
    "annualized_return_pct": -22.452770697941038,
    "max_drawdown_pct": 50.15174812572285,
    "sharpe": -0.2089038223391143,
    "win_rate_pct": 44.827586206896555,
    "profit_factor": 0.9685640727033112
  },
  "win013_tr20160701-20210630_te20210701-20210930_va20211001-20211231": {
    "cumulative_return_pct": -7.281808514355309,
    "annualized_return_pct": -26.422601236721977,
    "max_drawdown_pct": 51.64094062155614,
    "sharpe": -0.2881478911255089,
    "win_rate_pct": 50.79365079365079,
    "profit_factor": 0.9606026138142312
  },
  "win014_tr20170101-20211231_te20220101-20220331_va20220401-20220630": {
    "cumulative_return_pct": 29.50201465236472,
    "annualized_return_pct": 199.81188500641963,
    "max_drawdown_pct": 35.58016751040606,
    "sharpe": 2.0478557490180274,
    "win_rate_pct": 55.172413793103445,
    "profit_factor": 1.1784735745523807
  },
  "win015_tr20170701-20220630_te20220701-20220930_va20221001-20221231": {
    "cumulative_return_pct": -18.15768743549895,
    "annualized_return_pct": -56.46798107596046,
    "max_drawdown_pct": 43.57048392879919,
    "sharpe": -0.6992243751454049,
    "win_rate_pct": 42.1875,
    "profit_factor": 0.872553367623879
  },
  "win016_tr20180101-20221231_te20230101-20230331_va20230401-20230630": {
    "cumulative_return_pct": -11.030293722491548,
    "annualized_return_pct": -38.77841457898643,
    "max_drawdown_pct": 24.06112439379666,
    "sharpe": -0.5271881162556342,
    "win_rate_pct": 50.847457627118644,
    "profit_factor": 0.8995047770223573
  },
  "win017_tr20180701-20230630_te20230701-20230930_va20231001-20231231": {
    "cumulative_return_pct": 40.14688521168844,
    "annualized_return_pct": 312.47512197777166,
    "max_drawdown_pct": 14.276865548053932,
    "sharpe": 4.7533659489725455,
    "win_rate_pct": 53.125,
    "profit_factor": 1.4515332316497718
  },
  "win018_tr20190101-20231231_te20240101-20240331_va20240401-20240630": {
    "cumulative_return_pct": -60.12384440696018,
    "annualized_return_pct": -97.89290454960303,
    "max_drawdown_pct": 60.96027643047394,
    "sharpe": -1.215137499940145,
    "win_rate_pct": 43.103448275862064,
    "profit_factor": 0.4367681916304018
  },
  "win019_tr20190701-20240630_te20240701-20240930_va20241001-20241231": {
    "cumulative_return_pct": 10.658631109108892,
    "annualized_return_pct": 50.83668628108333,
    "max_drawdown_pct": 41.260625192186,
    "sharpe": 0.40805580834941046,
    "win_rate_pct": 39.682539682539684,
    "profit_factor": 1.0899692234351583
  },
  "win020_tr20200101-20241231_te20250101-20250331_va20250401-20250630": {
    "cumulative_return_pct": 142.67561047382043,
    "annualized_return_pct": 3863.4848975315927,
    "max_drawdown_pct": 13.004647215917778,
    "sharpe": 44.48794982574674,
    "win_rate_pct": 57.89473684210527,
    "profit_factor": 2.5441686417127665
  },
  "win021_tr20200701-20250630_te20250701-20250930_va20251001-20251231": {
    "cumulative_return_pct": -2.659997504634771,
    "annualized_return_pct": -10.364012420438574,
    "max_drawdown_pct": 30.586089270091467,
    "sharpe": -0.14472315105713096,
    "win_rate_pct": 41.53846153846154,
    "profit_factor": 0.9808292684147981
  }
}